Clave año_mes;Tipo;FECHA;Hora;Bloque_15min;Hora_Mensual_15min;FECHA_HORA;UNIDAD GENERADORA;RCO;Prorrata_CPF(+);Prorrata_CPF(-);Prorrata_CSF(+);Prorrata_CSF(-);Prorrata_CTF(+);Prorrata_CTF(-);Prorrata_CPF;Prorrata_CSF;Prorrata_CTF
2512;CO;01-12-2025;10;38;38;01-12-2025 9:15;CANUTILLAR-1;3202.189645;0.912266283;0.087733717;0;0;0;0;1;0;0
2512;CO;01-12-2025;10;39;39;01-12-2025 9:30;CANUTILLAR-1;3382.51529;0.912266283;0.087733717;0;0;0;0;1;0;0
2512;CO;01-12-2025;10;40;40;01-12-2025 9:45;CANUTILLAR-1;4885.268095;0.912266283;0.087733717;0;0;0;0;1;0;0
2512;CO;01-12-2025;12;45;45;01-12-2025 11:00;CANUTILLAR-1;8418.733933;1;0;0;0;0;0;1;0;0
2512;CO;01-12-2025;12;46;46;01-12-2025 11:15;CANUTILLAR-1;349.0109554;1;0;0;0;0;0;1;0;0
2512;CO;01-12-2025;12;47;47;01-12-2025 11:30;CANUTILLAR-1;2185.399221;1;0;0;0;0;0;1;0;0
2512;CO;01-12-2025;12;48;48;01-12-2025 11:45;CANUTILLAR-1;1642.236439;1;0;0;0;0;0;1;0;0
2512;CO;01-12-2025;13;49;49;01-12-2025 12:00;CANUTILLAR-1;277.8847026;1;0;0;0;0;0;1;0;0
2512;CO;01-12-2025;13;50;50;01-12-2025 12:15;CANUTILLAR-1;582.0185797;1;0;0;0;0;0;1;0;0
2512;CO;01-12-2025;13;51;51;01-12-2025 12:30;CANUTILLAR-1;61.22208883;1;0;0;0;0;0;1;0;0
2512;CO;01-12-2025;14;53;53;01-12-2025 13:00;CANUTILLAR-1;0;1;0;0;0;0;0;1;0;0
2512;CO;01-12-2025;14;54;54;01-12-2025 13:15;CANUTILLAR-1;0;1;0;0;0;0;0;1;0;0
2512;CO;01-12-2025;15;58;58;01-12-2025 14:15;CANUTILLAR-1;0;1;0;0;0;0;0;1;0;0
2512;CO;01-12-2025;15;59;59;01-12-2025 14:30;CANUTILLAR-1;0;1;0;0;0;0;0;1;0;0
2512;CO;01-12-2025;15;60;60;01-12-2025 14:45;CANUTILLAR-1;0;1;0;0;0;0;0;1;0;0
2512;CO;01-12-2025;16;61;61;01-12-2025 15:00;CANUTILLAR-1;4225.500955;1;0;0;0;0;0;1;0;0
2512;CO;01-12-2025;16;62;62;01-12-2025 15:15;CANUTILLAR-1;6903.51786;1;0;0;0;0;0;1;0;0
2512;CO;01-12-2025;16;63;63;01-12-2025 15:30;CANUTILLAR-1;2243.074267;1;0;0;0;0;0;1;0;0
2512;CO;01-12-2025;16;64;64;01-12-2025 15:45;CANUTILLAR-1;364.9643842;1;0;0;0;0;0;1;0;0
2512;CO;01-12-2025;17;65;65;01-12-2025 16:00;CANUTILLAR-1;0;1;0;0;0;0;0;1;0;0
2512;CO;02-12-2025;20;77;173;02-12-2025 19:00;CANUTILLAR-1;10662.45192;0.628363834;0;0;0;0.371636166;0;0.628363834;0;0.371636166
2512;CO;02-12-2025;22;85;181;02-12-2025 21:00;CANUTILLAR-1;24063.65487;0.670812777;0.179751453;0;0;0.14943577;0;0.85056423;0;0.14943577
2512;CO;02-12-2025;22;88;184;02-12-2025 21:45;CANUTILLAR-1;2452.489671;0.670812777;0.179751453;0;0;0.14943577;0;0.85056423;0;0.14943577
2512;CO;02-12-2025;23;89;185;02-12-2025 22:00;CANUTILLAR-1;961.8805682;0.608879273;0;0;0;0.391120727;0;0.608879273;0;0.391120727
2512;CO;02-12-2025;24;96;192;02-12-2025 23:45;CANUTILLAR-1;4892.282872;0.619641977;0.380358023;0;0;0;0;1;0;0
2512;CO;03-12-2025;8;30;222;03-12-2025 7:15;CANUTILLAR-1;3850.614321;0.658296134;0.341703866;0;0;0;0;1;0;0
2512;CO;03-12-2025;8;31;223;03-12-2025 7:30;CANUTILLAR-1;9047.50025;0.658296134;0.341703866;0;0;0;0;1;0;0
2512;CO;03-12-2025;9;34;226;03-12-2025 8:15;CANUTILLAR-1;0;0;0;0;0;0;0;0;0;0
2512;CO;04-12-2025;10;37;325;04-12-2025 9:00;CANUTILLAR-1;4811.584227;0.605608416;0;0;0.394391584;0;0;0.605608416;0.394391584;0
2512;CO;04-12-2025;10;38;326;04-12-2025 9:15;CANUTILLAR-1;1967.924054;0.605608416;0;0;0.394391584;0;0;0.605608416;0.394391584;0
2512;CO;04-12-2025;10;39;327;04-12-2025 9:30;CANUTILLAR-1;841.1859127;0.605608416;0;0;0.394391584;0;0;0.605608416;0.394391584;0
2512;CO;04-12-2025;10;40;328;04-12-2025 9:45;CANUTILLAR-1;2379.260826;0.605608416;0;0;0.394391584;0;0;0.605608416;0.394391584;0
2512;CO;05-12-2025;9;33;417;05-12-2025 8:00;CANUTILLAR-1;6589.251924;0.310394839;0.689605161;0;0;0;0;1;0;0
2512;CO;05-12-2025;14;55;439;05-12-2025 13:30;CANUTILLAR-1;1013.129672;1;0;0;0;0;0;1;0;0
2512;CO;08-12-2025;13;49;721;08-12-2025 12:00;CANUTILLAR-1;0;1;0;0;0;0;0;1;0;0
2512;CO;08-12-2025;24;93;765;08-12-2025 23:00;CANUTILLAR-1;55120.45376;0;0;0;1;0;0;0;1;0
2512;CO;08-12-2025;24;94;766;08-12-2025 23:15;CANUTILLAR-1;65229.34562;0;0;0;1;0;0;0;1;0
2512;CO;08-12-2025;24;95;767;08-12-2025 23:30;CANUTILLAR-1;50373.48564;0;0;0;1;0;0;0;1;0
2512;CO;09-12-2025;8;29;797;09-12-2025 7:00;CANUTILLAR-1;339690.7581;0;0;1;0;0;0;0;1;0
2512;CO;09-12-2025;9;33;801;09-12-2025 8:00;CANUTILLAR-1;25820.92971;1;0;0;0;0;0;1;0;0
2512;CO;09-12-2025;9;34;802;09-12-2025 8:15;CANUTILLAR-1;18732.80096;1;0;0;0;0;0;1;0;0
2512;CO;09-12-2025;9;35;803;09-12-2025 8:30;CANUTILLAR-1;82531.19249;1;0;0;0;0;0;1;0;0
2512;CO;09-12-2025;9;36;804;09-12-2025 8:45;CANUTILLAR-1;430411.65;1;0;0;0;0;0;1;0;0
2512;CO;09-12-2025;10;37;805;09-12-2025 9:00;CANUTILLAR-1;514337.6023;1;0;0;0;0;0;1;0;0
2512;CO;09-12-2025;10;38;806;09-12-2025 9:15;CANUTILLAR-1;536755.7597;1;0;0;0;0;0;1;0;0
2512;CO;09-12-2025;10;39;807;09-12-2025 9:30;CANUTILLAR-1;524316.3945;1;0;0;0;0;0;1;0;0
2512;CO;09-12-2025;10;40;808;09-12-2025 9:45;CANUTILLAR-1;527187.028;1;0;0;0;0;0;1;0;0
2512;CO;09-12-2025;11;41;809;09-12-2025 10:00;CANUTILLAR-1;464994.1422;1;0;0;0;0;0;1;0;0
2512;CO;09-12-2025;11;42;810;09-12-2025 10:15;CANUTILLAR-1;469205.207;1;0;0;0;0;0;1;0;0
2512;CO;09-12-2025;11;43;811;09-12-2025 10:30;CANUTILLAR-1;471782.1196;1;0;0;0;0;0;1;0;0
2512;CO;09-12-2025;11;44;812;09-12-2025 10:45;CANUTILLAR-1;461600.1212;1;0;0;0;0;0;1;0;0
2512;CO;09-12-2025;12;45;813;09-12-2025 11:00;CANUTILLAR-1;343056.3107;1;0;0;0;0;0;1;0;0
2512;CO;09-12-2025;12;46;814;09-12-2025 11:15;CANUTILLAR-1;341781.5474;1;0;0;0;0;0;1;0;0
2512;CO;09-12-2025;12;47;815;09-12-2025 11:30;CANUTILLAR-1;345651.3337;1;0;0;0;0;0;1;0;0
2512;CO;09-12-2025;12;48;816;09-12-2025 11:45;CANUTILLAR-1;342145.7755;1;0;0;0;0;0;1;0;0
2512;CO;09-12-2025;13;49;817;09-12-2025 12:00;CANUTILLAR-1;508840.3306;1;0;0;0;0;0;1;0;0
2512;CO;09-12-2025;13;50;818;09-12-2025 12:15;CANUTILLAR-1;504168.4713;1;0;0;0;0;0;1;0;0
2512;CO;09-12-2025;13;51;819;09-12-2025 12:30;CANUTILLAR-1;516672.5818;1;0;0;0;0;0;1;0;0
2512;CO;09-12-2025;13;52;820;09-12-2025 12:45;CANUTILLAR-1;501008.0793;1;0;0;0;0;0;1;0;0
2512;CO;09-12-2025;14;53;821;09-12-2025 13:00;CANUTILLAR-1;187212.9615;0.447430299;0;0;0.552569701;0;0;0.447430299;0.552569701;0
2512;CO;09-12-2025;14;54;822;09-12-2025 13:15;CANUTILLAR-1;203966.09;0.447430299;0;0;0.552569701;0;0;0.447430299;0.552569701;0
2512;CO;09-12-2025;14;55;823;09-12-2025 13:30;CANUTILLAR-1;188457.7705;0.447430299;0;0;0.552569701;0;0;0.447430299;0.552569701;0
2512;CO;09-12-2025;14;56;824;09-12-2025 13:45;CANUTILLAR-1;186823.957;0.447430299;0;0;0.552569701;0;0;0.447430299;0.552569701;0
2512;CO;09-12-2025;15;57;825;09-12-2025 14:00;CANUTILLAR-1;534750.3265;1;0;0;0;0;0;1;0;0
2512;CO;09-12-2025;15;58;826;09-12-2025 14:15;CANUTILLAR-1;541049.3653;1;0;0;0;0;0;1;0;0
2512;CO;09-12-2025;15;59;827;09-12-2025 14:30;CANUTILLAR-1;547149.4667;1;0;0;0;0;0;1;0;0
2512;CO;09-12-2025;15;60;828;09-12-2025 14:45;CANUTILLAR-1;521290.2549;1;0;0;0;0;0;1;0;0
2512;CO;09-12-2025;16;61;829;09-12-2025 15:00;CANUTILLAR-1;424448.9972;1;0;0;0;0;0;1;0;0
2512;CO;09-12-2025;16;62;830;09-12-2025 15:15;CANUTILLAR-1;237465.3171;1;0;0;0;0;0;1;0;0
2512;CO;09-12-2025;16;63;831;09-12-2025 15:30;CANUTILLAR-1;255275.2995;1;0;0;0;0;0;1;0;0
2512;CO;09-12-2025;16;64;832;09-12-2025 15:45;CANUTILLAR-1;280811.8318;1;0;0;0;0;0;1;0;0
2512;CO;09-12-2025;20;79;847;09-12-2025 19:30;CANUTILLAR-1;33263.93276;0.362471741;0;0;0;0.637528259;0;0.362471741;0;0.637528259
2512;CO;09-12-2025;20;80;848;09-12-2025 19:45;CANUTILLAR-1;99957.14247;0.362471741;0;0;0;0.637528259;0;0.362471741;0;0.637528259
2512;CO;09-12-2025;21;81;849;09-12-2025 20:00;CANUTILLAR-1;112821.8945;0;0;0;1;0;0;0;1;0
2512;CO;09-12-2025;21;82;850;09-12-2025 20:15;CANUTILLAR-1;111025.5205;0;0;0;1;0;0;0;1;0
2512;CO;09-12-2025;21;83;851;09-12-2025 20:30;CANUTILLAR-1;215456.0908;0;0;0;1;0;0;0;1;0
2512;CO;09-12-2025;21;84;852;09-12-2025 20:45;CANUTILLAR-1;262181.3809;0;0;0;1;0;0;0;1;0
2512;CO;09-12-2025;22;85;853;09-12-2025 21:00;CANUTILLAR-1;235605.4191;0.337562052;0;0;0.662437948;0;0;0.337562052;0.662437948;0
2512;CO;09-12-2025;22;86;854;09-12-2025 21:15;CANUTILLAR-1;236894.6391;0.337562052;0;0;0.662437948;0;0;0.337562052;0.662437948;0
2512;CO;09-12-2025;22;87;855;09-12-2025 21:30;CANUTILLAR-1;239473.0964;0.337562052;0;0;0.662437948;0;0;0.337562052;0.662437948;0
2512;CO;09-12-2025;22;88;856;09-12-2025 21:45;CANUTILLAR-1;238706.528;0.337562052;0;0;0.662437948;0;0;0.337562052;0.662437948;0
2512;CO;09-12-2025;23;89;857;09-12-2025 22:00;CANUTILLAR-1;463566.2949;0.915584908;0;0;0.084415092;0;0;0.915584908;0.084415092;0
2512;CO;09-12-2025;23;90;858;09-12-2025 22:15;CANUTILLAR-1;548365.0409;0.915584908;0;0;0.084415092;0;0;0.915584908;0.084415092;0
2512;CO;09-12-2025;23;91;859;09-12-2025 22:30;CANUTILLAR-1;543925.8345;0.915584908;0;0;0.084415092;0;0;0.915584908;0.084415092;0
2512;CO;09-12-2025;23;92;860;09-12-2025 22:45;CANUTILLAR-1;517589.2785;0.915584908;0;0;0.084415092;0;0;0.915584908;0.084415092;0
2512;CO;09-12-2025;24;93;861;09-12-2025 23:00;CANUTILLAR-1;414434.5314;0.900737938;0;0;0.099262062;0;0;0.900737938;0.099262062;0
2512;CO;09-12-2025;24;94;862;09-12-2025 23:15;CANUTILLAR-1;419016.5557;0.900737938;0;0;0.099262062;0;0;0.900737938;0.099262062;0
2512;CO;09-12-2025;24;95;863;09-12-2025 23:30;CANUTILLAR-1;418048.4133;0.900737938;0;0;0.099262062;0;0;0.900737938;0.099262062;0
2512;CO;09-12-2025;24;96;864;09-12-2025 23:45;CANUTILLAR-1;306151.6312;0.900737938;0;0;0.099262062;0;0;0.900737938;0.099262062;0
2512;CO;10-12-2025;1;1;865;10-12-2025 0:00;CANUTILLAR-1;106571.4245;1;0;0;0;0;0;1;0;0
2512;CO;10-12-2025;1;2;866;10-12-2025 0:15;CANUTILLAR-1;108026.44;1;0;0;0;0;0;1;0;0
2512;CO;10-12-2025;1;3;867;10-12-2025 0:30;CANUTILLAR-1;108363.4908;1;0;0;0;0;0;1;0;0
2512;CO;10-12-2025;1;4;868;10-12-2025 0:45;CANUTILLAR-1;198038.7848;1;0;0;0;0;0;1;0;0
2512;CO;10-12-2025;2;5;869;10-12-2025 1:00;CANUTILLAR-1;476504.3233;0.949562004;0.050437996;0;0;0;0;1;0;0
2512;CO;10-12-2025;2;6;870;10-12-2025 1:15;CANUTILLAR-1;473557.0072;0.949562004;0.050437996;0;0;0;0;1;0;0
2512;CO;10-12-2025;2;7;871;10-12-2025 1:30;CANUTILLAR-1;466188.6832;0.949562004;0.050437996;0;0;0;0;1;0;0
2512;CO;10-12-2025;2;8;872;10-12-2025 1:45;CANUTILLAR-1;466858.5308;0.949562004;0.050437996;0;0;0;0;1;0;0
2512;CO;10-12-2025;3;9;873;10-12-2025 2:00;CANUTILLAR-1;264842.4324;1;0;0;0;0;0;1;0;0
2512;CO;10-12-2025;3;10;874;10-12-2025 2:15;CANUTILLAR-1;179237.6477;1;0;0;0;0;0;1;0;0
2512;CO;10-12-2025;3;11;875;10-12-2025 2:30;CANUTILLAR-1;109775.4906;1;0;0;0;0;0;1;0;0
2512;CO;10-12-2025;3;12;876;10-12-2025 2:45;CANUTILLAR-1;207831.1071;1;0;0;0;0;0;1;0;0
2512;CO;10-12-2025;4;13;877;10-12-2025 3:00;CANUTILLAR-1;475496.0339;0.773988346;0.226011654;0;0;0;0;1;0;0
2512;CO;10-12-2025;4;14;878;10-12-2025 3:15;CANUTILLAR-1;472551.9312;0.773988346;0.226011654;0;0;0;0;1;0;0
2512;CO;10-12-2025;4;15;879;10-12-2025 3:30;CANUTILLAR-1;469392.4063;0.773988346;0.226011654;0;0;0;0;1;0;0
2512;CO;10-12-2025;4;16;880;10-12-2025 3:45;CANUTILLAR-1;475567.8413;0.773988346;0.226011654;0;0;0;0;1;0;0
2512;CO;10-12-2025;5;17;881;10-12-2025 4:00;CANUTILLAR-1;194794.6856;0.859939126;0.140060874;0;0;0;0;1;0;0
2512;CO;10-12-2025;5;18;882;10-12-2025 4:15;CANUTILLAR-1;190865.8369;0.859939126;0.140060874;0;0;0;0;1;0;0
2512;CO;10-12-2025;5;19;883;10-12-2025 4:30;CANUTILLAR-1;197116.278;0.859939126;0.140060874;0;0;0;0;1;0;0
2512;CO;10-12-2025;5;20;884;10-12-2025 4:45;CANUTILLAR-1;277462.331;0.859939126;0.140060874;0;0;0;0;1;0;0
2512;CO;10-12-2025;6;21;885;10-12-2025 5:00;CANUTILLAR-1;395285.0256;0.788288288;0;0;0.211711712;0;0;0.788288288;0.211711712;0
2512;CO;10-12-2025;6;22;886;10-12-2025 5:15;CANUTILLAR-1;402149.9975;0.788288288;0;0;0.211711712;0;0;0.788288288;0.211711712;0
2512;CO;10-12-2025;6;23;887;10-12-2025 5:30;CANUTILLAR-1;441012.317;0.788288288;0;0;0.211711712;0;0;0.788288288;0.211711712;0
2512;CO;10-12-2025;6;24;888;10-12-2025 5:45;CANUTILLAR-1;434783.1009;0.788288288;0;0;0.211711712;0;0;0.788288288;0.211711712;0
2512;CO;10-12-2025;7;25;889;10-12-2025 6:00;CANUTILLAR-1;484721.2301;0.882251952;0;0;0.117748048;0;0;0.882251952;0.117748048;0
2512;CO;10-12-2025;7;26;890;10-12-2025 6:15;CANUTILLAR-1;485950.0721;0.882251952;0;0;0.117748048;0;0;0.882251952;0.117748048;0
2512;CO;10-12-2025;7;27;891;10-12-2025 6:30;CANUTILLAR-1;522672.2634;0.882251952;0;0;0.117748048;0;0;0.882251952;0.117748048;0
2512;CO;10-12-2025;7;28;892;10-12-2025 6:45;CANUTILLAR-1;439166.3877;0.882251952;0;0;0.117748048;0;0;0.882251952;0.117748048;0
2512;CO;10-12-2025;10;37;901;10-12-2025 9:00;CANUTILLAR-1;549274.595;0.89557219;0;0;0.10442781;0;0;0.89557219;0.10442781;0
2512;CO;10-12-2025;10;38;902;10-12-2025 9:15;CANUTILLAR-1;539088.9321;0.89557219;0;0;0.10442781;0;0;0.89557219;0.10442781;0
2512;CO;10-12-2025;10;39;903;10-12-2025 9:30;CANUTILLAR-1;557136.038;0.89557219;0;0;0.10442781;0;0;0.89557219;0.10442781;0
2512;CO;10-12-2025;10;40;904;10-12-2025 9:45;CANUTILLAR-1;576892.1322;0.89557219;0;0;0.10442781;0;0;0.89557219;0.10442781;0
2512;CO;10-12-2025;14;53;917;10-12-2025 13:00;CANUTILLAR-1;0;1;0;0;0;0;0;1;0;0
2512;CO;10-12-2025;14;54;918;10-12-2025 13:15;CANUTILLAR-1;0;1;0;0;0;0;0;1;0;0
2512;CO;10-12-2025;14;55;919;10-12-2025 13:30;CANUTILLAR-1;0;1;0;0;0;0;0;1;0;0
2512;CO;10-12-2025;14;56;920;10-12-2025 13:45;CANUTILLAR-1;0;1;0;0;0;0;0;1;0;0
2512;CO;10-12-2025;15;57;921;10-12-2025 14:00;CANUTILLAR-1;51548.34452;1;0;0;0;0;0;1;0;0
2512;CO;10-12-2025;15;58;922;10-12-2025 14:15;CANUTILLAR-1;53161.87318;1;0;0;0;0;0;1;0;0
2512;CO;10-12-2025;15;59;923;10-12-2025 14:30;CANUTILLAR-1;51819.58286;1;0;0;0;0;0;1;0;0
2512;CO;10-12-2025;15;60;924;10-12-2025 14:45;CANUTILLAR-1;50672.02961;1;0;0;0;0;0;1;0;0
2512;CO;10-12-2025;16;61;925;10-12-2025 15:00;CANUTILLAR-1;238017.5284;1;0;0;0;0;0;1;0;0
2512;CO;10-12-2025;16;62;926;10-12-2025 15:15;CANUTILLAR-1;213621.3377;1;0;0;0;0;0;1;0;0
2512;CO;10-12-2025;16;63;927;10-12-2025 15:30;CANUTILLAR-1;230392.9687;1;0;0;0;0;0;1;0;0
2512;CO;10-12-2025;16;64;928;10-12-2025 15:45;CANUTILLAR-1;6577.790366;1;0;0;0;0;0;1;0;0
2512;CO;10-12-2025;20;77;941;10-12-2025 19:00;CANUTILLAR-1;7627.461772;0.543477557;0;0;0;0.456522443;0;0.543477557;0;0.456522443
2512;CO;11-12-2025;9;35;995;11-12-2025 8:30;CANUTILLAR-1;136539.0451;0.86346099;0;0;0.13653901;0;0;0.86346099;0.13653901;0
2512;CO;11-12-2025;9;36;996;11-12-2025 8:45;CANUTILLAR-1;191632.4075;0.86346099;0;0;0.13653901;0;0;0.86346099;0.13653901;0
2512;CO;11-12-2025;10;37;997;11-12-2025 9:00;CANUTILLAR-1;227043.5787;0;1;0;0;0;0;1;0;0
2512;CO;11-12-2025;10;38;998;11-12-2025 9:15;CANUTILLAR-1;141054.7006;0;1;0;0;0;0;1;0;0
2512;CO;11-12-2025;10;39;999;11-12-2025 9:30;CANUTILLAR-1;173519.9048;0;1;0;0;0;0;1;0;0
2512;CO;11-12-2025;10;40;1000;11-12-2025 9:45;CANUTILLAR-1;149372.1362;0;1;0;0;0;0;1;0;0
2512;CO;11-12-2025;14;53;1013;11-12-2025 13:00;CANUTILLAR-1;117821.451;0.681664518;0.318335482;0;0;0;0;1;0;0
2512;CO;11-12-2025;14;54;1014;11-12-2025 13:15;CANUTILLAR-1;102896.9057;0.681664518;0.318335482;0;0;0;0;1;0;0
2512;CO;11-12-2025;14;55;1015;11-12-2025 13:30;CANUTILLAR-1;108629.1412;0.681664518;0.318335482;0;0;0;0;1;0;0
2512;CO;11-12-2025;14;56;1016;11-12-2025 13:45;CANUTILLAR-1;762.3408805;0.681664518;0.318335482;0;0;0;0;1;0;0
2512;CO;11-12-2025;16;61;1021;11-12-2025 15:00;CANUTILLAR-1;8113.841333;0.817876249;0.182123751;0;0;0;0;1;0;0
2512;CO;11-12-2025;16;62;1022;11-12-2025 15:15;CANUTILLAR-1;5031.773996;0.817876249;0.182123751;0;0;0;0;1;0;0
2512;CO;11-12-2025;16;63;1023;11-12-2025 15:30;CANUTILLAR-1;4859.055367;0.817876249;0.182123751;0;0;0;0;1;0;0
2512;CO;11-12-2025;16;64;1024;11-12-2025 15:45;CANUTILLAR-1;4132.380072;0.817876249;0.182123751;0;0;0;0;1;0;0
2512;CO;11-12-2025;17;65;1025;11-12-2025 16:00;CANUTILLAR-1;0;0;0;0;0;0;0;0;0;0
2512;CO;11-12-2025;17;66;1026;11-12-2025 16:15;CANUTILLAR-1;0;0;0;0;0;0;0;0;0;0
2512;CO;11-12-2025;17;67;1027;11-12-2025 16:30;CANUTILLAR-1;0;0;0;0;0;0;0;0;0;0
2512;CO;11-12-2025;17;68;1028;11-12-2025 16:45;CANUTILLAR-1;0;0;0;0;0;0;0;0;0;0
2512;CO;15-12-2025;13;51;1395;15-12-2025 12:30;CANUTILLAR-1;0;1;0;0;0;0;0;1;0;0
2512;CO;19-12-2025;10;37;1765;19-12-2025 9:00;CANUTILLAR-1;0;0;0;0;0;0;0;0;0;0
2512;CO;19-12-2025;22;88;1816;19-12-2025 21:45;CANUTILLAR-1;7711.035907;0.68620178;0;0;0;0.31379822;0;0.68620178;0;0.31379822
2512;CO;23-12-2025;1;2;2114;23-12-2025 0:15;CANUTILLAR-1;6401.231155;1;0;0;0;0;0;1;0;0
2512;CO;23-12-2025;1;3;2115;23-12-2025 0:30;CANUTILLAR-1;51766.77441;1;0;0;0;0;0;1;0;0
2512;CO;23-12-2025;1;4;2116;23-12-2025 0:45;CANUTILLAR-1;51813.60442;1;0;0;0;0;0;1;0;0
2512;CO;23-12-2025;5;19;2131;23-12-2025 4:30;CANUTILLAR-1;0;0;0;0;0;0;0;0;0;0
2512;CO;23-12-2025;5;20;2132;23-12-2025 4:45;CANUTILLAR-1;0;0;0;0;0;0;0;0;0;0
2512;CO;23-12-2025;6;21;2133;23-12-2025 5:00;CANUTILLAR-1;6150.773718;0;0;0;1;0;0;0;1;0
2512;CO;23-12-2025;6;22;2134;23-12-2025 5:15;CANUTILLAR-1;2845.491627;0;0;0;1;0;0;0;1;0
2512;CO;23-12-2025;6;23;2135;23-12-2025 5:30;CANUTILLAR-1;7938.513296;0;0;0;1;0;0;0;1;0
2512;CO;23-12-2025;6;24;2136;23-12-2025 5:45;CANUTILLAR-1;7995.879205;0;0;0;1;0;0;0;1;0
2512;CO;23-12-2025;7;25;2137;23-12-2025 6:00;CANUTILLAR-1;133542.8558;0.717414136;0;0.282585864;0;0;0;0.717414136;0.282585864;0
2512;CO;23-12-2025;7;26;2138;23-12-2025 6:15;CANUTILLAR-1;387486.3428;0.717414136;0;0.282585864;0;0;0;0.717414136;0.282585864;0
2512;CO;23-12-2025;7;27;2139;23-12-2025 6:30;CANUTILLAR-1;219614.6402;0.717414136;0;0.282585864;0;0;0;0.717414136;0.282585864;0
2512;CO;23-12-2025;7;28;2140;23-12-2025 6:45;CANUTILLAR-1;104283.2364;0.717414136;0;0.282585864;0;0;0;0.717414136;0.282585864;0
2512;CO;23-12-2025;8;29;2141;23-12-2025 7:00;CANUTILLAR-1;14762.77574;0;0;0;1;0;0;0;1;0
2512;CO;23-12-2025;10;37;2149;23-12-2025 9:00;CANUTILLAR-1;377.357621;1;0;0;0;0;0;1;0;0
2512;CO;23-12-2025;10;38;2150;23-12-2025 9:15;CANUTILLAR-1;3848.917062;1;0;0;0;0;0;1;0;0
2512;CO;23-12-2025;10;39;2151;23-12-2025 9:30;CANUTILLAR-1;3517.553137;1;0;0;0;0;0;1;0;0
2512;CO;23-12-2025;14;54;2166;23-12-2025 13:15;CANUTILLAR-1;3406.800835;1;0;0;0;0;0;1;0;0
2512;CO;23-12-2025;14;56;2168;23-12-2025 13:45;CANUTILLAR-1;1609.542756;1;0;0;0;0;0;1;0;0
2512;CO;23-12-2025;15;58;2170;23-12-2025 14:15;CANUTILLAR-1;1975.524512;1;0;0;0;0;0;1;0;0
2512;CO;23-12-2025;15;59;2171;23-12-2025 14:30;CANUTILLAR-1;8810.361209;1;0;0;0;0;0;1;0;0
2512;CO;23-12-2025;15;60;2172;23-12-2025 14:45;CANUTILLAR-1;5371.449663;1;0;0;0;0;0;1;0;0
2512;CO;24-12-2025;11;42;2250;24-12-2025 10:15;CANUTILLAR-1;213.5129656;1;0;0;0;0;0;1;0;0
2512;CO;24-12-2025;11;43;2251;24-12-2025 10:30;CANUTILLAR-1;145.9233046;1;0;0;0;0;0;1;0;0
2512;CO;24-12-2025;11;44;2252;24-12-2025 10:45;CANUTILLAR-1;385.0867204;1;0;0;0;0;0;1;0;0
2512;CO;24-12-2025;13;49;2257;24-12-2025 12:00;CANUTILLAR-1;668.4323633;1;0;0;0;0;0;1;0;0
2512;CO;24-12-2025;13;50;2258;24-12-2025 12:15;CANUTILLAR-1;1021.962762;1;0;0;0;0;0;1;0;0
2512;CO;24-12-2025;13;51;2259;24-12-2025 12:30;CANUTILLAR-1;3604.698732;1;0;0;0;0;0;1;0;0
2512;CO;24-12-2025;13;52;2260;24-12-2025 12:45;CANUTILLAR-1;1984.35107;1;0;0;0;0;0;1;0;0
2512;CO;26-12-2025;8;29;2425;26-12-2025 7:00;CANUTILLAR-1;102432.4742;0;0;0;1;0;0;0;1;0
2512;CO;26-12-2025;8;30;2426;26-12-2025 7:15;CANUTILLAR-1;110418.4173;0;0;0;1;0;0;0;1;0
2512;CO;26-12-2025;8;31;2427;26-12-2025 7:30;CANUTILLAR-1;42342.03748;0;0;0;1;0;0;0;1;0
2512;CO;29-12-2025;9;34;2718;29-12-2025 8:15;CANUTILLAR-1;6814.218266;0.647641096;0;0.352358904;0;0;0;0.647641096;0.352358904;0
2512;CO;29-12-2025;9;36;2720;29-12-2025 8:45;CANUTILLAR-1;1846.243203;0.647641096;0;0.352358904;0;0;0;0.647641096;0.352358904;0
2512;CO;29-12-2025;19;73;2757;29-12-2025 18:00;CANUTILLAR-1;9529.407402;0.334957749;0;0.665042251;0;0;0;0.334957749;0.665042251;0
2512;CO;30-12-2025;9;36;2816;30-12-2025 8:45;CANUTILLAR-1;144570.2264;0.630077417;0;0.369922583;0;0;0;0.630077417;0.369922583;0
2512;CO;01-12-2025;12;45;45;01-12-2025 11:00;CANUTILLAR-2;1216.79026;1;0;0;0;0;0;1;0;0
2512;CO;01-12-2025;12;46;46;01-12-2025 11:15;CANUTILLAR-2;50.44382379;1;0;0;0;0;0;1;0;0
2512;CO;01-12-2025;12;47;47;01-12-2025 11:30;CANUTILLAR-2;315.8637043;1;0;0;0;0;0;1;0;0
2512;CO;01-12-2025;12;48;48;01-12-2025 11:45;CANUTILLAR-2;237.3584103;1;0;0;0;0;0;1;0;0
2512;CO;01-12-2025;13;49;49;01-12-2025 12:00;CANUTILLAR-2;10163.55315;1;0;0;0;0;0;1;0;0
2512;CO;01-12-2025;13;50;50;01-12-2025 12:15;CANUTILLAR-2;21287.1623;1;0;0;0;0;0;1;0;0
2512;CO;01-12-2025;13;51;51;01-12-2025 12:30;CANUTILLAR-2;2239.180306;1;0;0;0;0;0;1;0;0
2512;CO;01-12-2025;14;53;53;01-12-2025 13:00;CANUTILLAR-2;0;1;0;0;0;0;0;1;0;0
2512;CO;01-12-2025;14;54;54;01-12-2025 13:15;CANUTILLAR-2;0;1;0;0;0;0;0;1;0;0
2512;CO;01-12-2025;15;58;58;01-12-2025 14:15;CANUTILLAR-2;0;1;0;0;0;0;0;1;0;0
2512;CO;01-12-2025;15;59;59;01-12-2025 14:30;CANUTILLAR-2;0;1;0;0;0;0;0;1;0;0
2512;CO;01-12-2025;15;60;60;01-12-2025 14:45;CANUTILLAR-2;0;1;0;0;0;0;0;1;0;0
2512;CO;01-12-2025;16;61;61;01-12-2025 15:00;CANUTILLAR-2;1375.492357;1;0;0;0;0;0;1;0;0
2512;CO;01-12-2025;16;62;62;01-12-2025 15:15;CANUTILLAR-2;2247.245037;1;0;0;0;0;0;1;0;0
2512;CO;01-12-2025;16;63;63;01-12-2025 15:30;CANUTILLAR-2;730.1694029;1;0;0;0;0;0;1;0;0
2512;CO;01-12-2025;16;64;64;01-12-2025 15:45;CANUTILLAR-2;118.8038356;1;0;0;0;0;0;1;0;0
2512;CO;02-12-2025;18;69;165;02-12-2025 17:00;CANUTILLAR-2;6757.08275;0.31988189;0.68011811;0;0;0;0;1;0;0
2512;CO;02-12-2025;18;70;166;02-12-2025 17:15;CANUTILLAR-2;4049.719385;0.31988189;0.68011811;0;0;0;0;1;0;0
2512;CO;02-12-2025;18;71;167;02-12-2025 17:30;CANUTILLAR-2;8572.048025;0.31988189;0.68011811;0;0;0;0;1;0;0
2512;CO;02-12-2025;18;72;168;02-12-2025 17:45;CANUTILLAR-2;19268.75826;0.31988189;0.68011811;0;0;0;0;1;0;0
2512;CO;02-12-2025;19;73;169;02-12-2025 18:00;CANUTILLAR-2;23918.72185;0.72492163;0.27507837;0;0;0;0;1;0;0
2512;CO;02-12-2025;19;74;170;02-12-2025 18:15;CANUTILLAR-2;19071.89097;0.72492163;0.27507837;0;0;0;0;1;0;0
2512;CO;02-12-2025;19;75;171;02-12-2025 18:30;CANUTILLAR-2;16652.33917;0.72492163;0.27507837;0;0;0;0;1;0;0
2512;CO;02-12-2025;19;76;172;02-12-2025 18:45;CANUTILLAR-2;2750.876853;0.72492163;0.27507837;0;0;0;0;1;0;0
2512;CO;02-12-2025;22;85;181;02-12-2025 21:00;CANUTILLAR-2;27319.39659;0.59060125;0;0;0;0.40939875;0;0.59060125;0;0.40939875
2512;CO;02-12-2025;22;88;184;02-12-2025 21:45;CANUTILLAR-2;1083.529862;0.59060125;0;0;0;0.40939875;0;0.59060125;0;0.40939875
2512;CO;02-12-2025;23;89;185;02-12-2025 22:00;CANUTILLAR-2;929.1134912;0.611107791;0;0;0;0.388892209;0;0.611107791;0;0.388892209
2512;CO;02-12-2025;24;96;192;02-12-2025 23:45;CANUTILLAR-2;0;0;0;0;0;0;0;0;0;0
2512;CO;03-12-2025;9;34;226;03-12-2025 8:15;CANUTILLAR-2;92.67661168;0.869121813;0.130878187;0;0;0;0;1;0;0
2512;CO;04-12-2025;9;33;321;04-12-2025 8:00;CANUTILLAR-2;2810.027834;0.702822241;0.297177759;0;0;0;0;1;0;0
2512;CO;04-12-2025;9;34;322;04-12-2025 8:15;CANUTILLAR-2;9675.801932;0.702822241;0.297177759;0;0;0;0;1;0;0
2512;CO;08-12-2025;11;42;714;08-12-2025 10:15;CANUTILLAR-2;7267.160685;1;0;0;0;0;0;1;0;0
2512;CO;08-12-2025;11;43;715;08-12-2025 10:30;CANUTILLAR-2;13140.3644;1;0;0;0;0;0;1;0;0
2512;CO;08-12-2025;11;44;716;08-12-2025 10:45;CANUTILLAR-2;8583.568413;1;0;0;0;0;0;1;0;0
2512;CO;08-12-2025;12;45;717;08-12-2025 11:00;CANUTILLAR-2;2200.766828;1;0;0;0;0;0;1;0;0
2512;CO;08-12-2025;12;46;718;08-12-2025 11:15;CANUTILLAR-2;10901.83199;1;0;0;0;0;0;1;0;0
2512;CO;08-12-2025;12;47;719;08-12-2025 11:30;CANUTILLAR-2;11400.15386;1;0;0;0;0;0;1;0;0
2512;CO;08-12-2025;12;48;720;08-12-2025 11:45;CANUTILLAR-2;12224.24931;1;0;0;0;0;0;1;0;0
2512;CO;08-12-2025;24;93;765;08-12-2025 23:00;CANUTILLAR-2;26081.56728;0;0;0;1;0;0;0;1;0
2512;CO;08-12-2025;24;94;766;08-12-2025 23:15;CANUTILLAR-2;30864.83239;0;0;0;1;0;0;0;1;0
2512;CO;08-12-2025;24;95;767;08-12-2025 23:30;CANUTILLAR-2;23835.42524;0;0;0;1;0;0;0;1;0
2512;CO;09-12-2025;2;5;773;09-12-2025 1:00;CANUTILLAR-2;0;0;0;0;0;0;0;0;0;0
2512;CO;09-12-2025;2;6;774;09-12-2025 1:15;CANUTILLAR-2;0;0;0;0;0;0;0;0;0;0
2512;CO;09-12-2025;2;7;775;09-12-2025 1:30;CANUTILLAR-2;0;0;0;0;0;0;0;0;0;0
2512;CO;09-12-2025;7;25;793;09-12-2025 6:00;CANUTILLAR-2;0;0;0;0;0;0;0;0;0;0
2512;CO;09-12-2025;7;26;794;09-12-2025 6:15;CANUTILLAR-2;0;0;0;0;0;0;0;0;0;0
2512;CO;09-12-2025;7;27;795;09-12-2025 6:30;CANUTILLAR-2;0;0;0;0;0;0;0;0;0;0
2512;CO;09-12-2025;7;28;796;09-12-2025 6:45;CANUTILLAR-2;0;0;0;0;0;0;0;0;0;0
2512;CO;09-12-2025;8;29;797;09-12-2025 7:00;CANUTILLAR-2;289746.7891;0;0;1;0;0;0;0;1;0
2512;CO;09-12-2025;12;45;813;09-12-2025 11:00;CANUTILLAR-2;414162.5278;1;0;0;0;0;0;1;0;0
2512;CO;09-12-2025;12;46;814;09-12-2025 11:15;CANUTILLAR-2;412623.5408;1;0;0;0;0;0;1;0;0
2512;CO;09-12-2025;12;47;815;09-12-2025 11:30;CANUTILLAR-2;417295.4283;1;0;0;0;0;0;1;0;0
2512;CO;09-12-2025;12;48;816;09-12-2025 11:45;CANUTILLAR-2;413063.2635;1;0;0;0;0;0;1;0;0
2512;CO;09-12-2025;14;53;821;09-12-2025 13:00;CANUTILLAR-2;485499.5643;0.921819777;0;0;0.078180223;0;0;0.921819777;0.078180223;0
2512;CO;09-12-2025;14;54;822;09-12-2025 13:15;CANUTILLAR-2;528945.4698;0.921819777;0;0;0.078180223;0;0;0.921819777;0.078180223;0
2512;CO;09-12-2025;14;55;823;09-12-2025 13:30;CANUTILLAR-2;488727.7288;0.921819777;0;0;0.078180223;0;0;0.921819777;0.078180223;0
2512;CO;09-12-2025;14;56;824;09-12-2025 13:45;CANUTILLAR-2;484490.7586;0.921819777;0;0;0.078180223;0;0;0.921819777;0.078180223;0
2512;CO;09-12-2025;15;57;825;09-12-2025 14:00;CANUTILLAR-2;514697.1893;1;0;0;0;0;0;1;0;0
2512;CO;09-12-2025;15;58;826;09-12-2025 14:15;CANUTILLAR-2;520760.0141;1;0;0;0;0;0;1;0;0
2512;CO;09-12-2025;15;59;827;09-12-2025 14:30;CANUTILLAR-2;526631.3617;1;0;0;0;0;0;1;0;0
2512;CO;09-12-2025;15;60;828;09-12-2025 14:45;CANUTILLAR-2;501741.8703;1;0;0;0;0;0;1;0;0
2512;CO;09-12-2025;21;81;849;09-12-2025 20:00;CANUTILLAR-2;85098.16631;0.172156029;0;0;0.827843971;0;0;0.172156029;0.827843971;0
2512;CO;09-12-2025;21;82;850;09-12-2025 20:15;CANUTILLAR-2;223955.5844;0.172156029;0;0;0.827843971;0;0;0.172156029;0.827843971;0
2512;CO;09-12-2025;21;83;851;09-12-2025 20:30;CANUTILLAR-2;427237.7098;0.172156029;0;0;0.827843971;0;0;0.172156029;0.827843971;0
2512;CO;09-12-2025;21;84;852;09-12-2025 20:45;CANUTILLAR-2;462678.2248;0.172156029;0;0;0.827843971;0;0;0.172156029;0.827843971;0
2512;CO;09-12-2025;22;85;853;09-12-2025 21:00;CANUTILLAR-2;144560.1038;0.239482201;0;0;0.760517799;0;0;0.239482201;0.760517799;0
2512;CO;09-12-2025;22;86;854;09-12-2025 21:15;CANUTILLAR-2;145351.1288;0.239482201;0;0;0.760517799;0;0;0.239482201;0.760517799;0
2512;CO;09-12-2025;22;87;855;09-12-2025 21:30;CANUTILLAR-2;146933.1894;0.239482201;0;0;0.760517799;0;0;0.239482201;0.760517799;0
2512;CO;09-12-2025;22;88;856;09-12-2025 21:45;CANUTILLAR-2;146462.8471;0.239482201;0;0;0.760517799;0;0;0.239482201;0.760517799;0
2512;CO;09-12-2025;23;89;857;09-12-2025 22:00;CANUTILLAR-2;90848.13134;0;0;0;1;0;0;0;1;0
2512;CO;09-12-2025;23;90;858;09-12-2025 22:15;CANUTILLAR-2;107466.6985;0;0;0;1;0;0;0;1;0
2512;CO;09-12-2025;23;91;859;09-12-2025 22:30;CANUTILLAR-2;106596.7181;0;0;0;1;0;0;0;1;0
2512;CO;09-12-2025;23;92;860;09-12-2025 22:45;CANUTILLAR-2;101435.3702;0;0;0;1;0;0;0;1;0
2512;CO;09-12-2025;24;93;861;09-12-2025 23:00;CANUTILLAR-2;74444.76555;0;0;0;1;0;0;0;1;0
2512;CO;09-12-2025;24;94;862;09-12-2025 23:15;CANUTILLAR-2;75267.83336;0;0;0;1;0;0;0;1;0
2512;CO;09-12-2025;24;95;863;09-12-2025 23:30;CANUTILLAR-2;75093.9262;0;0;0;1;0;0;0;1;0
2512;CO;09-12-2025;24;96;864;09-12-2025 23:45;CANUTILLAR-2;54993.93675;0;0;0;1;0;0;0;1;0
2512;CO;10-12-2025;1;1;865;10-12-2025 0:00;CANUTILLAR-2;0;0;0;0;0;0;0;0;0;0
2512;CO;10-12-2025;1;2;866;10-12-2025 0:15;CANUTILLAR-2;0;0;0;0;0;0;0;0;0;0
2512;CO;10-12-2025;1;3;867;10-12-2025 0:30;CANUTILLAR-2;0;0;0;0;0;0;0;0;0;0
2512;CO;10-12-2025;1;4;868;10-12-2025 0:45;CANUTILLAR-2;0;0;0;0;0;0;0;0;0;0
2512;CO;10-12-2025;2;5;869;10-12-2025 1:00;CANUTILLAR-2;314730.2577;1;0;0;0;0;0;1;0;0
2512;CO;10-12-2025;2;6;870;10-12-2025 1:15;CANUTILLAR-2;312783.5606;1;0;0;0;0;0;1;0;0
2512;CO;10-12-2025;2;7;871;10-12-2025 1:30;CANUTILLAR-2;307916.7957;1;0;0;0;0;0;1;0;0
2512;CO;10-12-2025;2;8;872;10-12-2025 1:45;CANUTILLAR-2;308359.2289;1;0;0;0;0;0;1;0;0
2512;CO;10-12-2025;3;9;873;10-12-2025 2:00;CANUTILLAR-2;438123.1878;0.776605685;0.223394315;0;0;0;0;1;0;0
2512;CO;10-12-2025;3;10;874;10-12-2025 2:15;CANUTILLAR-2;296509.0182;0.776605685;0.223394315;0;0;0;0;1;0;0
2512;CO;10-12-2025;3;11;875;10-12-2025 2:30;CANUTILLAR-2;181599.253;0.776605685;0.223394315;0;0;0;0;1;0;0
2512;CO;10-12-2025;3;12;876;10-12-2025 2:45;CANUTILLAR-2;343810.5682;0.776605685;0.223394315;0;0;0;0;1;0;0
2512;CO;10-12-2025;4;13;877;10-12-2025 3:00;CANUTILLAR-2;373900.5449;1;0;0;0;0;0;1;0;0
2512;CO;10-12-2025;4;14;878;10-12-2025 3:15;CANUTILLAR-2;371585.4854;1;0;0;0;0;0;1;0;0
2512;CO;10-12-2025;4;15;879;10-12-2025 3:30;CANUTILLAR-2;369101.0313;1;0;0;0;0;0;1;0;0
2512;CO;10-12-2025;4;16;880;10-12-2025 3:45;CANUTILLAR-2;373957.0097;1;0;0;0;0;0;1;0;0
2512;CO;10-12-2025;5;17;881;10-12-2025 4:00;CANUTILLAR-2;202532.0953;0.849746454;0.150253546;0;0;0;0;1;0;0
2512;CO;10-12-2025;5;18;882;10-12-2025 4:15;CANUTILLAR-2;198447.1895;0.849746454;0.150253546;0;0;0;0;1;0;0
2512;CO;10-12-2025;5;19;883;10-12-2025 4:30;CANUTILLAR-2;204945.9033;0.849746454;0.150253546;0;0;0;0;1;0;0
2512;CO;10-12-2025;5;20;884;10-12-2025 4:45;CANUTILLAR-2;288483.3696;0.849746454;0.150253546;0;0;0;0;1;0;0
2512;CO;10-12-2025;6;21;885;10-12-2025 5:00;CANUTILLAR-2;390544.5753;0.785605677;0;0;0.214394323;0;0;0.785605677;0.214394323;0
2512;CO;10-12-2025;6;22;886;10-12-2025 5:15;CANUTILLAR-2;397327.219;0.785605677;0;0;0.214394323;0;0;0.785605677;0.214394323;0
2512;CO;10-12-2025;6;23;887;10-12-2025 5:30;CANUTILLAR-2;435723.4827;0.785605677;0;0;0.214394323;0;0;0.785605677;0.214394323;0
2512;CO;10-12-2025;6;24;888;10-12-2025 5:45;CANUTILLAR-2;429568.9704;0.785605677;0;0;0.214394323;0;0;0.785605677;0.214394323;0
2512;CO;10-12-2025;7;25;889;10-12-2025 6:00;CANUTILLAR-2;570248.753;0.882251952;0;0;0.117748048;0;0;0.882251952;0.117748048;0
2512;CO;10-12-2025;7;26;890;10-12-2025 6:15;CANUTILLAR-2;571694.4202;0.882251952;0;0;0.117748048;0;0;0.882251952;0.117748048;0
2512;CO;10-12-2025;7;27;891;10-12-2025 6:30;CANUTILLAR-2;614896.1256;0.882251952;0;0;0.117748048;0;0;0.882251952;0.117748048;0
2512;CO;10-12-2025;7;28;892;10-12-2025 6:45;CANUTILLAR-2;516655.9031;0.882251952;0;0;0.117748048;0;0;0.882251952;0.117748048;0
2512;CO;10-12-2025;8;29;893;10-12-2025 7:00;CANUTILLAR-2;566186.5823;0.674096251;0;0.325903749;0;0;0;0.674096251;0.325903749;0
2512;CO;10-12-2025;8;30;894;10-12-2025 7:15;CANUTILLAR-2;17422.5568;0.674096251;0;0.325903749;0;0;0;0.674096251;0.325903749;0
2512;CO;10-12-2025;9;34;898;10-12-2025 8:15;CANUTILLAR-2;2187.780608;0;0;0;1;0;0;0;1;0
2512;CO;10-12-2025;9;35;899;10-12-2025 8:30;CANUTILLAR-2;35774.10838;0;0;0;1;0;0;0;1;0
2512;CO;10-12-2025;9;36;900;10-12-2025 8:45;CANUTILLAR-2;153766.0257;0;0;0;1;0;0;0;1;0
2512;CO;10-12-2025;10;37;901;10-12-2025 9:00;CANUTILLAR-2;312769.5143;0.560943471;0;0;0.439056529;0;0;0.560943471;0.439056529;0
2512;CO;10-12-2025;10;38;902;10-12-2025 9:15;CANUTILLAR-2;306969.565;0.560943471;0;0;0.439056529;0;0;0.560943471;0.439056529;0
2512;CO;10-12-2025;10;39;903;10-12-2025 9:30;CANUTILLAR-2;317245.9998;0.560943471;0;0;0.439056529;0;0;0.560943471;0.439056529;0
2512;CO;10-12-2025;10;40;904;10-12-2025 9:45;CANUTILLAR-2;328495.5716;0.560943471;0;0;0.439056529;0;0;0.560943471;0.439056529;0
2512;CO;10-12-2025;11;41;905;10-12-2025 10:00;CANUTILLAR-2;300253.7225;1;0;0;0;0;0;1;0;0
2512;CO;10-12-2025;11;42;906;10-12-2025 10:15;CANUTILLAR-2;278428.4351;1;0;0;0;0;0;1;0;0
2512;CO;10-12-2025;11;43;907;10-12-2025 10:30;CANUTILLAR-2;12145.1223;1;0;0;0;0;0;1;0;0
2512;CO;10-12-2025;11;44;908;10-12-2025 10:45;CANUTILLAR-2;11367.80669;1;0;0;0;0;0;1;0;0
2512;CO;10-12-2025;12;45;909;10-12-2025 11:00;CANUTILLAR-2;16118.88562;1;0;0;0;0;0;1;0;0
2512;CO;10-12-2025;12;46;910;10-12-2025 11:15;CANUTILLAR-2;28274.60289;1;0;0;0;0;0;1;0;0
2512;CO;10-12-2025;12;47;911;10-12-2025 11:30;CANUTILLAR-2;23124.77232;1;0;0;0;0;0;1;0;0
2512;CO;10-12-2025;12;48;912;10-12-2025 11:45;CANUTILLAR-2;24588.68894;1;0;0;0;0;0;1;0;0
2512;CO;10-12-2025;13;49;913;10-12-2025 12:00;CANUTILLAR-2;499009.1221;1;0;0;0;0;0;1;0;0
2512;CO;10-12-2025;13;50;914;10-12-2025 12:15;CANUTILLAR-2;441866.8279;1;0;0;0;0;0;1;0;0
2512;CO;10-12-2025;13;51;915;10-12-2025 12:30;CANUTILLAR-2;502063.5126;1;0;0;0;0;0;1;0;0
2512;CO;10-12-2025;13;52;916;10-12-2025 12:45;CANUTILLAR-2;489464.1922;1;0;0;0;0;0;1;0;0
2512;CO;11-12-2025;9;35;995;11-12-2025 8:30;CANUTILLAR-2;180635.6427;0.518057811;0.01739978;0.46454241;0;0;0;0.53545759;0.46454241;0
2512;CO;11-12-2025;9;36;996;11-12-2025 8:45;CANUTILLAR-2;286486.6747;0.518057811;0.01739978;0.46454241;0;0;0;0.53545759;0.46454241;0
2512;CO;11-12-2025;13;49;1009;11-12-2025 12:00;CANUTILLAR-2;90870.01603;0.035603084;0.964396916;0;0;0;0;1;0;0
2512;CO;11-12-2025;13;50;1010;11-12-2025 12:15;CANUTILLAR-2;91210.36814;0.035603084;0.964396916;0;0;0;0;1;0;0
2512;CO;11-12-2025;13;51;1011;11-12-2025 12:30;CANUTILLAR-2;90970.1243;0.035603084;0.964396916;0;0;0;0;1;0;0
2512;CO;11-12-2025;13;52;1012;11-12-2025 12:45;CANUTILLAR-2;87326.35939;0.035603084;0.964396916;0;0;0;0;1;0;0
2512;CO;11-12-2025;15;57;1017;11-12-2025 14:00;CANUTILLAR-2;162.5167398;0.694315935;0.305684065;0;0;0;0;1;0;0
2512;CO;11-12-2025;15;58;1018;11-12-2025 14:15;CANUTILLAR-2;800.9453474;0.694315935;0.305684065;0;0;0;0;1;0;0
2512;CO;11-12-2025;16;61;1021;11-12-2025 15:00;CANUTILLAR-2;6481.825231;0.504466632;0.495533368;0;0;0;0;1;0;0
2512;CO;11-12-2025;16;62;1022;11-12-2025 15:15;CANUTILLAR-2;6299.391512;0.504466632;0.495533368;0;0;0;0;1;0;0
2512;CO;11-12-2025;16;63;1023;11-12-2025 15:30;CANUTILLAR-2;7868.309501;0.504466632;0.495533368;0;0;0;0;1;0;0
2512;CO;11-12-2025;16;64;1024;11-12-2025 15:45;CANUTILLAR-2;3654.102585;0.504466632;0.495533368;0;0;0;0;1;0;0
2512;CO;11-12-2025;18;69;1029;11-12-2025 17:00;CANUTILLAR-2;5892.670443;0.971849866;0.028150134;0;0;0;0;1;0;0
2512;CO;11-12-2025;18;70;1030;11-12-2025 17:15;CANUTILLAR-2;14041.01391;0.971849866;0.028150134;0;0;0;0;1;0;0
2512;CO;11-12-2025;18;71;1031;11-12-2025 17:30;CANUTILLAR-2;7691.639512;0.971849866;0.028150134;0;0;0;0;1;0;0
2512;CO;11-12-2025;18;72;1032;11-12-2025 17:45;CANUTILLAR-2;8044.382534;0.971849866;0.028150134;0;0;0;0;1;0;0
2512;CO;12-12-2025;10;37;1093;12-12-2025 9:00;CANUTILLAR-2;9864.91254;0.67363178;0;0;0.32636822;0;0;0.67363178;0.32636822;0
2512;CO;12-12-2025;10;38;1094;12-12-2025 9:15;CANUTILLAR-2;5643.675812;0.67363178;0;0;0.32636822;0;0;0.67363178;0.32636822;0
2512;CO;12-12-2025;10;39;1095;12-12-2025 9:30;CANUTILLAR-2;9634.24481;0.67363178;0;0;0.32636822;0;0;0.67363178;0.32636822;0
2512;CO;12-12-2025;10;40;1096;12-12-2025 9:45;CANUTILLAR-2;14616.66395;0.67363178;0;0;0.32636822;0;0;0.67363178;0.32636822;0
2512;CO;12-12-2025;11;41;1097;12-12-2025 10:00;CANUTILLAR-2;520.5120517;0.980003095;0;0;0.019996905;0;0;0.980003095;0.019996905;0
2512;CO;12-12-2025;11;42;1098;12-12-2025 10:15;CANUTILLAR-2;594.7739015;0.980003095;0;0;0.019996905;0;0;0.980003095;0.019996905;0
2512;CO;12-12-2025;11;43;1099;12-12-2025 10:30;CANUTILLAR-2;543.9095629;0.980003095;0;0;0.019996905;0;0;0.980003095;0.019996905;0
2512;CO;12-12-2025;11;44;1100;12-12-2025 10:45;CANUTILLAR-2;579.5150228;0.980003095;0;0;0.019996905;0;0;0.980003095;0.019996905;0
2512;CO;12-12-2025;12;45;1101;12-12-2025 11:00;CANUTILLAR-2;18158.65991;0.893180229;0;0;0.106819771;0;0;0.893180229;0.106819771;0
2512;CO;12-12-2025;12;46;1102;12-12-2025 11:15;CANUTILLAR-2;7041.895369;0.893180229;0;0;0.106819771;0;0;0.893180229;0.106819771;0
2512;CO;12-12-2025;13;50;1106;12-12-2025 12:15;CANUTILLAR-2;0;0;0;0;1;0;0;0;1;0
2512;CO;12-12-2025;24;96;1152;12-12-2025 23:45;CANUTILLAR-2;13011.86373;0.764809903;0.235190097;0;0;0;0;1;0;0
2512;CO;13-12-2025;11;42;1194;13-12-2025 10:15;CANUTILLAR-2;28194.63134;1;0;0;0;0;0;1;0;0
2512;CO;13-12-2025;11;43;1195;13-12-2025 10:30;CANUTILLAR-2;17328.18813;1;0;0;0;0;0;1;0;0
2512;CO;13-12-2025;11;44;1196;13-12-2025 10:45;CANUTILLAR-2;18749.95504;1;0;0;0;0;0;1;0;0
2512;CO;15-12-2025;13;51;1395;15-12-2025 12:30;CANUTILLAR-2;19819.75937;1;0;0;0;0;0;1;0;0
2512;CO;23-12-2025;2;5;2117;23-12-2025 1:00;CANUTILLAR-2;87561.89086;1;0;0;0;0;0;1;0;0
2512;CO;23-12-2025;2;6;2118;23-12-2025 1:15;CANUTILLAR-2;77480.55941;1;0;0;0;0;0;1;0;0
2512;CO;23-12-2025;7;25;2137;23-12-2025 6:00;CANUTILLAR-2;134087.2054;0.718561341;0;0.281438659;0;0;0;0.718561341;0.281438659;0
2512;CO;23-12-2025;7;26;2138;23-12-2025 6:15;CANUTILLAR-2;389065.8211;0.718561341;0;0.281438659;0;0;0;0.718561341;0.281438659;0
2512;CO;23-12-2025;7;27;2139;23-12-2025 6:30;CANUTILLAR-2;220509.8371;0.718561341;0;0.281438659;0;0;0;0.718561341;0.281438659;0
2512;CO;23-12-2025;7;28;2140;23-12-2025 6:45;CANUTILLAR-2;104708.3174;0.718561341;0;0.281438659;0;0;0;0.718561341;0.281438659;0
2512;CO;23-12-2025;8;29;2141;23-12-2025 7:00;CANUTILLAR-2;102465.3692;0.734631905;0;0.265368095;0;0;0;0.734631905;0.265368095;0
2512;CO;23-12-2025;10;37;2149;23-12-2025 9:00;CANUTILLAR-2;0;0;0;0;0;0;0;0;0;0
2512;CO;23-12-2025;10;38;2150;23-12-2025 9:15;CANUTILLAR-2;0;0;0;0;0;0;0;0;0;0
2512;CO;23-12-2025;10;39;2151;23-12-2025 9:30;CANUTILLAR-2;0;0;0;0;0;0;0;0;0;0
2512;CO;23-12-2025;14;54;2166;23-12-2025 13:15;CANUTILLAR-2;2745.182435;1;0;0;0;0;0;1;0;0
2512;CO;23-12-2025;14;56;2168;23-12-2025 13:45;CANUTILLAR-2;1296.961201;1;0;0;0;0;0;1;0;0
2512;CO;23-12-2025;15;58;2170;23-12-2025 14:15;CANUTILLAR-2;0;1;0;0;0;0;0;1;0;0
2512;CO;23-12-2025;15;59;2171;23-12-2025 14:30;CANUTILLAR-2;0;1;0;0;0;0;0;1;0;0
2512;CO;23-12-2025;15;60;2172;23-12-2025 14:45;CANUTILLAR-2;0;1;0;0;0;0;0;1;0;0
2512;CO;24-12-2025;12;45;2253;24-12-2025 11:00;CANUTILLAR-2;4877.25445;1;0;0;0;0;0;1;0;0
2512;CO;24-12-2025;12;46;2254;24-12-2025 11:15;CANUTILLAR-2;5981.618051;1;0;0;0;0;0;1;0;0
2512;CO;24-12-2025;12;47;2255;24-12-2025 11:30;CANUTILLAR-2;10274.05016;1;0;0;0;0;0;1;0;0
2512;CO;24-12-2025;12;48;2256;24-12-2025 11:45;CANUTILLAR-2;2814.386592;1;0;0;0;0;0;1;0;0
2512;CO;24-12-2025;13;49;2257;24-12-2025 12:00;CANUTILLAR-2;0;1;0;0;0;0;0;1;0;0
2512;CO;24-12-2025;13;50;2258;24-12-2025 12:15;CANUTILLAR-2;0;1;0;0;0;0;0;1;0;0
2512;CO;24-12-2025;13;51;2259;24-12-2025 12:30;CANUTILLAR-2;0;1;0;0;0;0;0;1;0;0
2512;CO;24-12-2025;13;52;2260;24-12-2025 12:45;CANUTILLAR-2;0;1;0;0;0;0;0;1;0;0
2512;CO;26-12-2025;8;29;2425;26-12-2025 7:00;CANUTILLAR-2;374518.6194;0.753017509;0;0.246982491;0;0;0;0.753017509;0.246982491;0
2512;CO;26-12-2025;8;30;2426;26-12-2025 7:15;CANUTILLAR-2;403717.2148;0.753017509;0;0.246982491;0;0;0;0.753017509;0.246982491;0
2512;CO;26-12-2025;8;31;2427;26-12-2025 7:30;CANUTILLAR-2;154813.0273;0.753017509;0;0.246982491;0;0;0;0.753017509;0.246982491;0
2512;CO;26-12-2025;24;93;2489;26-12-2025 23:00;CANUTILLAR-2;2413.610971;0.5927634;0;0.4072366;0;0;0;0.5927634;0.4072366;0
2512;CO;29-12-2025;19;73;2757;29-12-2025 18:00;CANUTILLAR-2;8471.917101;0;0;1;0;0;0;0;1;0
2512;CO;29-12-2025;24;95;2779;29-12-2025 23:30;CANUTILLAR-2;2406.950102;0.83319822;0;0.16680178;0;0;0;0.83319822;0.16680178;0
2512;CO;30-12-2025;21;81;2861;30-12-2025 20:00;CANUTILLAR-2;47046.34466;0.6163356;0;0.309643046;0;0.074021354;0;0.6163356;0.309643046;0.074021354
2512;CO;30-12-2025;22;88;2868;30-12-2025 21:45;CANUTILLAR-2;214525.8782;0.484617728;0;0;0;0.515382272;0;0.484617728;0;0.515382272
2512;CO;31-12-2025;12;47;2923;31-12-2025 11:30;CANUTILLAR-2;192.3498198;1;0;0;0;0;0;1;0;0
2512;CO;04-12-2025;11;41;329;04-12-2025 10:00;CIPRESES-1;12253.03094;0.652003616;0.347996384;0;0;0;0;1;0;0
2512;CO;04-12-2025;11;42;330;04-12-2025 10:15;CIPRESES-1;35145.00455;0.652003616;0.347996384;0;0;0;0;1;0;0
2512;CO;04-12-2025;11;43;331;04-12-2025 10:30;CIPRESES-1;31615.22461;0.652003616;0.347996384;0;0;0;0;1;0;0
2512;CO;04-12-2025;11;44;332;04-12-2025 10:45;CIPRESES-1;30279.70387;0.652003616;0.347996384;0;0;0;0;1;0;0
2512;CO;06-12-2025;12;47;527;06-12-2025 11:30;CIPRESES-1;8347.696493;0;0;0;1;0;0;0;1;0
2512;CO;06-12-2025;12;48;528;06-12-2025 11:45;CIPRESES-1;49298.04946;0;0;0;1;0;0;0;1;0
2512;CO;06-12-2025;13;49;529;06-12-2025 12:00;CIPRESES-1;48897.3902;0;0;0;1;0;0;0;1;0
2512;CO;06-12-2025;13;50;530;06-12-2025 12:15;CIPRESES-1;45465.19792;0;0;0;1;0;0;0;1;0
2512;CO;06-12-2025;13;51;531;06-12-2025 12:30;CIPRESES-1;53985.6897;0;0;0;1;0;0;0;1;0
2512;CO;06-12-2025;13;52;532;06-12-2025 12:45;CIPRESES-1;53999.45211;0;0;0;1;0;0;0;1;0
2512;CO;06-12-2025;14;53;533;06-12-2025 13:00;CIPRESES-1;39672.06908;0;0;0;1;0;0;0;1;0
2512;CO;06-12-2025;14;54;534;06-12-2025 13:15;CIPRESES-1;39999.68947;0;0;0;1;0;0;0;1;0
2512;CO;06-12-2025;14;55;535;06-12-2025 13:30;CIPRESES-1;40765.80545;0;0;0;1;0;0;0;1;0
2512;CO;06-12-2025;14;56;536;06-12-2025 13:45;CIPRESES-1;40594.44043;0;0;0;1;0;0;0;1;0
2512;CO;06-12-2025;15;57;537;06-12-2025 14:00;CIPRESES-1;62990.72283;0;0;0;1;0;0;0;1;0
2512;CO;06-12-2025;15;58;538;06-12-2025 14:15;CIPRESES-1;59069.92314;0;0;0;1;0;0;0;1;0
2512;CO;06-12-2025;15;60;540;06-12-2025 14:45;CIPRESES-1;7407.834372;0;0;0;1;0;0;0;1;0
2512;CO;06-12-2025;17;65;545;06-12-2025 16:00;CIPRESES-1;40210.87011;0.374356858;0;0;0.625643142;0;0;0.374356858;0.625643142;0
2512;CO;06-12-2025;17;66;546;06-12-2025 16:15;CIPRESES-1;74328.30721;0.374356858;0;0;0.625643142;0;0;0.374356858;0.625643142;0
2512;CO;06-12-2025;17;67;547;06-12-2025 16:30;CIPRESES-1;75232.75587;0.374356858;0;0;0.625643142;0;0;0.374356858;0.625643142;0
2512;CO;06-12-2025;17;68;548;06-12-2025 16:45;CIPRESES-1;75784.46334;0.374356858;0;0;0.625643142;0;0;0.374356858;0.625643142;0
2512;CO;06-12-2025;21;81;561;06-12-2025 20:00;CIPRESES-1;0;0;0;1;0;0;0;0;1;0
2512;CO;06-12-2025;21;82;562;06-12-2025 20:15;CIPRESES-1;0;0;0;1;0;0;0;0;1;0
2512;CO;06-12-2025;21;83;563;06-12-2025 20:30;CIPRESES-1;0;0;0;1;0;0;0;0;1;0
2512;CO;06-12-2025;21;84;564;06-12-2025 20:45;CIPRESES-1;0;0;0;1;0;0;0;0;1;0
2512;CO;06-12-2025;22;85;565;06-12-2025 21:00;CIPRESES-1;19896.60757;0;0;1;0;0;0;0;1;0
2512;CO;06-12-2025;22;86;566;06-12-2025 21:15;CIPRESES-1;24762.81661;0;0;1;0;0;0;0;1;0
2512;CO;06-12-2025;22;87;567;06-12-2025 21:30;CIPRESES-1;25146.00426;0;0;1;0;0;0;0;1;0
2512;CO;06-12-2025;22;88;568;06-12-2025 21:45;CIPRESES-1;26855.61654;0;0;1;0;0;0;0;1;0
2512;CO;06-12-2025;23;89;569;06-12-2025 22:00;CIPRESES-1;15022.92798;0;0;1;0;0;0;0;1;0
2512;CO;06-12-2025;23;90;570;06-12-2025 22:15;CIPRESES-1;14407.55829;0;0;1;0;0;0;0;1;0
2512;CO;06-12-2025;23;91;571;06-12-2025 22:30;CIPRESES-1;13271.51469;0;0;1;0;0;0;0;1;0
2512;CO;06-12-2025;23;92;572;06-12-2025 22:45;CIPRESES-1;12482.58704;0;0;1;0;0;0;0;1;0
2512;CO;06-12-2025;24;93;573;06-12-2025 23:00;CIPRESES-1;28453.47772;0;0;1;0;0;0;0;1;0
2512;CO;06-12-2025;24;94;574;06-12-2025 23:15;CIPRESES-1;23165.71954;0;0;1;0;0;0;0;1;0
2512;CO;06-12-2025;24;95;575;06-12-2025 23:30;CIPRESES-1;31615.02633;0;0;1;0;0;0;0;1;0
2512;CO;06-12-2025;24;96;576;06-12-2025 23:45;CIPRESES-1;20731.64495;0;0;1;0;0;0;0;1;0
2512;CO;07-12-2025;11;41;617;07-12-2025 10:00;CIPRESES-1;0;0;0;0;1;0;0;0;1;0
2512;CO;07-12-2025;11;42;618;07-12-2025 10:15;CIPRESES-1;0;0;0;0;1;0;0;0;1;0
2512;CO;07-12-2025;11;43;619;07-12-2025 10:30;CIPRESES-1;0;0;0;0;1;0;0;0;1;0
2512;CO;07-12-2025;11;44;620;07-12-2025 10:45;CIPRESES-1;0;0;0;0;1;0;0;0;1;0
2512;CO;07-12-2025;12;45;621;07-12-2025 11:00;CIPRESES-1;28159.11971;0;0;0;1;0;0;0;1;0
2512;CO;09-12-2025;2;5;773;09-12-2025 1:00;CIPRESES-1;0;0;0;0;0;0;0;0;0;0
2512;CO;09-12-2025;2;6;774;09-12-2025 1:15;CIPRESES-1;0;0;0;0;0;0;0;0;0;0
2512;CO;09-12-2025;2;7;775;09-12-2025 1:30;CIPRESES-1;0;0;0;0;0;0;0;0;0;0
2512;CO;09-12-2025;2;8;776;09-12-2025 1:45;CIPRESES-1;0;0;0;0;0;0;0;0;0;0
2512;CO;10-12-2025;8;29;893;10-12-2025 7:00;CIPRESES-1;91330.79704;0;0;0;1;0;0;0;1;0
2512;CO;10-12-2025;8;30;894;10-12-2025 7:15;CIPRESES-1;17076.53011;0;0;0;1;0;0;0;1;0
2512;CO;10-12-2025;8;31;895;10-12-2025 7:30;CIPRESES-1;7708.337627;0;0;0;1;0;0;0;1;0
2512;CO;10-12-2025;16;61;925;10-12-2025 15:00;CIPRESES-1;10366.09225;0;0;0;1;0;0;0;1;0
2512;CO;10-12-2025;16;62;926;10-12-2025 15:15;CIPRESES-1;10662.27922;0;0;0;1;0;0;0;1;0
2512;CO;10-12-2025;16;63;927;10-12-2025 15:30;CIPRESES-1;10765.64955;0;0;0;1;0;0;0;1;0
2512;CO;10-12-2025;16;64;928;10-12-2025 15:45;CIPRESES-1;10511.2588;0;0;0;1;0;0;0;1;0
2512;CO;10-12-2025;17;65;929;10-12-2025 16:00;CIPRESES-1;11423.56937;0;0;0;1;0;0;0;1;0
2512;CO;10-12-2025;17;66;930;10-12-2025 16:15;CIPRESES-1;11533.27072;0;0;0;1;0;0;0;1;0
2512;CO;10-12-2025;17;67;931;10-12-2025 16:30;CIPRESES-1;11480.61213;0;0;0;1;0;0;0;1;0
2512;CO;10-12-2025;17;68;932;10-12-2025 16:45;CIPRESES-1;11153.7026;0;0;0;1;0;0;0;1;0
2512;CO;10-12-2025;18;69;933;10-12-2025 17:00;CIPRESES-1;5953.048067;0;0.66892998;0;0.33107002;0;0;0.66892998;0.33107002;0
2512;CO;10-12-2025;18;70;934;10-12-2025 17:15;CIPRESES-1;6087.133161;0;0.66892998;0;0.33107002;0;0;0.66892998;0.33107002;0
2512;CO;10-12-2025;18;71;935;10-12-2025 17:30;CIPRESES-1;6060.317694;0;0.66892998;0;0.33107002;0;0;0.66892998;0.33107002;0
2512;CO;10-12-2025;18;72;936;10-12-2025 17:45;CIPRESES-1;6071.97738;0;0.66892998;0;0.33107002;0;0;0.66892998;0.33107002;0
2512;CO;11-12-2025;12;45;1005;11-12-2025 11:00;CIPRESES-1;24328.62973;0;0;0;1;0;0;0;1;0
2512;CO;11-12-2025;12;46;1006;11-12-2025 11:15;CIPRESES-1;19021.81789;0;0;0;1;0;0;0;1;0
2512;CO;11-12-2025;12;47;1007;11-12-2025 11:30;CIPRESES-1;18908.5007;0;0;0;1;0;0;0;1;0
2512;CO;11-12-2025;12;48;1008;11-12-2025 11:45;CIPRESES-1;19162.92354;0;0;0;1;0;0;0;1;0
2512;CO;11-12-2025;13;49;1009;11-12-2025 12:00;CIPRESES-1;38746.85121;0;0;0;1;0;0;0;1;0
2512;CO;11-12-2025;13;50;1010;11-12-2025 12:15;CIPRESES-1;38449.60162;0;0;0;1;0;0;0;1;0
2512;CO;11-12-2025;13;51;1011;11-12-2025 12:30;CIPRESES-1;38807.16951;0;0;0;1;0;0;0;1;0
2512;CO;11-12-2025;13;52;1012;11-12-2025 12:45;CIPRESES-1;38453.90883;0;0;0;1;0;0;0;1;0
2512;CO;11-12-2025;14;53;1013;11-12-2025 13:00;CIPRESES-1;45859.62118;0;0;0;1;0;0;0;1;0
2512;CO;11-12-2025;14;54;1014;11-12-2025 13:15;CIPRESES-1;45859.62118;0;0;0;1;0;0;0;1;0
2512;CO;11-12-2025;14;55;1015;11-12-2025 13:30;CIPRESES-1;46003.39992;0;0;0;1;0;0;0;1;0
2512;CO;11-12-2025;14;56;1016;11-12-2025 13:45;CIPRESES-1;45808.27237;0;0;0;1;0;0;0;1;0
2512;CO;11-12-2025;22;85;1045;11-12-2025 21:00;CIPRESES-1;23541.18273;0;0;0.959696539;0.040303461;0;0;0;1;0
2512;CO;11-12-2025;22;86;1046;11-12-2025 21:15;CIPRESES-1;48176.63961;0;0;0.959696539;0.040303461;0;0;0;1;0
2512;CO;11-12-2025;22;87;1047;11-12-2025 21:30;CIPRESES-1;48807.21277;0;0;0.959696539;0.040303461;0;0;0;1;0
2512;CO;11-12-2025;22;88;1048;11-12-2025 21:45;CIPRESES-1;35036.77467;0;0;0.959696539;0.040303461;0;0;0;1;0
2512;CO;11-12-2025;24;93;1053;11-12-2025 23:00;CIPRESES-1;0;0;0.12809383;0.87190617;0;0;0;0.12809383;0.87190617;0
2512;CO;11-12-2025;24;94;1054;11-12-2025 23:15;CIPRESES-1;0;0;0.12809383;0.87190617;0;0;0;0.12809383;0.87190617;0
2512;CO;11-12-2025;24;95;1055;11-12-2025 23:30;CIPRESES-1;0;0;0.12809383;0.87190617;0;0;0;0.12809383;0.87190617;0
2512;CO;11-12-2025;24;96;1056;11-12-2025 23:45;CIPRESES-1;0;0;0.12809383;0.87190617;0;0;0;0.12809383;0.87190617;0
2512;CO;12-12-2025;6;23;1079;12-12-2025 5:30;CIPRESES-1;330.1729578;0;0;0.77893691;0.22106309;0;0;0;1;0
2512;CO;12-12-2025;6;24;1080;12-12-2025 5:45;CIPRESES-1;213.7994665;0;0;0.77893691;0.22106309;0;0;0;1;0
2512;CO;12-12-2025;7;25;1081;12-12-2025 6:00;CIPRESES-1;16738.79222;0;0.180985504;0.819014496;0;0;0;0.180985504;0.819014496;0
2512;CO;12-12-2025;7;26;1082;12-12-2025 6:15;CIPRESES-1;16206.18263;0;0.180985504;0.819014496;0;0;0;0.180985504;0.819014496;0
2512;CO;12-12-2025;7;27;1083;12-12-2025 6:30;CIPRESES-1;23301.20189;0;0.180985504;0.819014496;0;0;0;0.180985504;0.819014496;0
2512;CO;12-12-2025;7;28;1084;12-12-2025 6:45;CIPRESES-1;23283.88875;0;0.180985504;0.819014496;0;0;0;0.180985504;0.819014496;0
2512;CO;12-12-2025;21;81;1137;12-12-2025 20:00;CIPRESES-1;0;0;0.17736186;0.82263814;0;0;0;0.17736186;0.82263814;0
2512;CO;12-12-2025;22;86;1142;12-12-2025 21:15;CIPRESES-1;9605.197016;0;0.155385037;0.844614963;0;0;0;0.155385037;0.844614963;0
2512;CO;12-12-2025;22;87;1143;12-12-2025 21:30;CIPRESES-1;12714.7927;0;0.155385037;0.844614963;0;0;0;0.155385037;0.844614963;0
2512;CO;12-12-2025;22;88;1144;12-12-2025 21:45;CIPRESES-1;12451.66996;0;0.155385037;0.844614963;0;0;0;0.155385037;0.844614963;0
2512;CO;12-12-2025;23;89;1145;12-12-2025 22:00;CIPRESES-1;9799.678872;0;0.14856544;0.85143456;0;0;0;0.14856544;0.85143456;0
2512;CO;12-12-2025;23;91;1147;12-12-2025 22:30;CIPRESES-1;8557.207845;0;0.14856544;0.85143456;0;0;0;0.14856544;0.85143456;0
2512;CO;12-12-2025;23;92;1148;12-12-2025 22:45;CIPRESES-1;10676.81405;0;0.14856544;0.85143456;0;0;0;0.14856544;0.85143456;0
2512;CO;12-12-2025;24;93;1149;12-12-2025 23:00;CIPRESES-1;11269.37493;0;0.100811052;0.899188948;0;0;0;0.100811052;0.899188948;0
2512;CO;12-12-2025;24;94;1150;12-12-2025 23:15;CIPRESES-1;9058.624744;0;0.100811052;0.899188948;0;0;0;0.100811052;0.899188948;0
2512;CO;12-12-2025;24;95;1151;12-12-2025 23:30;CIPRESES-1;71580.82948;0;0.100811052;0.899188948;0;0;0;0.100811052;0.899188948;0
2512;CO;12-12-2025;24;96;1152;12-12-2025 23:45;CIPRESES-1;167754.8966;0;0.100811052;0.899188948;0;0;0;0.100811052;0.899188948;0
2512;CO;13-12-2025;1;1;1153;13-12-2025 0:00;CIPRESES-1;100801.834;0.499332262;0.500667738;0;0;0;0;1;0;0
2512;CO;13-12-2025;1;2;1154;13-12-2025 0:15;CIPRESES-1;77175.32862;0.499332262;0.500667738;0;0;0;0;1;0;0
2512;CO;13-12-2025;1;3;1155;13-12-2025 0:30;CIPRESES-1;32994.35409;0.499332262;0.500667738;0;0;0;0;1;0;0
2512;CO;13-12-2025;1;4;1156;13-12-2025 0:45;CIPRESES-1;32861.72451;0.499332262;0.500667738;0;0;0;0;1;0;0
2512;CO;13-12-2025;2;5;1157;13-12-2025 1:00;CIPRESES-1;24008.71894;0;1;0;0;0;0;1;0;0
2512;CO;13-12-2025;2;6;1158;13-12-2025 1:15;CIPRESES-1;23298.61965;0;1;0;0;0;0;1;0;0
2512;CO;13-12-2025;2;7;1159;13-12-2025 1:30;CIPRESES-1;23925.1727;0;1;0;0;0;0;1;0;0
2512;CO;13-12-2025;2;8;1160;13-12-2025 1:45;CIPRESES-1;23688.4778;0;1;0;0;0;0;1;0;0
2512;CO;13-12-2025;3;9;1161;13-12-2025 2:00;CIPRESES-1;716.6868555;0.723170989;0.276829011;0;0;0;0;1;0;0
2512;CO;13-12-2025;3;11;1163;13-12-2025 2:30;CIPRESES-1;5899.033471;0.723170989;0.276829011;0;0;0;0;1;0;0
2512;CO;13-12-2025;3;12;1164;13-12-2025 2:45;CIPRESES-1;20746.41729;0.723170989;0.276829011;0;0;0;0;1;0;0
2512;CO;13-12-2025;21;81;1233;13-12-2025 20:00;CIPRESES-1;2215.98615;0.130432236;0.869567764;0;0;0;0;1;0;0
2512;CO;14-12-2025;21;83;1331;14-12-2025 20:30;CIPRESES-1;133.7128929;0;1;0;0;0;0;1;0;0
2512;CO;15-12-2025;21;81;1425;15-12-2025 20:00;CIPRESES-1;0;0;0;0;1;0;0;0;1;0
2512;CO;15-12-2025;21;82;1426;15-12-2025 20:15;CIPRESES-1;0;0;0;0;1;0;0;0;1;0
2512;CO;15-12-2025;21;83;1427;15-12-2025 20:30;CIPRESES-1;0;0;0;0;1;0;0;0;1;0
2512;CO;15-12-2025;21;84;1428;15-12-2025 20:45;CIPRESES-1;0;0;0;0;1;0;0;0;1;0
2512;CO;15-12-2025;22;85;1429;15-12-2025 21:00;CIPRESES-1;0;0;0;0;1;0;0;0;1;0
2512;CO;15-12-2025;22;86;1430;15-12-2025 21:15;CIPRESES-1;0;0;0;0;1;0;0;0;1;0
2512;CO;15-12-2025;22;87;1431;15-12-2025 21:30;CIPRESES-1;0;0;0;0;1;0;0;0;1;0
2512;CO;15-12-2025;22;88;1432;15-12-2025 21:45;CIPRESES-1;0;0;0;0;1;0;0;0;1;0
2512;CO;16-12-2025;21;82;1522;16-12-2025 20:15;CIPRESES-1;2760.719128;0;0;1;0;0;0;0;1;0
2512;CO;16-12-2025;21;83;1523;16-12-2025 20:30;CIPRESES-1;10783.9429;0;0;1;0;0;0;0;1;0
2512;CO;16-12-2025;21;84;1524;16-12-2025 20:45;CIPRESES-1;14884.49639;0;0;1;0;0;0;0;1;0
2512;CO;16-12-2025;22;85;1525;16-12-2025 21:00;CIPRESES-1;19860.279;0;0;1;0;0;0;0;1;0
2512;CO;16-12-2025;22;86;1526;16-12-2025 21:15;CIPRESES-1;21773.57433;0;0;1;0;0;0;0;1;0
2512;CO;16-12-2025;22;87;1527;16-12-2025 21:30;CIPRESES-1;51666.98762;0;0;1;0;0;0;0;1;0
2512;CO;16-12-2025;22;88;1528;16-12-2025 21:45;CIPRESES-1;144839.5841;0;0;1;0;0;0;0;1;0
2512;CO;16-12-2025;23;89;1529;16-12-2025 22:00;CIPRESES-1;293641.7711;0;0;1;0;0;0;0;1;0
2512;CO;16-12-2025;23;90;1530;16-12-2025 22:15;CIPRESES-1;288217.4892;0;0;1;0;0;0;0;1;0
2512;CO;16-12-2025;23;91;1531;16-12-2025 22:30;CIPRESES-1;287614.8154;0;0;1;0;0;0;0;1;0
2512;CO;16-12-2025;23;92;1532;16-12-2025 22:45;CIPRESES-1;286744.2443;0;0;1;0;0;0;0;1;0
2512;CO;16-12-2025;24;93;1533;16-12-2025 23:00;CIPRESES-1;65553.6173;0;0;1;0;0;0;0;1;0
2512;CO;16-12-2025;24;94;1534;16-12-2025 23:15;CIPRESES-1;36467.67241;0;0;1;0;0;0;0;1;0
2512;CO;16-12-2025;24;95;1535;16-12-2025 23:30;CIPRESES-1;19364.79953;0;0;1;0;0;0;0;1;0
2512;CO;16-12-2025;24;96;1536;16-12-2025 23:45;CIPRESES-1;16239.58485;0;0;1;0;0;0;0;1;0
2512;CO;17-12-2025;1;1;1537;17-12-2025 0:00;CIPRESES-1;61089.68523;0;1;0;0;0;0;1;0;0
2512;CO;17-12-2025;1;2;1538;17-12-2025 0:15;CIPRESES-1;63581.82062;0;1;0;0;0;0;1;0;0
2512;CO;17-12-2025;1;3;1539;17-12-2025 0:30;CIPRESES-1;26085.95454;0;1;0;0;0;0;1;0;0
2512;CO;17-12-2025;1;4;1540;17-12-2025 0:45;CIPRESES-1;1143.67989;0;1;0;0;0;0;1;0;0
2512;CO;17-12-2025;21;83;1619;17-12-2025 20:30;CIPRESES-1;40850.03357;0;0.229476044;0.593295007;0.177228949;0;0;0.229476044;0.770523956;0
2512;CO;17-12-2025;21;84;1620;17-12-2025 20:45;CIPRESES-1;57258.7608;0;0.229476044;0.593295007;0.177228949;0;0;0.229476044;0.770523956;0
2512;CO;17-12-2025;22;85;1621;17-12-2025 21:00;CIPRESES-1;81656.7032;0;0.580566472;0.372679225;0.046754303;0;0;0.580566472;0.419433528;0
2512;CO;17-12-2025;22;86;1622;17-12-2025 21:15;CIPRESES-1;27088.41734;0;0.580566472;0.372679225;0.046754303;0;0;0.580566472;0.419433528;0
2512;CO;17-12-2025;22;87;1623;17-12-2025 21:30;CIPRESES-1;17629.64203;0;0.580566472;0.372679225;0.046754303;0;0;0.580566472;0.419433528;0
2512;CO;17-12-2025;22;88;1624;17-12-2025 21:45;CIPRESES-1;17657.47751;0;0.580566472;0.372679225;0.046754303;0;0;0.580566472;0.419433528;0
2512;CO;17-12-2025;23;89;1625;17-12-2025 22:00;CIPRESES-1;18096.10213;0;0.708276225;0.291723775;0;0;0;0.708276225;0.291723775;0
2512;CO;17-12-2025;23;90;1626;17-12-2025 22:15;CIPRESES-1;16915.04776;0;0.708276225;0.291723775;0;0;0;0.708276225;0.291723775;0
2512;CO;17-12-2025;23;91;1627;17-12-2025 22:30;CIPRESES-1;16113.61734;0;0.708276225;0.291723775;0;0;0;0.708276225;0.291723775;0
2512;CO;18-12-2025;3;12;1644;18-12-2025 2:45;CIPRESES-1;0;0;0;0;0;0;0;0;0;0
2512;CO;18-12-2025;4;13;1645;18-12-2025 3:00;CIPRESES-1;0;0;0;0;0;0;0;0;0;0
2512;CO;18-12-2025;4;14;1646;18-12-2025 3:15;CIPRESES-1;0;0;0;0;0;0;0;0;0;0
2512;CO;18-12-2025;20;79;1711;18-12-2025 19:30;CIPRESES-1;22147.71338;0;0;0;1;0;0;0;1;0
2512;CO;18-12-2025;20;80;1712;18-12-2025 19:45;CIPRESES-1;22317.49724;0;0;0;1;0;0;0;1;0
2512;CO;18-12-2025;21;81;1713;18-12-2025 20:00;CIPRESES-1;14634.64725;0;0;0;1;0;0;0;1;0
2512;CO;18-12-2025;21;82;1714;18-12-2025 20:15;CIPRESES-1;13987.49101;0;0;0;1;0;0;0;1;0
2512;CO;18-12-2025;21;83;1715;18-12-2025 20:30;CIPRESES-1;13422.15619;0;0;0;1;0;0;0;1;0
2512;CO;18-12-2025;21;84;1716;18-12-2025 20:45;CIPRESES-1;13370.08709;0;0;0;1;0;0;0;1;0
2512;CO;18-12-2025;22;85;1717;18-12-2025 21:00;CIPRESES-1;34434.10575;0;0;0;1;0;0;0;1;0
2512;CO;18-12-2025;22;86;1718;18-12-2025 21:15;CIPRESES-1;29683.14223;0;0;0;1;0;0;0;1;0
2512;CO;18-12-2025;22;87;1719;18-12-2025 21:30;CIPRESES-1;30013.96246;0;0;0;1;0;0;0;1;0
2512;CO;18-12-2025;22;88;1720;18-12-2025 21:45;CIPRESES-1;33853.49302;0;0;0;1;0;0;0;1;0
2512;CO;19-12-2025;2;5;1733;19-12-2025 1:00;CIPRESES-1;0;0;1;0;0;0;0;1;0;0
2512;CO;19-12-2025;2;6;1734;19-12-2025 1:15;CIPRESES-1;217.3849308;0;1;0;0;0;0;1;0;0
2512;CO;19-12-2025;2;7;1735;19-12-2025 1:30;CIPRESES-1;0;0;1;0;0;0;0;1;0;0
2512;CO;19-12-2025;2;8;1736;19-12-2025 1:45;CIPRESES-1;3017.980629;0;1;0;0;0;0;1;0;0
2512;CO;19-12-2025;6;21;1749;19-12-2025 5:00;CIPRESES-1;0;0;0;0;0;0;0;0;0;0
2512;CO;19-12-2025;6;22;1750;19-12-2025 5:15;CIPRESES-1;0;0;0;0;0;0;0;0;0;0
2512;CO;19-12-2025;6;23;1751;19-12-2025 5:30;CIPRESES-1;0;0;0;0;0;0;0;0;0;0
2512;CO;19-12-2025;6;24;1752;19-12-2025 5:45;CIPRESES-1;0;0;0;0;0;0;0;0;0;0
2512;CO;19-12-2025;7;25;1753;19-12-2025 6:00;CIPRESES-1;0;0;0;0;0;0;0;0;0;0
2512;CO;19-12-2025;7;26;1754;19-12-2025 6:15;CIPRESES-1;0;0;0;0;0;0;0;0;0;0
2512;CO;19-12-2025;7;27;1755;19-12-2025 6:30;CIPRESES-1;0;0;0;0;0;0;0;0;0;0
2512;CO;19-12-2025;7;28;1756;19-12-2025 6:45;CIPRESES-1;0;0;0;0;0;0;0;0;0;0
2512;CO;19-12-2025;8;29;1757;19-12-2025 7:00;CIPRESES-1;0;0;0;0;0;0;0;0;0;0
2512;CO;19-12-2025;21;81;1809;19-12-2025 20:00;CIPRESES-1;16180.48003;0;0.571950757;0;0.428049243;0;0;0.571950757;0.428049243;0
2512;CO;19-12-2025;21;82;1810;19-12-2025 20:15;CIPRESES-1;17825.70045;0;0.571950757;0;0.428049243;0;0;0.571950757;0.428049243;0
2512;CO;19-12-2025;21;83;1811;19-12-2025 20:30;CIPRESES-1;29796.27138;0;0.571950757;0;0.428049243;0;0;0.571950757;0.428049243;0
2512;CO;19-12-2025;21;84;1812;19-12-2025 20:45;CIPRESES-1;29492.79612;0;0.571950757;0;0.428049243;0;0;0.571950757;0.428049243;0
2512;CO;20-12-2025;22;85;1909;20-12-2025 21:00;CIPRESES-1;1089.769675;0;0.53746531;0.46253469;0;0;0;0.53746531;0.46253469;0
2512;CO;20-12-2025;22;86;1910;20-12-2025 21:15;CIPRESES-1;693.7535121;0;0.53746531;0.46253469;0;0;0;0.53746531;0.46253469;0
2512;CO;20-12-2025;24;94;1918;20-12-2025 23:15;CIPRESES-1;84.80769557;0;0.481607432;0.518392568;0;0;0;0.481607432;0.518392568;0
2512;CO;21-12-2025;2;8;1928;21-12-2025 1:45;CIPRESES-1;1202.22881;0;1;0;0;0;0;1;0;0
2512;CO;21-12-2025;3;9;1929;21-12-2025 2:00;CIPRESES-1;3937.923507;0;1;0;0;0;0;1;0;0
2512;CO;21-12-2025;3;10;1930;21-12-2025 2:15;CIPRESES-1;3641.920804;0;1;0;0;0;0;1;0;0
2512;CO;21-12-2025;3;11;1931;21-12-2025 2:30;CIPRESES-1;3554.863383;0;1;0;0;0;0;1;0;0
2512;CO;21-12-2025;3;12;1932;21-12-2025 2:45;CIPRESES-1;3554.863383;0;1;0;0;0;0;1;0;0
2512;CO;21-12-2025;4;13;1933;21-12-2025 3:00;CIPRESES-1;539.0830699;0;1;0;0;0;0;1;0;0
2512;CO;21-12-2025;4;15;1935;21-12-2025 3:30;CIPRESES-1;1519.936558;0;1;0;0;0;0;1;0;0
2512;CO;21-12-2025;4;16;1936;21-12-2025 3:45;CIPRESES-1;1415.351599;0;1;0;0;0;0;1;0;0
2512;CO;21-12-2025;5;17;1937;21-12-2025 4:00;CIPRESES-1;1410.076038;0;1;0;0;0;0;1;0;0
2512;CO;21-12-2025;5;18;1938;21-12-2025 4:15;CIPRESES-1;1378.417662;0;1;0;0;0;0;1;0;0
2512;CO;21-12-2025;5;19;1939;21-12-2025 4:30;CIPRESES-1;1303.231142;0;1;0;0;0;0;1;0;0
2512;CO;21-12-2025;5;20;1940;21-12-2025 4:45;CIPRESES-1;1366.547894;0;1;0;0;0;0;1;0;0
2512;CO;21-12-2025;6;21;1941;21-12-2025 5:00;CIPRESES-1;0;0;1;0;0;0;0;1;0;0
2512;CO;21-12-2025;6;22;1942;21-12-2025 5:15;CIPRESES-1;0;0;1;0;0;0;0;1;0;0
2512;CO;21-12-2025;6;23;1943;21-12-2025 5:30;CIPRESES-1;0;0;1;0;0;0;0;1;0;0
2512;CO;22-12-2025;1;1;2017;22-12-2025 0:00;CIPRESES-1;651.1511554;0;0.217140162;0.782859838;0;0;0;0.217140162;0.782859838;0
2512;CO;22-12-2025;1;2;2018;22-12-2025 0:15;CIPRESES-1;887.9451022;0;0.217140162;0.782859838;0;0;0;0.217140162;0.782859838;0
2512;CO;22-12-2025;2;7;2023;22-12-2025 1:30;CIPRESES-1;1219.970169;0;0.024422617;0.975577383;0;0;0;0.024422617;0.975577383;0
2512;CO;22-12-2025;2;8;2024;22-12-2025 1:45;CIPRESES-1;1687.420755;0;0.024422617;0.975577383;0;0;0;0.024422617;0.975577383;0
2512;CO;22-12-2025;3;9;2025;22-12-2025 2:00;CIPRESES-1;1909.14363;0;0;1;0;0;0;0;1;0
2512;CO;22-12-2025;4;13;2029;22-12-2025 3:00;CIPRESES-1;1643.81483;0;0;1;0;0;0;0;1;0
2512;CO;22-12-2025;4;14;2030;22-12-2025 3:15;CIPRESES-1;23281.04086;0;0;1;0;0;0;0;1;0
2512;CO;22-12-2025;4;15;2031;22-12-2025 3:30;CIPRESES-1;24875.40178;0;0;1;0;0;0;0;1;0
2512;CO;22-12-2025;4;16;2032;22-12-2025 3:45;CIPRESES-1;11531.99281;0;0;1;0;0;0;0;1;0
2512;CO;22-12-2025;5;17;2033;22-12-2025 4:00;CIPRESES-1;7413.404468;0;0;0.959772835;0.040227165;0;0;0;1;0
2512;CO;22-12-2025;5;18;2034;22-12-2025 4:15;CIPRESES-1;22951.33951;0;0;0.959772835;0.040227165;0;0;0;1;0
2512;CO;22-12-2025;5;19;2035;22-12-2025 4:30;CIPRESES-1;23562.33936;0;0;0.959772835;0.040227165;0;0;0;1;0
2512;CO;22-12-2025;5;20;2036;22-12-2025 4:45;CIPRESES-1;24044.71614;0;0;0.959772835;0.040227165;0;0;0;1;0
2512;CO;22-12-2025;6;21;2037;22-12-2025 5:00;CIPRESES-1;30202.64435;0;0;1;0;0;0;0;1;0
2512;CO;22-12-2025;6;22;2038;22-12-2025 5:15;CIPRESES-1;17657.38813;0;0;1;0;0;0;0;1;0
2512;CO;22-12-2025;6;23;2039;22-12-2025 5:30;CIPRESES-1;2565.31238;0;0;1;0;0;0;0;1;0
2512;CO;22-12-2025;7;25;2041;22-12-2025 6:00;CIPRESES-1;28663.8646;0;0;0.898176778;0.101823222;0;0;0;1;0
2512;CO;22-12-2025;7;26;2042;22-12-2025 6:15;CIPRESES-1;46513.49626;0;0;0.898176778;0.101823222;0;0;0;1;0
2512;CO;22-12-2025;7;27;2043;22-12-2025 6:30;CIPRESES-1;19048.72322;0;0;0.898176778;0.101823222;0;0;0;1;0
2512;CO;22-12-2025;7;28;2044;22-12-2025 6:45;CIPRESES-1;6033.539631;0;0;0.898176778;0.101823222;0;0;0;1;0
2512;CO;22-12-2025;8;29;2045;22-12-2025 7:00;CIPRESES-1;4978.536651;0;0;1;0;0;0;0;1;0
2512;CO;22-12-2025;21;81;2097;22-12-2025 20:00;CIPRESES-1;1903.816166;0;0.193430353;0.544570077;0.26199957;0;0;0.193430353;0.806569647;0
2512;CO;22-12-2025;21;82;2098;22-12-2025 20:15;CIPRESES-1;768.7674637;0;0.193430353;0.544570077;0.26199957;0;0;0.193430353;0.806569647;0
2512;CO;22-12-2025;21;83;2099;22-12-2025 20:30;CIPRESES-1;9804.518069;0;0.193430353;0.544570077;0.26199957;0;0;0.193430353;0.806569647;0
2512;CO;22-12-2025;21;84;2100;22-12-2025 20:45;CIPRESES-1;11772.05363;0;0.193430353;0.544570077;0.26199957;0;0;0.193430353;0.806569647;0
2512;CO;22-12-2025;22;85;2101;22-12-2025 21:00;CIPRESES-1;9897.267618;0;0.153087479;0.527444254;0.319468268;0;0;0.153087479;0.846912521;0
2512;CO;22-12-2025;22;86;2102;22-12-2025 21:15;CIPRESES-1;9496.291242;0;0.153087479;0.527444254;0.319468268;0;0;0.153087479;0.846912521;0
2512;CO;22-12-2025;22;87;2103;22-12-2025 21:30;CIPRESES-1;9277.575281;0;0.153087479;0.527444254;0.319468268;0;0;0.153087479;0.846912521;0
2512;CO;22-12-2025;22;88;2104;22-12-2025 21:45;CIPRESES-1;10286.08637;0;0.153087479;0.527444254;0.319468268;0;0;0.153087479;0.846912521;0
2512;CO;22-12-2025;23;89;2105;22-12-2025 22:00;CIPRESES-1;6171.95589;0;0.344668744;0.468545364;0.186785892;0;0;0.344668744;0.655331256;0
2512;CO;22-12-2025;23;90;2106;22-12-2025 22:15;CIPRESES-1;5524.392593;0;0.344668744;0.468545364;0.186785892;0;0;0.344668744;0.655331256;0
2512;CO;22-12-2025;23;91;2107;22-12-2025 22:30;CIPRESES-1;4908.413357;0;0.344668744;0.468545364;0.186785892;0;0;0.344668744;0.655331256;0
2512;CO;22-12-2025;23;92;2108;22-12-2025 22:45;CIPRESES-1;4448.969949;0;0.344668744;0.468545364;0.186785892;0;0;0.344668744;0.655331256;0
2512;CO;22-12-2025;24;93;2109;22-12-2025 23:00;CIPRESES-1;5534.374976;0;0.384640103;0.432197943;0.183161954;0;0;0.384640103;0.615359897;0
2512;CO;22-12-2025;24;94;2110;22-12-2025 23:15;CIPRESES-1;5290.443522;0;0.384640103;0.432197943;0.183161954;0;0;0.384640103;0.615359897;0
2512;CO;22-12-2025;24;95;2111;22-12-2025 23:30;CIPRESES-1;5301.532753;0;0.384640103;0.432197943;0.183161954;0;0;0.384640103;0.615359897;0
2512;CO;22-12-2025;24;96;2112;22-12-2025 23:45;CIPRESES-1;5445.661124;0;0.384640103;0.432197943;0.183161954;0;0;0.384640103;0.615359897;0
2512;CO;23-12-2025;1;1;2113;23-12-2025 0:00;CIPRESES-1;7562.430033;0;1;0;0;0;0;1;0;0
2512;CO;23-12-2025;1;2;2114;23-12-2025 0:15;CIPRESES-1;8776.925913;0;1;0;0;0;0;1;0;0
2512;CO;23-12-2025;1;3;2115;23-12-2025 0:30;CIPRESES-1;13603.27533;0;1;0;0;0;0;1;0;0
2512;CO;23-12-2025;1;4;2116;23-12-2025 0:45;CIPRESES-1;13789.07718;0;1;0;0;0;0;1;0;0
2512;CO;23-12-2025;2;5;2117;23-12-2025 1:00;CIPRESES-1;55081.16734;0;1;0;0;0;0;1;0;0
2512;CO;23-12-2025;2;6;2118;23-12-2025 1:15;CIPRESES-1;50931.98624;0;1;0;0;0;0;1;0;0
2512;CO;23-12-2025;2;7;2119;23-12-2025 1:30;CIPRESES-1;23417.78023;0;1;0;0;0;0;1;0;0
2512;CO;23-12-2025;2;8;2120;23-12-2025 1:45;CIPRESES-1;23407.55145;0;1;0;0;0;0;1;0;0
2512;CO;23-12-2025;3;9;2121;23-12-2025 2:00;CIPRESES-1;0;0;0;0;0;0;0;0;0;0
2512;CO;23-12-2025;3;10;2122;23-12-2025 2:15;CIPRESES-1;0;0;0;0;0;0;0;0;0;0
2512;CO;23-12-2025;3;11;2123;23-12-2025 2:30;CIPRESES-1;0;0;0;0;0;0;0;0;0;0
2512;CO;23-12-2025;3;12;2124;23-12-2025 2:45;CIPRESES-1;0;0;0;0;0;0;0;0;0;0
2512;CO;23-12-2025;4;13;2125;23-12-2025 3:00;CIPRESES-1;0;0;0;0;0;0;0;0;0;0
2512;CO;23-12-2025;4;14;2126;23-12-2025 3:15;CIPRESES-1;0;0;0;0;0;0;0;0;0;0
2512;CO;23-12-2025;4;15;2127;23-12-2025 3:30;CIPRESES-1;0;0;0;0;0;0;0;0;0;0
2512;CO;23-12-2025;4;16;2128;23-12-2025 3:45;CIPRESES-1;0;0;0;0;0;0;0;0;0;0
2512;CO;23-12-2025;5;17;2129;23-12-2025 4:00;CIPRESES-1;0;0;0;0;0;0;0;0;0;0
2512;CO;23-12-2025;5;18;2130;23-12-2025 4:15;CIPRESES-1;0;0;0;0;0;0;0;0;0;0
2512;CO;23-12-2025;5;19;2131;23-12-2025 4:30;CIPRESES-1;0;0;0;0;0;0;0;0;0;0
2512;CO;23-12-2025;5;20;2132;23-12-2025 4:45;CIPRESES-1;0;0;0;0;0;0;0;0;0;0
2512;CO;23-12-2025;6;21;2133;23-12-2025 5:00;CIPRESES-1;32295.33458;0;0;0;1;0;0;0;1;0
2512;CO;23-12-2025;6;22;2134;23-12-2025 5:15;CIPRESES-1;25780.10226;0;0;0;1;0;0;0;1;0
2512;CO;23-12-2025;6;23;2135;23-12-2025 5:30;CIPRESES-1;36804.51848;0;0;0;1;0;0;0;1;0
2512;CO;23-12-2025;6;24;2136;23-12-2025 5:45;CIPRESES-1;37413.47576;0;0;0;1;0;0;0;1;0
2512;CO;23-12-2025;7;25;2137;23-12-2025 6:00;CIPRESES-1;52238.35593;0;0;0;1;0;0;0;1;0
2512;CO;23-12-2025;7;26;2138;23-12-2025 6:15;CIPRESES-1;107011.1267;0;0;0;1;0;0;0;1;0
2512;CO;23-12-2025;7;27;2139;23-12-2025 6:30;CIPRESES-1;71266.68505;0;0;0;1;0;0;0;1;0
2512;CO;23-12-2025;7;28;2140;23-12-2025 6:45;CIPRESES-1;47024.72967;0;0;0;1;0;0;0;1;0
2512;CO;23-12-2025;8;29;2141;23-12-2025 7:00;CIPRESES-1;19325.97352;0;0;0;1;0;0;0;1;0
2512;CO;23-12-2025;8;30;2142;23-12-2025 7:15;CIPRESES-1;2552.219555;0;0;0;1;0;0;0;1;0
2512;CO;23-12-2025;21;81;2193;23-12-2025 20:00;CIPRESES-1;4030.026889;0;0.668229694;0;0.331770306;0;0;0.668229694;0.331770306;0
2512;CO;23-12-2025;21;82;2194;23-12-2025 20:15;CIPRESES-1;4070.498393;0;0.668229694;0;0.331770306;0;0;0.668229694;0.331770306;0
2512;CO;23-12-2025;21;83;2195;23-12-2025 20:30;CIPRESES-1;4016.536388;0;0.668229694;0;0.331770306;0;0;0.668229694;0.331770306;0
2512;CO;23-12-2025;21;84;2196;23-12-2025 20:45;CIPRESES-1;2869.843778;0;0.668229694;0;0.331770306;0;0;0.668229694;0.331770306;0
2512;CO;23-12-2025;22;85;2197;23-12-2025 21:00;CIPRESES-1;15461.21946;0;0.67186006;0;0.32813994;0;0;0.67186006;0.32813994;0
2512;CO;23-12-2025;22;86;2198;23-12-2025 21:15;CIPRESES-1;14905.32297;0;0.67186006;0;0.32813994;0;0;0.67186006;0.32813994;0
2512;CO;23-12-2025;22;87;2199;23-12-2025 21:30;CIPRESES-1;4228.58616;0;0.67186006;0;0.32813994;0;0;0.67186006;0.32813994;0
2512;CO;23-12-2025;22;88;2200;23-12-2025 21:45;CIPRESES-1;9315.695672;0;0.67186006;0;0.32813994;0;0;0.67186006;0.32813994;0
2512;CO;23-12-2025;23;89;2201;23-12-2025 22:00;CIPRESES-1;10943.4948;0;0.813530067;0;0.186469933;0;0;0.813530067;0.186469933;0
2512;CO;23-12-2025;23;90;2202;23-12-2025 22:15;CIPRESES-1;10524.38439;0;0.813530067;0;0.186469933;0;0;0.813530067;0.186469933;0
2512;CO;23-12-2025;23;91;2203;23-12-2025 22:30;CIPRESES-1;10433.58093;0;0.813530067;0;0.186469933;0;0;0.813530067;0.186469933;0
2512;CO;23-12-2025;23;92;2204;23-12-2025 22:45;CIPRESES-1;10077.32569;0;0.813530067;0;0.186469933;0;0;0.813530067;0.186469933;0
2512;CO;23-12-2025;24;93;2205;23-12-2025 23:00;CIPRESES-1;11229.83743;0;0.857292986;0;0.142707014;0;0;0.857292986;0.142707014;0
2512;CO;23-12-2025;24;94;2206;23-12-2025 23:15;CIPRESES-1;11167.69153;0;0.857292986;0;0.142707014;0;0;0.857292986;0.142707014;0
2512;CO;23-12-2025;24;95;2207;23-12-2025 23:30;CIPRESES-1;11291.98333;0;0.857292986;0;0.142707014;0;0;0.857292986;0.142707014;0
2512;CO;23-12-2025;24;96;2208;23-12-2025 23:45;CIPRESES-1;3006.712242;0;0.857292986;0;0.142707014;0;0;0.857292986;0.142707014;0
2512;CO;24-12-2025;5;19;2227;24-12-2025 4:30;CIPRESES-1;0;0;0;0;0;0;0;0;0;0
2512;CO;24-12-2025;5;20;2228;24-12-2025 4:45;CIPRESES-1;0;0;0;0;0;0;0;0;0;0
2512;CO;24-12-2025;6;24;2232;24-12-2025 5:45;CIPRESES-1;0;0;0;0;0;0;0;0;0;0
2512;CO;24-12-2025;8;29;2237;24-12-2025 7:00;CIPRESES-1;1147.9927;0;1;0;0;0;0;1;0;0
2512;CO;25-12-2025;1;1;2301;25-12-2025 0:00;CIPRESES-1;13659.61379;0.974000497;0.025999503;0;0;0;0;1;0;0
2512;CO;25-12-2025;1;2;2302;25-12-2025 0:15;CIPRESES-1;15257.80628;0.974000497;0.025999503;0;0;0;0;1;0;0
2512;CO;25-12-2025;1;3;2303;25-12-2025 0:30;CIPRESES-1;15731.0192;0.980202752;0.019797248;0;0;0;0;1;0;0
2512;CO;25-12-2025;1;4;2304;25-12-2025 0:45;CIPRESES-1;994.5907974;0.974000497;0.025999503;0;0;0;0;1;0;0
2512;CO;25-12-2025;2;7;2307;25-12-2025 1:30;CIPRESES-1;5451.185158;0;1;0;0;0;0;1;0;0
2512;CO;25-12-2025;2;8;2308;25-12-2025 1:45;CIPRESES-1;6586.30786;0;1;0;0;0;0;1;0;0
2512;CO;25-12-2025;3;9;2309;25-12-2025 2:00;CIPRESES-1;10402.10712;0.94562231;0.05437769;0;0;0;0;1;0;0
2512;CO;25-12-2025;4;14;2314;25-12-2025 3:15;CIPRESES-1;4358.136098;0.924890434;0.075109566;0;0;0;0;1;0;0
2512;CO;25-12-2025;4;15;2315;25-12-2025 3:30;CIPRESES-1;41554.50033;0.924890434;0.075109566;0;0;0;0;1;0;0
2512;CO;25-12-2025;4;16;2316;25-12-2025 3:45;CIPRESES-1;45435.5747;0.924890434;0.075109566;0;0;0;0;1;0;0
2512;CO;25-12-2025;5;17;2317;25-12-2025 4:00;CIPRESES-1;19493.47806;0.98741023;0;0;0.01258977;0;0;0.98741023;0.01258977;0
2512;CO;25-12-2025;6;22;2322;25-12-2025 5:15;CIPRESES-1;18439.7675;0.926655294;0.061839232;0;0.011505474;0;0;0.988494526;0.011505474;0
2512;CO;25-12-2025;6;23;2323;25-12-2025 5:30;CIPRESES-1;49677.08361;0.926655294;0.061839232;0;0.011505474;0;0;0.988494526;0.011505474;0
2512;CO;25-12-2025;6;24;2324;25-12-2025 5:45;CIPRESES-1;48911.10828;0.926655294;0.061839232;0;0.011505474;0;0;0.988494526;0.011505474;0
2512;CO;25-12-2025;21;82;2382;25-12-2025 20:15;CIPRESES-1;3847.816174;0;0.057720095;0;0.942279905;0;0;0.057720095;0.942279905;0
2512;CO;25-12-2025;21;83;2383;25-12-2025 20:30;CIPRESES-1;3241.371277;0;0.057720095;0;0.942279905;0;0;0.057720095;0.942279905;0
2512;CO;25-12-2025;21;84;2384;25-12-2025 20:45;CIPRESES-1;9360.19219;0;0.057720095;0;0.942279905;0;0;0.057720095;0.942279905;0
2512;CO;25-12-2025;22;85;2385;25-12-2025 21:00;CIPRESES-1;9449.248779;0;0.184951933;0;0.815048067;0;0;0.184951933;0.815048067;0
2512;CO;25-12-2025;22;86;2386;25-12-2025 21:15;CIPRESES-1;11990.00314;0;0.184951933;0;0.815048067;0;0;0.184951933;0.815048067;0
2512;CO;25-12-2025;22;87;2387;25-12-2025 21:30;CIPRESES-1;17389.59565;0;0.184951933;0;0.815048067;0;0;0.184951933;0.815048067;0
2512;CO;25-12-2025;22;88;2388;25-12-2025 21:45;CIPRESES-1;18216.79438;0;0.184951933;0;0.815048067;0;0;0.184951933;0.815048067;0
2512;CO;25-12-2025;23;89;2389;25-12-2025 22:00;CIPRESES-1;2346.279471;0.962594077;0.037405923;0;0;0;0;1;0;0
2512;CO;25-12-2025;23;90;2390;25-12-2025 22:15;CIPRESES-1;1185.248904;0.962594077;0.037405923;0;0;0;0;1;0;0
2512;CO;25-12-2025;23;91;2391;25-12-2025 22:30;CIPRESES-1;2395.544343;0.962594077;0.037405923;0;0;0;0;1;0;0
2512;CO;25-12-2025;23;92;2392;25-12-2025 22:45;CIPRESES-1;2274.723855;0.962594077;0.037405923;0;0;0;0;1;0;0
2512;CO;25-12-2025;24;93;2393;25-12-2025 23:00;CIPRESES-1;24924.73033;0.945028105;0.05171792;0;0.003253975;0;0;0.996746025;0.003253975;0
2512;CO;25-12-2025;24;94;2394;25-12-2025 23:15;CIPRESES-1;25765.77856;0.945028105;0.05171792;0;0.003253975;0;0;0.996746025;0.003253975;0
2512;CO;25-12-2025;24;95;2395;25-12-2025 23:30;CIPRESES-1;12993.64768;0.945028105;0.05171792;0;0.003253975;0;0;0.996746025;0.003253975;0
2512;CO;25-12-2025;24;96;2396;25-12-2025 23:45;CIPRESES-1;8924.78859;0.945028105;0.05171792;0;0.003253975;0;0;0.996746025;0.003253975;0
2512;CO;26-12-2025;4;15;2411;26-12-2025 3:30;CIPRESES-1;10836.3358;0.047370785;0.46194683;0;0.490682384;0;0;0.509317616;0.490682384;0
2512;CO;26-12-2025;4;16;2412;26-12-2025 3:45;CIPRESES-1;10558.1902;0.047370785;0.46194683;0;0.490682384;0;0;0.509317616;0.490682384;0
2512;CO;26-12-2025;5;17;2413;26-12-2025 4:00;CIPRESES-1;22235.88304;0;0.395354906;0;0.604645094;0;0;0.395354906;0.604645094;0
2512;CO;26-12-2025;5;18;2414;26-12-2025 4:15;CIPRESES-1;61689.73985;0;0.395354906;0;0.604645094;0;0;0.395354906;0.604645094;0
2512;CO;26-12-2025;5;19;2415;26-12-2025 4:30;CIPRESES-1;105746.886;0;0.395354906;0;0.604645094;0;0;0.395354906;0.604645094;0
2512;CO;26-12-2025;5;20;2416;26-12-2025 4:45;CIPRESES-1;108461.6314;0;0.395354906;0;0.604645094;0;0;0.395354906;0.604645094;0
2512;CO;26-12-2025;6;21;2417;26-12-2025 5:00;CIPRESES-1;146936.6537;0;0.314456565;0;0.685543435;0;0;0.314456565;0.685543435;0
2512;CO;26-12-2025;6;22;2418;26-12-2025 5:15;CIPRESES-1;122870.2973;0;0.314456565;0;0.685543435;0;0;0.314456565;0.685543435;0
2512;CO;26-12-2025;6;23;2419;26-12-2025 5:30;CIPRESES-1;154290.7876;0;0.314456565;0;0.685543435;0;0;0.314456565;0.685543435;0
2512;CO;26-12-2025;6;24;2420;26-12-2025 5:45;CIPRESES-1;154525.82;0;0.314456565;0;0.685543435;0;0;0.314456565;0.685543435;0
2512;CO;26-12-2025;7;25;2421;26-12-2025 6:00;CIPRESES-1;122137.1614;0.055795371;0.70615586;0;0.238048769;0;0;0.761951231;0.238048769;0
2512;CO;26-12-2025;7;26;2422;26-12-2025 6:15;CIPRESES-1;120251.6346;0.055795371;0.70615586;0;0.238048769;0;0;0.761951231;0.238048769;0
2512;CO;26-12-2025;7;27;2423;26-12-2025 6:30;CIPRESES-1;120527.5676;0.055795371;0.70615586;0;0.238048769;0;0;0.761951231;0.238048769;0
2512;CO;26-12-2025;7;28;2424;26-12-2025 6:45;CIPRESES-1;120803.5006;0.055795371;0.70615586;0;0.238048769;0;0;0.761951231;0.238048769;0
2512;CO;26-12-2025;21;83;2479;26-12-2025 20:30;CIPRESES-1;789.6497923;0;0.789006801;0;0.210993199;0;0;0.789006801;0.210993199;0
2512;CO;27-12-2025;5;18;2510;27-12-2025 4:15;CIPRESES-1;2524.508947;0;1;0;0;0;0;1;0;0
2512;CO;27-12-2025;5;19;2511;27-12-2025 4:30;CIPRESES-1;2758.32652;0;1;0;0;0;0;1;0;0
2512;CO;27-12-2025;5;20;2512;27-12-2025 4:45;CIPRESES-1;2696.293286;0;1;0;0;0;0;1;0;0
2512;CO;27-12-2025;7;25;2517;27-12-2025 6:00;CIPRESES-1;0;0;0;0;0;0;0;0;0;0
2512;CO;27-12-2025;7;26;2518;27-12-2025 6:15;CIPRESES-1;0;0;0;0;0;0;0;0;0;0
2512;CO;28-12-2025;21;81;2669;28-12-2025 20:00;CIPRESES-1;12874.95854;0.343546916;0.230750537;0.425702548;0;0;0;0.574297452;0.425702548;0
2512;CO;28-12-2025;24;93;2681;28-12-2025 23:00;CIPRESES-1;8436.276672;0.427344936;0.529469758;0;0.043185306;0;0;0.956814694;0.043185306;0
2512;CO;28-12-2025;24;94;2682;28-12-2025 23:15;CIPRESES-1;7384.06292;0.427344936;0.529469758;0;0.043185306;0;0;0.956814694;0.043185306;0
2512;CO;29-12-2025;5;19;2703;29-12-2025 4:30;CIPRESES-1;1146.234693;0;0;0;1;0;0;0;1;0
2512;CO;29-12-2025;5;20;2704;29-12-2025 4:45;CIPRESES-1;5188.952207;0;0;0;1;0;0;0;1;0
2512;CO;29-12-2025;6;21;2705;29-12-2025 5:00;CIPRESES-1;294.6925428;0;0;0;1;0;0;0;1;0
2512;CO;29-12-2025;6;22;2706;29-12-2025 5:15;CIPRESES-1;298.1538934;0;0;0;1;0;0;0;1;0
2512;CO;29-12-2025;6;23;2707;29-12-2025 5:30;CIPRESES-1;298.4201511;0;0;0;1;0;0;0;1;0
2512;CO;29-12-2025;6;24;2708;29-12-2025 5:45;CIPRESES-1;299.2189244;0;0;0;1;0;0;0;1;0
2512;CO;29-12-2025;7;25;2709;29-12-2025 6:00;CIPRESES-1;17627.6294;0.937906546;0;0;0.062093454;0;0;0.937906546;0.062093454;0
2512;CO;29-12-2025;7;28;2712;29-12-2025 6:45;CIPRESES-1;13540.7472;0.937906546;0;0;0.062093454;0;0;0.937906546;0.062093454;0
2512;CO;29-12-2025;8;29;2713;29-12-2025 7:00;CIPRESES-1;31212.59779;0;0;1;0;0;0;0;1;0
2512;CO;29-12-2025;8;30;2714;29-12-2025 7:15;CIPRESES-1;42931.10311;0;0;1;0;0;0;0;1;0
2512;CO;29-12-2025;20;80;2764;29-12-2025 19:45;CIPRESES-1;6310.763565;0;0;0;1;0;0;0;1;0
2512;CO;29-12-2025;21;81;2765;29-12-2025 20:00;CIPRESES-1;35115.58559;0.809197311;0;0;0.190802689;0;0;0.809197311;0.190802689;0
2512;CO;29-12-2025;21;82;2766;29-12-2025 20:15;CIPRESES-1;50086.47014;0.809197311;0;0;0.190802689;0;0;0.809197311;0.190802689;0
2512;CO;29-12-2025;21;83;2767;29-12-2025 20:30;CIPRESES-1;37256.0664;0.809197311;0;0;0.190802689;0;0;0.809197311;0.190802689;0
2512;CO;29-12-2025;21;84;2768;29-12-2025 20:45;CIPRESES-1;36158.94679;0.809197311;0;0;0.190802689;0;0;0.809197311;0.190802689;0
2512;CO;29-12-2025;22;85;2769;29-12-2025 21:00;CIPRESES-1;37510.31388;0.798547751;0;0;0.201452249;0;0;0.798547751;0.201452249;0
2512;CO;29-12-2025;22;86;2770;29-12-2025 21:15;CIPRESES-1;40149.1514;0.798547751;0;0;0.201452249;0;0;0.798547751;0.201452249;0
2512;CO;29-12-2025;22;87;2771;29-12-2025 21:30;CIPRESES-1;44657.29909;0.798547751;0;0;0.201452249;0;0;0.798547751;0.201452249;0
2512;CO;29-12-2025;22;88;2772;29-12-2025 21:45;CIPRESES-1;41269.43023;0.798547751;0;0;0.201452249;0;0;0.798547751;0.201452249;0
2512;CO;29-12-2025;23;89;2773;29-12-2025 22:00;CIPRESES-1;0;1;0;0;0;0;0;1;0;0
2512;CO;29-12-2025;23;90;2774;29-12-2025 22:15;CIPRESES-1;0;1;0;0;0;0;0;1;0;0
2512;CO;29-12-2025;23;91;2775;29-12-2025 22:30;CIPRESES-1;0;1;0;0;0;0;0;1;0;0
2512;CO;29-12-2025;23;92;2776;29-12-2025 22:45;CIPRESES-1;0;1;0;0;0;0;0;1;0;0
2512;CO;29-12-2025;24;93;2777;29-12-2025 23:00;CIPRESES-1;0;1;0;0;0;0;0;1;0;0
2512;CO;29-12-2025;24;94;2778;29-12-2025 23:15;CIPRESES-1;0;1;0;0;0;0;0;1;0;0
2512;CO;29-12-2025;24;95;2779;29-12-2025 23:30;CIPRESES-1;0;1;0;0;0;0;0;1;0;0
2512;CO;29-12-2025;24;96;2780;29-12-2025 23:45;CIPRESES-1;55.85430264;1;0;0;0;0;0;1;0;0
2512;CO;30-12-2025;1;2;2782;30-12-2025 0:15;CIPRESES-1;1742.001445;0;1;0;0;0;0;1;0;0
2512;CO;30-12-2025;1;3;2783;30-12-2025 0:30;CIPRESES-1;2251.748154;0;1;0;0;0;0;1;0;0
2512;CO;30-12-2025;3;9;2789;30-12-2025 2:00;CIPRESES-1;12523.46768;0;1;0;0;0;0;1;0;0
2512;CO;30-12-2025;3;10;2790;30-12-2025 2:15;CIPRESES-1;7233.501794;0;1;0;0;0;0;1;0;0
2512;CO;30-12-2025;6;24;2804;30-12-2025 5:45;CIPRESES-1;5082.456781;0;1;0;0;0;0;1;0;0
2512;CO;30-12-2025;7;25;2805;30-12-2025 6:00;CIPRESES-1;0;0;1;0;0;0;0;1;0;0
2512;CO;30-12-2025;7;26;2806;30-12-2025 6:15;CIPRESES-1;0;0;1;0;0;0;0;1;0;0
2512;CO;30-12-2025;7;27;2807;30-12-2025 6:30;CIPRESES-1;0;0;1;0;0;0;0;1;0;0
2512;CO;30-12-2025;8;29;2809;30-12-2025 7:00;CIPRESES-1;35190.98185;0;0.326434721;0.673565279;0;0;0;0.326434721;0.673565279;0
2512;CO;30-12-2025;8;30;2810;30-12-2025 7:15;CIPRESES-1;18280.04533;0;0.326434721;0.673565279;0;0;0;0.326434721;0.673565279;0
2512;CO;30-12-2025;21;81;2861;30-12-2025 20:00;CIPRESES-1;24938.81234;0;0;0;1;0;0;0;1;0
2512;CO;30-12-2025;21;82;2862;30-12-2025 20:15;CIPRESES-1;23895.59369;0;0;0;1;0;0;0;1;0
2512;CO;30-12-2025;21;83;2863;30-12-2025 20:30;CIPRESES-1;22404.4993;0;0;0;1;0;0;0;1;0
2512;CO;30-12-2025;21;84;2864;30-12-2025 20:45;CIPRESES-1;21566.42761;0;0;0;1;0;0;0;1;0
2512;CO;30-12-2025;22;85;2865;30-12-2025 21:00;CIPRESES-1;30028.24024;0.118465793;0;0;0.881534207;0;0;0.118465793;0.881534207;0
2512;CO;30-12-2025;22;86;2866;30-12-2025 21:15;CIPRESES-1;28887.0738;0.118465793;0;0;0.881534207;0;0;0.118465793;0.881534207;0
2512;CO;30-12-2025;22;87;2867;30-12-2025 21:30;CIPRESES-1;28301.8666;0.118465793;0;0;0.881534207;0;0;0.118465793;0.881534207;0
2512;CO;30-12-2025;22;88;2868;30-12-2025 21:45;CIPRESES-1;28414.2077;0.118465793;0;0;0.881534207;0;0;0.118465793;0.881534207;0
2512;CO;30-12-2025;23;89;2869;30-12-2025 22:00;CIPRESES-1;22677.15944;0;0.015559484;0;0.984440516;0;0;0.015559484;0.984440516;0
2512;CO;30-12-2025;23;90;2870;30-12-2025 22:15;CIPRESES-1;22820.93206;0;0.015559484;0;0.984440516;0;0;0.015559484;0.984440516;0
2512;CO;30-12-2025;23;91;2871;30-12-2025 22:30;CIPRESES-1;20508.64749;0;0.015559484;0;0.984440516;0;0;0.015559484;0.984440516;0
2512;CO;30-12-2025;23;92;2872;30-12-2025 22:45;CIPRESES-1;20340.90993;0;0.015559484;0;0.984440516;0;0;0.015559484;0.984440516;0
2512;CO;30-12-2025;24;93;2873;30-12-2025 23:00;CIPRESES-1;18717.79462;0.248034893;0.660779333;0;0.091185775;0;0;0.908814225;0.091185775;0
2512;CO;30-12-2025;24;94;2874;30-12-2025 23:15;CIPRESES-1;20323.50512;0.248034893;0.660779333;0;0.091185775;0;0;0.908814225;0.091185775;0
2512;CO;30-12-2025;24;95;2875;30-12-2025 23:30;CIPRESES-1;19589.39081;0.248034893;0.660779333;0;0.091185775;0;0;0.908814225;0.091185775;0
2512;CO;30-12-2025;24;96;2876;30-12-2025 23:45;CIPRESES-1;19284.4606;0.248034893;0.660779333;0;0.091185775;0;0;0.908814225;0.091185775;0
2512;CO;31-12-2025;23;89;2965;31-12-2025 22:00;CIPRESES-1;2805.475203;0;0.61775752;0;0.38224248;0;0;0.61775752;0.38224248;0
2512;CO;31-12-2025;23;90;2966;31-12-2025 22:15;CIPRESES-1;1459.718905;0;0.61775752;0;0.38224248;0;0;0.61775752;0.38224248;0
2512;CO;03-12-2025;8;29;221;03-12-2025 7:00;CIPRESES-3;0;0;0;0;0;0;0;0;0;0
2512;CO;03-12-2025;8;30;222;03-12-2025 7:15;CIPRESES-3;0;0;0;0;0;0;0;0;0;0
2512;CO;03-12-2025;20;78;270;03-12-2025 19:15;CIPRESES-3;0;0;0;0;1;0;0;0;1;0
2512;CO;03-12-2025;20;79;271;03-12-2025 19:30;CIPRESES-3;0;0;0;0;1;0;0;0;1;0
2512;CO;03-12-2025;20;80;272;03-12-2025 19:45;CIPRESES-3;0;0;0;0;1;0;0;0;1;0
2512;CO;04-12-2025;7;25;313;04-12-2025 6:00;CIPRESES-3;0;0;0;0;0;0;0;0;0;0
2512;CO;04-12-2025;7;26;314;04-12-2025 6:15;CIPRESES-3;0;0;0;0;0;0;0;0;0;0
2512;CO;04-12-2025;7;27;315;04-12-2025 6:30;CIPRESES-3;0;0;0;0;0;0;0;0;0;0
2512;CO;04-12-2025;7;28;316;04-12-2025 6:45;CIPRESES-3;0;0;0;0;0;0;0;0;0;0
2512;CO;04-12-2025;8;29;317;04-12-2025 7:00;CIPRESES-3;0;0;0;0;0;0;0;0;0;0
2512;CO;04-12-2025;8;30;318;04-12-2025 7:15;CIPRESES-3;0;0;0;0;0;0;0;0;0;0
2512;CO;04-12-2025;10;38;326;04-12-2025 9:15;CIPRESES-3;0;0;0;0;1;0;0;0;1;0
2512;CO;04-12-2025;10;39;327;04-12-2025 9:30;CIPRESES-3;0;0;0;0;1;0;0;0;1;0
2512;CO;04-12-2025;10;40;328;04-12-2025 9:45;CIPRESES-3;0;0;0;0;1;0;0;0;1;0
2512;CO;04-12-2025;19;73;361;04-12-2025 18:00;CIPRESES-3;0;0;0;0;1;0;0;0;1;0
2512;CO;04-12-2025;19;74;362;04-12-2025 18:15;CIPRESES-3;0;0;0;0;1;0;0;0;1;0
2512;CO;04-12-2025;19;75;363;04-12-2025 18:30;CIPRESES-3;0;0;0;0;1;0;0;0;1;0
2512;CO;04-12-2025;19;76;364;04-12-2025 18:45;CIPRESES-3;0;0;0;0;1;0;0;0;1;0
2512;CO;05-12-2025;8;29;413;05-12-2025 7:00;CIPRESES-3;0;0;0;0;1;0;0;0;1;0
2512;CO;05-12-2025;8;30;414;05-12-2025 7:15;CIPRESES-3;0;0;0;0;1;0;0;0;1;0
2512;CO;05-12-2025;19;73;457;05-12-2025 18:00;CIPRESES-3;0;0;0;0;1;0;0;0;1;0
2512;CO;05-12-2025;19;74;458;05-12-2025 18:15;CIPRESES-3;0;0;0;0;1;0;0;0;1;0
2512;CO;05-12-2025;20;78;462;05-12-2025 19:15;CIPRESES-3;0;0;0;0;1;0;0;0;1;0
2512;CO;05-12-2025;20;79;463;05-12-2025 19:30;CIPRESES-3;0;0;0;0;1;0;0;0;1;0
2512;CO;05-12-2025;20;80;464;05-12-2025 19:45;CIPRESES-3;0;0;0;0;1;0;0;0;1;0
2512;CO;06-12-2025;1;1;481;06-12-2025 0:00;CIPRESES-3;0;0;1;0;0;0;0;1;0;0
2512;CO;06-12-2025;1;2;482;06-12-2025 0:15;CIPRESES-3;0;0;1;0;0;0;0;1;0;0
2512;CO;06-12-2025;1;3;483;06-12-2025 0:30;CIPRESES-3;0;0;1;0;0;0;0;1;0;0
2512;CO;06-12-2025;1;4;484;06-12-2025 0:45;CIPRESES-3;0;0;1;0;0;0;0;1;0;0
2512;CO;06-12-2025;2;5;485;06-12-2025 1:00;CIPRESES-3;0;0;1;0;0;0;0;1;0;0
2512;CO;06-12-2025;2;6;486;06-12-2025 1:15;CIPRESES-3;0;0;1;0;0;0;0;1;0;0
2512;CO;06-12-2025;2;7;487;06-12-2025 1:30;CIPRESES-3;0;0;1;0;0;0;0;1;0;0
2512;CO;06-12-2025;2;8;488;06-12-2025 1:45;CIPRESES-3;0;0;1;0;0;0;0;1;0;0
2512;CO;06-12-2025;3;9;489;06-12-2025 2:00;CIPRESES-3;0;0;1;0;0;0;0;1;0;0
2512;CO;06-12-2025;3;10;490;06-12-2025 2:15;CIPRESES-3;0;0;1;0;0;0;0;1;0;0
2512;CO;06-12-2025;3;11;491;06-12-2025 2:30;CIPRESES-3;0;0;1;0;0;0;0;1;0;0
2512;CO;06-12-2025;3;12;492;06-12-2025 2:45;CIPRESES-3;0;0;1;0;0;0;0;1;0;0
2512;CO;06-12-2025;4;13;493;06-12-2025 3:00;CIPRESES-3;0;0;1;0;0;0;0;1;0;0
2512;CO;06-12-2025;4;14;494;06-12-2025 3:15;CIPRESES-3;0;0;1;0;0;0;0;1;0;0
2512;CO;06-12-2025;4;15;495;06-12-2025 3:30;CIPRESES-3;0;0;1;0;0;0;0;1;0;0
2512;CO;06-12-2025;4;16;496;06-12-2025 3:45;CIPRESES-3;0;0;1;0;0;0;0;1;0;0
2512;CO;06-12-2025;5;17;497;06-12-2025 4:00;CIPRESES-3;0;0;1;0;0;0;0;1;0;0
2512;CO;06-12-2025;5;18;498;06-12-2025 4:15;CIPRESES-3;0;0;1;0;0;0;0;1;0;0
2512;CO;06-12-2025;5;19;499;06-12-2025 4:30;CIPRESES-3;0;0;1;0;0;0;0;1;0;0
2512;CO;06-12-2025;5;20;500;06-12-2025 4:45;CIPRESES-3;0;0;1;0;0;0;0;1;0;0
2512;CO;06-12-2025;6;21;501;06-12-2025 5:00;CIPRESES-3;0;0;1;0;0;0;0;1;0;0
2512;CO;06-12-2025;6;22;502;06-12-2025 5:15;CIPRESES-3;0;0;1;0;0;0;0;1;0;0
2512;CO;06-12-2025;6;23;503;06-12-2025 5:30;CIPRESES-3;0;0;1;0;0;0;0;1;0;0
2512;CO;06-12-2025;6;24;504;06-12-2025 5:45;CIPRESES-3;0;0;1;0;0;0;0;1;0;0
2512;CO;06-12-2025;7;25;505;06-12-2025 6:00;CIPRESES-3;0;0;0.783673469;0;0.216326531;0;0;0.783673469;0.216326531;0
2512;CO;06-12-2025;7;26;506;06-12-2025 6:15;CIPRESES-3;0;0;0.783673469;0;0.216326531;0;0;0.783673469;0.216326531;0
2512;CO;06-12-2025;7;27;507;06-12-2025 6:30;CIPRESES-3;0;0;0.783673469;0;0.216326531;0;0;0.783673469;0.216326531;0
2512;CO;06-12-2025;7;28;508;06-12-2025 6:45;CIPRESES-3;0;0;0.783673469;0;0.216326531;0;0;0.783673469;0.216326531;0
2512;CO;06-12-2025;8;29;509;06-12-2025 7:00;CIPRESES-3;0;0;0.726402189;0;0.273597811;0;0;0.726402189;0.273597811;0
2512;CO;06-12-2025;14;53;533;06-12-2025 13:00;CIPRESES-3;0;0;0;0;1;0;0;0;1;0
2512;CO;06-12-2025;14;54;534;06-12-2025 13:15;CIPRESES-3;0;0;0;0;1;0;0;0;1;0
2512;CO;06-12-2025;14;55;535;06-12-2025 13:30;CIPRESES-3;0;0;0;0;1;0;0;0;1;0
2512;CO;06-12-2025;14;56;536;06-12-2025 13:45;CIPRESES-3;0;0;0;0;1;0;0;0;1;0
2512;CO;06-12-2025;18;69;549;06-12-2025 17:00;CIPRESES-3;0;0.491275077;0;0;0.508724923;0;0;0.491275077;0.508724923;0
2512;CO;06-12-2025;18;70;550;06-12-2025 17:15;CIPRESES-3;0;0.491275077;0;0;0.508724923;0;0;0.491275077;0.508724923;0
2512;CO;06-12-2025;18;71;551;06-12-2025 17:30;CIPRESES-3;0;0.491275077;0;0;0.508724923;0;0;0.491275077;0.508724923;0
2512;CO;06-12-2025;18;72;552;06-12-2025 17:45;CIPRESES-3;0;0.491275077;0;0;0.508724923;0;0;0.491275077;0.508724923;0
2512;CO;06-12-2025;19;73;553;06-12-2025 18:00;CIPRESES-3;0;0;0.480941256;0;0.519058744;0;0;0.480941256;0.519058744;0
2512;CO;06-12-2025;19;74;554;06-12-2025 18:15;CIPRESES-3;0;0;0.480941256;0;0.519058744;0;0;0.480941256;0.519058744;0
2512;CO;06-12-2025;19;75;555;06-12-2025 18:30;CIPRESES-3;0;0;0.480941256;0;0.519058744;0;0;0.480941256;0.519058744;0
2512;CO;06-12-2025;19;76;556;06-12-2025 18:45;CIPRESES-3;0;0;0.480941256;0;0.519058744;0;0;0.480941256;0.519058744;0
2512;CO;06-12-2025;20;80;560;06-12-2025 19:45;CIPRESES-3;0;0;0;0;1;0;0;0;1;0
2512;CO;06-12-2025;21;81;561;06-12-2025 20:00;CIPRESES-3;0;0.98887848;0.01112152;0;0;0;0;1;0;0
2512;CO;06-12-2025;21;82;562;06-12-2025 20:15;CIPRESES-3;0;0.98887848;0.01112152;0;0;0;0;1;0;0
2512;CO;06-12-2025;21;83;563;06-12-2025 20:30;CIPRESES-3;0;0.98887848;0.01112152;0;0;0;0;1;0;0
2512;CO;06-12-2025;21;84;564;06-12-2025 20:45;CIPRESES-3;0;0.98887848;0.01112152;0;0;0;0;1;0;0
2512;CO;06-12-2025;22;85;565;06-12-2025 21:00;CIPRESES-3;0;0.973889328;0.026110672;0;0;0;0;1;0;0
2512;CO;06-12-2025;22;86;566;06-12-2025 21:15;CIPRESES-3;0;0.973889328;0.026110672;0;0;0;0;1;0;0
2512;CO;06-12-2025;22;87;567;06-12-2025 21:30;CIPRESES-3;0;0.973889328;0.026110672;0;0;0;0;1;0;0
2512;CO;06-12-2025;22;88;568;06-12-2025 21:45;CIPRESES-3;0;0.973889328;0.026110672;0;0;0;0;1;0;0
2512;CO;06-12-2025;23;89;569;06-12-2025 22:00;CIPRESES-3;0;0.965633471;0.034366529;0;0;0;0;1;0;0
2512;CO;06-12-2025;23;90;570;06-12-2025 22:15;CIPRESES-3;0;0.965633471;0.034366529;0;0;0;0;1;0;0
2512;CO;06-12-2025;23;91;571;06-12-2025 22:30;CIPRESES-3;0;0.965633471;0.034366529;0;0;0;0;1;0;0
2512;CO;06-12-2025;23;92;572;06-12-2025 22:45;CIPRESES-3;0;0.965633471;0.034366529;0;0;0;0;1;0;0
2512;CO;06-12-2025;24;93;573;06-12-2025 23:00;CIPRESES-3;0;0.986452295;0.013547705;0;0;0;0;1;0;0
2512;CO;06-12-2025;24;94;574;06-12-2025 23:15;CIPRESES-3;0;0.986452295;0.013547705;0;0;0;0;1;0;0
2512;CO;06-12-2025;24;95;575;06-12-2025 23:30;CIPRESES-3;0;0.986452295;0.013547705;0;0;0;0;1;0;0
2512;CO;06-12-2025;24;96;576;06-12-2025 23:45;CIPRESES-3;0;0.986452295;0.013547705;0;0;0;0;1;0;0
2512;CO;07-12-2025;1;1;577;07-12-2025 0:00;CIPRESES-3;0;0;1;0;0;0;0;1;0;0
2512;CO;07-12-2025;1;2;578;07-12-2025 0:15;CIPRESES-3;0;0;1;0;0;0;0;1;0;0
2512;CO;07-12-2025;1;3;579;07-12-2025 0:30;CIPRESES-3;0;0;1;0;0;0;0;1;0;0
2512;CO;07-12-2025;1;4;580;07-12-2025 0:45;CIPRESES-3;0;0;1;0;0;0;0;1;0;0
2512;CO;07-12-2025;2;5;581;07-12-2025 1:00;CIPRESES-3;0;0;1;0;0;0;0;1;0;0
2512;CO;07-12-2025;2;6;582;07-12-2025 1:15;CIPRESES-3;0;0;1;0;0;0;0;1;0;0
2512;CO;07-12-2025;2;7;583;07-12-2025 1:30;CIPRESES-3;0;0;1;0;0;0;0;1;0;0
2512;CO;07-12-2025;2;8;584;07-12-2025 1:45;CIPRESES-3;0;0;1;0;0;0;0;1;0;0
2512;CO;07-12-2025;3;9;585;07-12-2025 2:00;CIPRESES-3;0;0;1;0;0;0;0;1;0;0
2512;CO;07-12-2025;3;10;586;07-12-2025 2:15;CIPRESES-3;0;0;1;0;0;0;0;1;0;0
2512;CO;07-12-2025;3;11;587;07-12-2025 2:30;CIPRESES-3;0;0;1;0;0;0;0;1;0;0
2512;CO;07-12-2025;3;12;588;07-12-2025 2:45;CIPRESES-3;0;0;1;0;0;0;0;1;0;0
2512;CO;07-12-2025;4;13;589;07-12-2025 3:00;CIPRESES-3;0;0;1;0;0;0;0;1;0;0
2512;CO;07-12-2025;4;14;590;07-12-2025 3:15;CIPRESES-3;0;0;1;0;0;0;0;1;0;0
2512;CO;07-12-2025;4;15;591;07-12-2025 3:30;CIPRESES-3;0;0;1;0;0;0;0;1;0;0
2512;CO;07-12-2025;4;16;592;07-12-2025 3:45;CIPRESES-3;0;0;1;0;0;0;0;1;0;0
2512;CO;07-12-2025;5;17;593;07-12-2025 4:00;CIPRESES-3;0;0;1;0;0;0;0;1;0;0
2512;CO;07-12-2025;5;18;594;07-12-2025 4:15;CIPRESES-3;0;0;1;0;0;0;0;1;0;0
2512;CO;07-12-2025;5;19;595;07-12-2025 4:30;CIPRESES-3;0;0;1;0;0;0;0;1;0;0
2512;CO;07-12-2025;5;20;596;07-12-2025 4:45;CIPRESES-3;0;0;1;0;0;0;0;1;0;0
2512;CO;07-12-2025;6;21;597;07-12-2025 5:00;CIPRESES-3;0;0;1;0;0;0;0;1;0;0
2512;CO;07-12-2025;6;22;598;07-12-2025 5:15;CIPRESES-3;0;0;1;0;0;0;0;1;0;0
2512;CO;07-12-2025;6;23;599;07-12-2025 5:30;CIPRESES-3;0;0;1;0;0;0;0;1;0;0
2512;CO;07-12-2025;6;24;600;07-12-2025 5:45;CIPRESES-3;0;0;1;0;0;0;0;1;0;0
2512;CO;07-12-2025;7;25;601;07-12-2025 6:00;CIPRESES-3;0;0;0;0;1;0;0;0;1;0
2512;CO;07-12-2025;7;26;602;07-12-2025 6:15;CIPRESES-3;0;0;0;0;1;0;0;0;1;0
2512;CO;07-12-2025;7;27;603;07-12-2025 6:30;CIPRESES-3;0;0;0;0;1;0;0;0;1;0
2512;CO;07-12-2025;7;28;604;07-12-2025 6:45;CIPRESES-3;0;0;0;0;1;0;0;0;1;0
2512;CO;07-12-2025;8;29;605;07-12-2025 7:00;CIPRESES-3;0;0;0.919164857;0;0.080835143;0;0;0.919164857;0.080835143;0
2512;CO;07-12-2025;9;35;611;07-12-2025 8:30;CIPRESES-3;0;0;0.610503282;0;0.389496718;0;0;0.610503282;0.389496718;0
2512;CO;07-12-2025;9;36;612;07-12-2025 8:45;CIPRESES-3;0;0;0.610503282;0;0.389496718;0;0;0.610503282;0.389496718;0
2512;CO;07-12-2025;10;37;613;07-12-2025 9:00;CIPRESES-3;0;0;0;0;1;0;0;0;1;0
2512;CO;07-12-2025;10;38;614;07-12-2025 9:15;CIPRESES-3;0;0;0;0;1;0;0;0;1;0
2512;CO;07-12-2025;10;39;615;07-12-2025 9:30;CIPRESES-3;0;0;0;0;1;0;0;0;1;0
2512;CO;07-12-2025;10;40;616;07-12-2025 9:45;CIPRESES-3;0;0;0;0;1;0;0;0;1;0
2512;CO;07-12-2025;11;41;617;07-12-2025 10:00;CIPRESES-3;0;0;0;0;1;0;0;0;1;0
2512;CO;07-12-2025;11;42;618;07-12-2025 10:15;CIPRESES-3;0;0;0;0;1;0;0;0;1;0
2512;CO;07-12-2025;11;43;619;07-12-2025 10:30;CIPRESES-3;0;0;0;0;1;0;0;0;1;0
2512;CO;07-12-2025;11;44;620;07-12-2025 10:45;CIPRESES-3;0;0;0;0;1;0;0;0;1;0
2512;CO;07-12-2025;12;45;621;07-12-2025 11:00;CIPRESES-3;0;0;0;0;1;0;0;0;1;0
2512;CO;07-12-2025;20;80;656;07-12-2025 19:45;CIPRESES-3;0;0;0;0;1;0;0;0;1;0
2512;CO;07-12-2025;21;81;657;07-12-2025 20:00;CIPRESES-3;0;0;1;0;0;0;0;1;0;0
2512;CO;07-12-2025;21;82;658;07-12-2025 20:15;CIPRESES-3;0;0;1;0;0;0;0;1;0;0
2512;CO;07-12-2025;21;83;659;07-12-2025 20:30;CIPRESES-3;0;0;1;0;0;0;0;1;0;0
2512;CO;07-12-2025;21;84;660;07-12-2025 20:45;CIPRESES-3;0;0;1;0;0;0;0;1;0;0
2512;CO;07-12-2025;22;85;661;07-12-2025 21:00;CIPRESES-3;0;0;1;0;0;0;0;1;0;0
2512;CO;07-12-2025;22;86;662;07-12-2025 21:15;CIPRESES-3;0;0;1;0;0;0;0;1;0;0
2512;CO;07-12-2025;22;87;663;07-12-2025 21:30;CIPRESES-3;0;0;1;0;0;0;0;1;0;0
2512;CO;07-12-2025;22;88;664;07-12-2025 21:45;CIPRESES-3;0;0;1;0;0;0;0;1;0;0
2512;CO;07-12-2025;23;89;665;07-12-2025 22:00;CIPRESES-3;0;0;1;0;0;0;0;1;0;0
2512;CO;07-12-2025;23;90;666;07-12-2025 22:15;CIPRESES-3;0;0;1;0;0;0;0;1;0;0
2512;CO;07-12-2025;23;91;667;07-12-2025 22:30;CIPRESES-3;0;0;1;0;0;0;0;1;0;0
2512;CO;07-12-2025;23;92;668;07-12-2025 22:45;CIPRESES-3;0;0;1;0;0;0;0;1;0;0
2512;CO;07-12-2025;24;93;669;07-12-2025 23:00;CIPRESES-3;0;0;1;0;0;0;0;1;0;0
2512;CO;07-12-2025;24;94;670;07-12-2025 23:15;CIPRESES-3;0;0;1;0;0;0;0;1;0;0
2512;CO;07-12-2025;24;95;671;07-12-2025 23:30;CIPRESES-3;0;0;1;0;0;0;0;1;0;0
2512;CO;07-12-2025;24;96;672;07-12-2025 23:45;CIPRESES-3;0;0;1;0;0;0;0;1;0;0
2512;CO;08-12-2025;1;1;673;08-12-2025 0:00;CIPRESES-3;0;0;0;0;0;0;0;0;0;0
2512;CO;08-12-2025;1;2;674;08-12-2025 0:15;CIPRESES-3;0;0;0;0;0;0;0;0;0;0
2512;CO;08-12-2025;1;3;675;08-12-2025 0:30;CIPRESES-3;0;0;0;0;0;0;0;0;0;0
2512;CO;08-12-2025;1;4;676;08-12-2025 0:45;CIPRESES-3;0;0;0;0;0;0;0;0;0;0
2512;CO;08-12-2025;8;29;701;08-12-2025 7:00;CIPRESES-3;0;0;0;0;1;0;0;0;1;0
2512;CO;01-12-2025;2;5;5;01-12-2025 1:00;ELTORO-1;219375.6427;1;0;0;0;0;0;1;0;0
2512;CO;01-12-2025;2;6;6;01-12-2025 1:15;ELTORO-1;218748.7594;1;0;0;0;0;0;1;0;0
2512;CO;01-12-2025;2;7;7;01-12-2025 1:30;ELTORO-1;212554.4456;1;0;0;0;0;0;1;0;0
2512;CO;01-12-2025;2;8;8;01-12-2025 1:45;ELTORO-1;210238.3712;1;0;0;0;0;0;1;0;0
2512;CO;01-12-2025;3;9;9;01-12-2025 2:00;ELTORO-1;103484.3379;1;0;0;0;0;0;1;0;0
2512;CO;01-12-2025;3;10;10;01-12-2025 2:15;ELTORO-1;106967.5524;1;0;0;0;0;0;1;0;0
2512;CO;01-12-2025;3;11;11;01-12-2025 2:30;ELTORO-1;109445.7631;1;0;0;0;0;0;1;0;0
2512;CO;01-12-2025;3;12;12;01-12-2025 2:45;ELTORO-1;115221.8042;1;0;0;0;0;0;1;0;0
2512;CO;01-12-2025;4;13;13;01-12-2025 3:00;ELTORO-1;224713.532;1;0;0;0;0;0;1;0;0
2512;CO;01-12-2025;4;14;14;01-12-2025 3:15;ELTORO-1;224437.6344;1;0;0;0;0;0;1;0;0
2512;CO;01-12-2025;4;15;15;01-12-2025 3:30;ELTORO-1;221456.6197;1;0;0;0;0;0;1;0;0
2512;CO;01-12-2025;4;16;16;01-12-2025 3:45;ELTORO-1;205632.8746;1;0;0;0;0;0;1;0;0
2512;CO;01-12-2025;5;17;17;01-12-2025 4:00;ELTORO-1;160310.4187;1;0;0;0;0;0;1;0;0
2512;CO;01-12-2025;5;18;18;01-12-2025 4:15;ELTORO-1;167943.7976;1;0;0;0;0;0;1;0;0
2512;CO;01-12-2025;5;19;19;01-12-2025 4:30;ELTORO-1;167387.0738;1;0;0;0;0;0;1;0;0
2512;CO;01-12-2025;5;20;20;01-12-2025 4:45;ELTORO-1;167696.3695;1;0;0;0;0;0;1;0;0
2512;CO;01-12-2025;6;21;21;01-12-2025 5:00;ELTORO-1;169619.1602;1;0;0;0;0;0;1;0;0
2512;CO;01-12-2025;6;22;22;01-12-2025 5:15;ELTORO-1;176199.8541;1;0;0;0;0;0;1;0;0
2512;CO;01-12-2025;6;23;23;01-12-2025 5:30;ELTORO-1;180127.0841;1;0;0;0;0;0;1;0;0
2512;CO;01-12-2025;6;24;24;01-12-2025 5:45;ELTORO-1;179864.3483;1;0;0;0;0;0;1;0;0
2512;CO;01-12-2025;7;25;25;01-12-2025 6:00;ELTORO-1;241103.5983;1;0;0;0;0;0;1;0;0
2512;CO;01-12-2025;7;26;26;01-12-2025 6:15;ELTORO-1;240315.4051;1;0;0;0;0;0;1;0;0
2512;CO;01-12-2025;7;27;27;01-12-2025 6:30;ELTORO-1;240344.574;1;0;0;0;0;0;1;0;0
2512;CO;01-12-2025;7;28;28;01-12-2025 6:45;ELTORO-1;57555.03915;1;0;0;0;0;0;1;0;0
2512;CO;01-12-2025;16;61;61;01-12-2025 15:00;ELTORO-1;0;1;0;0;0;0;0;1;0;0
2512;CO;01-12-2025;16;62;62;01-12-2025 15:15;ELTORO-1;0;1;0;0;0;0;0;1;0;0
2512;CO;01-12-2025;20;78;78;01-12-2025 19:15;ELTORO-1;138084.1802;1;0;0;0;0;0;1;0;0
2512;CO;01-12-2025;20;79;79;01-12-2025 19:30;ELTORO-1;147329.2655;1;0;0;0;0;0;1;0;0
2512;CO;01-12-2025;20;80;80;01-12-2025 19:45;ELTORO-1;25539.84562;1;0;0;0;0;0;1;0;0
2512;CO;01-12-2025;21;81;81;01-12-2025 20:00;ELTORO-1;83533.43255;0.805208782;0.194791218;0;0;0;0;1;0;0
2512;CO;01-12-2025;21;82;82;01-12-2025 20:15;ELTORO-1;183812.1624;0.805208782;0.194791218;0;0;0;0;1;0;0
2512;CO;01-12-2025;21;83;83;01-12-2025 20:30;ELTORO-1;344110.3408;0.805208782;0.194791218;0;0;0;0;1;0;0
2512;CO;01-12-2025;21;84;84;01-12-2025 20:45;ELTORO-1;304515.542;0.805208782;0.194791218;0;0;0;0;1;0;0
2512;CO;01-12-2025;22;85;85;01-12-2025 21:00;ELTORO-1;213156.6904;1;0;0;0;0;0;1;0;0
2512;CO;01-12-2025;22;86;86;01-12-2025 21:15;ELTORO-1;181122.5534;1;0;0;0;0;0;1;0;0
2512;CO;01-12-2025;22;87;87;01-12-2025 21:30;ELTORO-1;205857.4187;1;0;0;0;0;0;1;0;0
2512;CO;01-12-2025;22;88;88;01-12-2025 21:45;ELTORO-1;218146.5196;1;0;0;0;0;0;1;0;0
2512;CO;01-12-2025;23;89;89;01-12-2025 22:00;ELTORO-1;379038.9547;0.706460063;0.293539937;0;0;0;0;1;0;0
2512;CO;01-12-2025;23;90;90;01-12-2025 22:15;ELTORO-1;349204.5772;0.706460063;0.293539937;0;0;0;0;1;0;0
2512;CO;01-12-2025;23;91;91;01-12-2025 22:30;ELTORO-1;347526.1501;0.706460063;0.293539937;0;0;0;0;1;0;0
2512;CO;01-12-2025;23;92;92;01-12-2025 22:45;ELTORO-1;347635.6327;0.706460063;0.293539937;0;0;0;0;1;0;0
2512;CO;01-12-2025;24;93;93;01-12-2025 23:00;ELTORO-1;71030.33473;1;0;0;0;0;0;1;0;0
2512;CO;01-12-2025;24;94;94;01-12-2025 23:15;ELTORO-1;73280.95227;1;0;0;0;0;0;1;0;0
2512;CO;01-12-2025;24;95;95;01-12-2025 23:30;ELTORO-1;74733.74116;1;0;0;0;0;0;1;0;0
2512;CO;01-12-2025;24;96;96;01-12-2025 23:45;ELTORO-1;81213.2728;1;0;0;0;0;0;1;0;0
2512;CO;02-12-2025;1;2;98;02-12-2025 0:15;ELTORO-1;1375.93231;1;0;0;0;0;0;1;0;0
2512;CO;02-12-2025;1;3;99;02-12-2025 0:30;ELTORO-1;906.7661625;1;0;0;0;0;0;1;0;0
2512;CO;02-12-2025;1;4;100;02-12-2025 0:45;ELTORO-1;921.895076;1;0;0;0;0;0;1;0;0
2512;CO;02-12-2025;4;13;109;02-12-2025 3:00;ELTORO-1;2210.913315;1;0;0;0;0;0;1;0;0
2512;CO;02-12-2025;4;14;110;02-12-2025 3:15;ELTORO-1;2123.506093;1;0;0;0;0;0;1;0;0
2512;CO;02-12-2025;4;15;111;02-12-2025 3:30;ELTORO-1;3055.849793;1;0;0;0;0;0;1;0;0
2512;CO;02-12-2025;4;16;112;02-12-2025 3:45;ELTORO-1;4600.044045;1;0;0;0;0;0;1;0;0
2512;CO;02-12-2025;7;25;121;02-12-2025 6:00;ELTORO-1;1820.697029;1;0;0;0;0;0;1;0;0
2512;CO;02-12-2025;7;26;122;02-12-2025 6:15;ELTORO-1;1421.66406;1;0;0;0;0;0;1;0;0
2512;CO;02-12-2025;7;27;123;02-12-2025 6:30;ELTORO-1;1368.459664;1;0;0;0;0;0;1;0;0
2512;CO;02-12-2025;21;84;180;02-12-2025 20:45;ELTORO-1;18027.22568;0.750018959;0.249981041;0;0;0;0;1;0;0
2512;CO;02-12-2025;22;85;181;02-12-2025 21:00;ELTORO-1;8758.319154;1;0;0;0;0;0;1;0;0
2512;CO;02-12-2025;22;88;184;02-12-2025 21:45;ELTORO-1;14567.8139;1;0;0;0;0;0;1;0;0
2512;CO;02-12-2025;24;93;189;02-12-2025 23:00;ELTORO-1;324.7199775;0.804125699;0.195874301;0;0;0;0;1;0;0
2512;CO;02-12-2025;24;94;190;02-12-2025 23:15;ELTORO-1;324.7199775;0.804125699;0.195874301;0;0;0;0;1;0;0
2512;CO;02-12-2025;24;95;191;02-12-2025 23:30;ELTORO-1;210.8361517;0.804125699;0.195874301;0;0;0;0;1;0;0
2512;CO;02-12-2025;24;96;192;02-12-2025 23:45;ELTORO-1;248.8214988;0.804125699;0.195874301;0;0;0;0;1;0;0
2512;CO;03-12-2025;1;4;196;03-12-2025 0:45;ELTORO-1;0;1;0;0;0;0;0;1;0;0
2512;CO;03-12-2025;7;27;219;03-12-2025 6:30;ELTORO-1;0;1;0;0;0;0;0;1;0;0
2512;CO;03-12-2025;7;28;220;03-12-2025 6:45;ELTORO-1;0;1;0;0;0;0;0;1;0;0
2512;CO;03-12-2025;8;29;221;03-12-2025 7:00;ELTORO-1;0;1;0;0;0;0;0;1;0;0
2512;CO;03-12-2025;20;79;271;03-12-2025 19:30;ELTORO-1;47087.77575;1;0;0;0;0;0;1;0;0
2512;CO;03-12-2025;20;80;272;03-12-2025 19:45;ELTORO-1;143361.8789;1;0;0;0;0;0;1;0;0
2512;CO;03-12-2025;21;81;273;03-12-2025 20:00;ELTORO-1;111867.3321;0.741866579;0.258133421;0;0;0;0;1;0;0
2512;CO;03-12-2025;21;82;274;03-12-2025 20:15;ELTORO-1;72854.18448;0.741866579;0.258133421;0;0;0;0;1;0;0
2512;CO;03-12-2025;21;83;275;03-12-2025 20:30;ELTORO-1;98841.45513;0.741866579;0.258133421;0;0;0;0;1;0;0
2512;CO;03-12-2025;21;84;276;03-12-2025 20:45;ELTORO-1;261918.6816;0.741866579;0.258133421;0;0;0;0;1;0;0
2512;CO;03-12-2025;22;85;277;03-12-2025 21:00;ELTORO-1;312127.5633;1;0;0;0;0;0;1;0;0
2512;CO;03-12-2025;22;86;278;03-12-2025 21:15;ELTORO-1;311803.7047;1;0;0;0;0;0;1;0;0
2512;CO;03-12-2025;22;87;279;03-12-2025 21:30;ELTORO-1;309752.7608;1;0;0;0;0;0;1;0;0
2512;CO;03-12-2025;22;88;280;03-12-2025 21:45;ELTORO-1;312667.2875;1;0;0;0;0;0;1;0;0
2512;CO;03-12-2025;23;89;281;03-12-2025 22:00;ELTORO-1;444558.6398;1;0;0;0;0;0;1;0;0
2512;CO;03-12-2025;23;90;282;03-12-2025 22:15;ELTORO-1;448614.6439;1;0;0;0;0;0;1;0;0
2512;CO;03-12-2025;23;91;283;03-12-2025 22:30;ELTORO-1;198350.0421;1;0;0;0;0;0;1;0;0
2512;CO;03-12-2025;23;92;284;03-12-2025 22:45;ELTORO-1;115036.8078;1;0;0;0;0;0;1;0;0
2512;CO;03-12-2025;24;93;285;03-12-2025 23:00;ELTORO-1;120959.7006;1;0;0;0;0;0;1;0;0
2512;CO;03-12-2025;24;94;286;03-12-2025 23:15;ELTORO-1;120915.7686;1;0;0;0;0;0;1;0;0
2512;CO;03-12-2025;24;95;287;03-12-2025 23:30;ELTORO-1;118852.7033;1;0;0;0;0;0;1;0;0
2512;CO;03-12-2025;24;96;288;03-12-2025 23:45;ELTORO-1;118106.4589;1;0;0;0;0;0;1;0;0
2512;CO;04-12-2025;1;1;289;04-12-2025 0:00;ELTORO-1;83447.8544;1;0;0;0;0;0;1;0;0
2512;CO;04-12-2025;1;2;290;04-12-2025 0:15;ELTORO-1;68249.17495;1;0;0;0;0;0;1;0;0
2512;CO;04-12-2025;1;3;291;04-12-2025 0:30;ELTORO-1;36336.21001;1;0;0;0;0;0;1;0;0
2512;CO;04-12-2025;1;4;292;04-12-2025 0:45;ELTORO-1;37497.71588;1;0;0;0;0;0;1;0;0
2512;CO;04-12-2025;2;5;293;04-12-2025 1:00;ELTORO-1;29113.23659;1;0;0;0;0;0;1;0;0
2512;CO;04-12-2025;2;6;294;04-12-2025 1:15;ELTORO-1;71753.65921;1;0;0;0;0;0;1;0;0
2512;CO;04-12-2025;2;7;295;04-12-2025 1:30;ELTORO-1;73526.77996;1;0;0;0;0;0;1;0;0
2512;CO;04-12-2025;2;8;296;04-12-2025 1:45;ELTORO-1;46668.50661;1;0;0;0;0;0;1;0;0
2512;CO;04-12-2025;3;9;297;04-12-2025 2:00;ELTORO-1;25211.79904;1;0;0;0;0;0;1;0;0
2512;CO;04-12-2025;3;10;298;04-12-2025 2:15;ELTORO-1;32102.13268;1;0;0;0;0;0;1;0;0
2512;CO;04-12-2025;3;11;299;04-12-2025 2:30;ELTORO-1;32707.37928;1;0;0;0;0;0;1;0;0
2512;CO;04-12-2025;3;12;300;04-12-2025 2:45;ELTORO-1;51841.96961;1;0;0;0;0;0;1;0;0
2512;CO;04-12-2025;4;13;301;04-12-2025 3:00;ELTORO-1;35189.49538;1;0;0;0;0;0;1;0;0
2512;CO;04-12-2025;4;14;302;04-12-2025 3:15;ELTORO-1;4370.538695;1;0;0;0;0;0;1;0;0
2512;CO;04-12-2025;4;15;303;04-12-2025 3:30;ELTORO-1;4579.538262;1;0;0;0;0;0;1;0;0
2512;CO;04-12-2025;5;18;306;04-12-2025 4:15;ELTORO-1;5837.237901;1;0;0;0;0;0;1;0;0
2512;CO;04-12-2025;5;19;307;04-12-2025 4:30;ELTORO-1;1353.65009;1;0;0;0;0;0;1;0;0
2512;CO;04-12-2025;5;20;308;04-12-2025 4:45;ELTORO-1;2005.01515;1;0;0;0;0;0;1;0;0
2512;CO;04-12-2025;6;21;309;04-12-2025 5:00;ELTORO-1;244.744476;1;0;0;0;0;0;1;0;0
2512;CO;04-12-2025;6;22;310;04-12-2025 5:15;ELTORO-1;1403.703275;1;0;0;0;0;0;1;0;0
2512;CO;04-12-2025;6;23;311;04-12-2025 5:30;ELTORO-1;3028.335093;1;0;0;0;0;0;1;0;0
2512;CO;04-12-2025;6;24;312;04-12-2025 5:45;ELTORO-1;1890.139987;1;0;0;0;0;0;1;0;0
2512;CO;04-12-2025;7;25;313;04-12-2025 6:00;ELTORO-1;30135.71134;1;0;0;0;0;0;1;0;0
2512;CO;04-12-2025;7;26;314;04-12-2025 6:15;ELTORO-1;28121.95725;1;0;0;0;0;0;1;0;0
2512;CO;04-12-2025;7;27;315;04-12-2025 6:30;ELTORO-1;28265.81154;1;0;0;0;0;0;1;0;0
2512;CO;04-12-2025;7;28;316;04-12-2025 6:45;ELTORO-1;67171.04472;1;0;0;0;0;0;1;0;0
2512;CO;04-12-2025;8;29;317;04-12-2025 7:00;ELTORO-1;50606.16415;1;0;0;0;0;0;1;0;0
2512;CO;04-12-2025;10;39;327;04-12-2025 9:30;ELTORO-1;5629.101717;1;0;0;0;0;0;1;0;0
2512;CO;04-12-2025;10;40;328;04-12-2025 9:45;ELTORO-1;16268.73645;1;0;0;0;0;0;1;0;0
2512;CO;04-12-2025;11;41;329;04-12-2025 10:00;ELTORO-1;30424.92012;1;0;0;0;0;0;1;0;0
2512;CO;04-12-2025;11;42;330;04-12-2025 10:15;ELTORO-1;6330.540882;1;0;0;0;0;0;1;0;0
2512;CO;04-12-2025;15;60;348;04-12-2025 14:45;ELTORO-1;3839.272856;1;0;0;0;0;0;1;0;0
2512;CO;04-12-2025;16;61;349;04-12-2025 15:00;ELTORO-1;41513.45167;0.466449174;0.533550826;0;0;0;0;1;0;0
2512;CO;04-12-2025;16;62;350;04-12-2025 15:15;ELTORO-1;43959.65775;0.466449174;0.533550826;0;0;0;0;1;0;0
2512;CO;04-12-2025;16;63;351;04-12-2025 15:30;ELTORO-1;29273.50509;0.466449174;0.533550826;0;0;0;0;1;0;0
2512;CO;04-12-2025;17;65;353;04-12-2025 16:00;ELTORO-1;119223.0414;0.493559495;0.506440505;0;0;0;0;1;0;0
2512;CO;04-12-2025;17;66;354;04-12-2025 16:15;ELTORO-1;444549.0991;0.493559495;0.506440505;0;0;0;0;1;0;0
2512;CO;04-12-2025;17;67;355;04-12-2025 16:30;ELTORO-1;441219.5575;0.493559495;0.506440505;0;0;0;0;1;0;0
2512;CO;04-12-2025;17;68;356;04-12-2025 16:45;ELTORO-1;357817.3623;0.493559495;0.506440505;0;0;0;0;1;0;0
2512;CO;04-12-2025;18;69;357;04-12-2025 17:00;ELTORO-1;0;0.462982621;0.537017379;0;0;0;0;1;0;0
2512;CO;04-12-2025;18;70;358;04-12-2025 17:15;ELTORO-1;0;0.462982621;0.537017379;0;0;0;0;1;0;0
2512;CO;04-12-2025;18;71;359;04-12-2025 17:30;ELTORO-1;0;0.462982621;0.537017379;0;0;0;0;1;0;0
2512;CO;04-12-2025;18;72;360;04-12-2025 17:45;ELTORO-1;0;0.462982621;0.537017379;0;0;0;0;1;0;0
2512;CO;04-12-2025;19;73;361;04-12-2025 18:00;ELTORO-1;0;0.565789474;0.434210526;0;0;0;0;1;0;0
2512;CO;04-12-2025;19;74;362;04-12-2025 18:15;ELTORO-1;0;0.565789474;0.434210526;0;0;0;0;1;0;0
2512;CO;04-12-2025;19;75;363;04-12-2025 18:30;ELTORO-1;0;0.565789474;0.434210526;0;0;0;0;1;0;0
2512;CO;04-12-2025;19;76;364;04-12-2025 18:45;ELTORO-1;0;0.565789474;0.434210526;0;0;0;0;1;0;0
2512;CO;04-12-2025;20;77;365;04-12-2025 19:00;ELTORO-1;211638.8204;0.814217702;0.185782298;0;0;0;0;1;0;0
2512;CO;04-12-2025;20;78;366;04-12-2025 19:15;ELTORO-1;207334.3263;0.814217702;0.185782298;0;0;0;0;1;0;0
2512;CO;04-12-2025;20;79;367;04-12-2025 19:30;ELTORO-1;204834.9426;0.814217702;0.185782298;0;0;0;0;1;0;0
2512;CO;04-12-2025;20;80;368;04-12-2025 19:45;ELTORO-1;202370.2726;0.814217702;0.185782298;0;0;0;0;1;0;0
2512;CO;04-12-2025;21;81;369;04-12-2025 20:00;ELTORO-1;409765.1829;1;0;0;0;0;0;1;0;0
2512;CO;04-12-2025;21;82;370;04-12-2025 20:15;ELTORO-1;406937.1199;1;0;0;0;0;0;1;0;0
2512;CO;04-12-2025;21;83;371;04-12-2025 20:30;ELTORO-1;306546.8431;1;0;0;0;0;0;1;0;0
2512;CO;04-12-2025;21;84;372;04-12-2025 20:45;ELTORO-1;98821.80645;1;0;0;0;0;0;1;0;0
2512;CO;04-12-2025;22;85;373;04-12-2025 21:00;ELTORO-1;76109.9714;1;0;0;0;0;0;1;0;0
2512;CO;04-12-2025;22;86;374;04-12-2025 21:15;ELTORO-1;76536.94318;1;0;0;0;0;0;1;0;0
2512;CO;04-12-2025;22;87;375;04-12-2025 21:30;ELTORO-1;77333.94118;1;0;0;0;0;0;1;0;0
2512;CO;04-12-2025;22;88;376;04-12-2025 21:45;ELTORO-1;112017.5906;1;0;0;0;0;0;1;0;0
2512;CO;04-12-2025;23;89;377;04-12-2025 22:00;ELTORO-1;456428.9479;1;0;0;0;0;0;1;0;0
2512;CO;04-12-2025;23;90;378;04-12-2025 22:15;ELTORO-1;161297.0032;1;0;0;0;0;0;1;0;0
2512;CO;04-12-2025;23;91;379;04-12-2025 22:30;ELTORO-1;118427.1562;1;0;0;0;0;0;1;0;0
2512;CO;04-12-2025;23;92;380;04-12-2025 22:45;ELTORO-1;118012.513;1;0;0;0;0;0;1;0;0
2512;CO;04-12-2025;24;93;381;04-12-2025 23:00;ELTORO-1;124475.874;1;0;0;0;0;0;1;0;0
2512;CO;04-12-2025;24;94;382;04-12-2025 23:15;ELTORO-1;124645.2102;1;0;0;0;0;0;1;0;0
2512;CO;04-12-2025;24;95;383;04-12-2025 23:30;ELTORO-1;125491.9496;1;0;0;0;0;0;1;0;0
2512;CO;04-12-2025;24;96;384;04-12-2025 23:45;ELTORO-1;124729.9076;1;0;0;0;0;0;1;0;0
2512;CO;05-12-2025;17;68;452;05-12-2025 16:45;ELTORO-1;0;1;0;0;0;0;0;1;0;0
2512;CO;05-12-2025;18;69;453;05-12-2025 17:00;ELTORO-1;1030577.514;1;0;0;0;0;0;1;0;0
2512;CO;05-12-2025;19;73;457;05-12-2025 18:00;ELTORO-1;67236.34095;0.722746514;0.277253486;0;0;0;0;1;0;0
2512;CO;05-12-2025;20;79;463;05-12-2025 19:30;ELTORO-1;0;1;0;0;0;0;0;1;0;0
2512;CO;05-12-2025;20;80;464;05-12-2025 19:45;ELTORO-1;0;1;0;0;0;0;0;1;0;0
2512;CO;05-12-2025;21;81;465;05-12-2025 20:00;ELTORO-1;17768.86246;1;0;0;0;0;0;1;0;0
2512;CO;05-12-2025;21;82;466;05-12-2025 20:15;ELTORO-1;22136.50153;1;0;0;0;0;0;1;0;0
2512;CO;05-12-2025;21;83;467;05-12-2025 20:30;ELTORO-1;23348.94414;1;0;0;0;0;0;1;0;0
2512;CO;05-12-2025;21;84;468;05-12-2025 20:45;ELTORO-1;24298.54184;1;0;0;0;0;0;1;0;0
2512;CO;05-12-2025;22;85;469;05-12-2025 21:00;ELTORO-1;136660.1914;1;0;0;0;0;0;1;0;0
2512;CO;05-12-2025;22;86;470;05-12-2025 21:15;ELTORO-1;149922.9699;1;0;0;0;0;0;1;0;0
2512;CO;05-12-2025;22;87;471;05-12-2025 21:30;ELTORO-1;149508.8529;1;0;0;0;0;0;1;0;0
2512;CO;05-12-2025;22;88;472;05-12-2025 21:45;ELTORO-1;155977.2104;1;0;0;0;0;0;1;0;0
2512;CO;05-12-2025;23;89;473;05-12-2025 22:00;ELTORO-1;153398.9818;1;0;0;0;0;0;1;0;0
2512;CO;05-12-2025;23;90;474;05-12-2025 22:15;ELTORO-1;167530.1906;1;0;0;0;0;0;1;0;0
2512;CO;05-12-2025;23;91;475;05-12-2025 22:30;ELTORO-1;223846.3509;1;0;0;0;0;0;1;0;0
2512;CO;05-12-2025;23;92;476;05-12-2025 22:45;ELTORO-1;219552.572;1;0;0;0;0;0;1;0;0
2512;CO;05-12-2025;24;93;477;05-12-2025 23:00;ELTORO-1;210981.1024;1;0;0;0;0;0;1;0;0
2512;CO;05-12-2025;24;94;478;05-12-2025 23:15;ELTORO-1;225813.2708;1;0;0;0;0;0;1;0;0
2512;CO;05-12-2025;24;95;479;05-12-2025 23:30;ELTORO-1;26311.98073;1;0;0;0;0;0;1;0;0
2512;CO;05-12-2025;24;96;480;05-12-2025 23:45;ELTORO-1;3175.77732;1;0;0;0;0;0;1;0;0
2512;CO;06-12-2025;13;51;531;06-12-2025 12:30;ELTORO-1;5045.647499;1;0;0;0;0;0;1;0;0
2512;CO;06-12-2025;13;52;532;06-12-2025 12:45;ELTORO-1;5624.288824;1;0;0;0;0;0;1;0;0
2512;CO;06-12-2025;14;53;533;06-12-2025 13:00;ELTORO-1;18983.92056;0.385763595;0.614236405;0;0;0;0;1;0;0
2512;CO;06-12-2025;14;54;534;06-12-2025 13:15;ELTORO-1;17647.68057;0.385763595;0.614236405;0;0;0;0;1;0;0
2512;CO;06-12-2025;14;55;535;06-12-2025 13:30;ELTORO-1;21442.55506;0.385763595;0.614236405;0;0;0;0;1;0;0
2512;CO;06-12-2025;14;56;536;06-12-2025 13:45;ELTORO-1;19358.08226;0.385763595;0.614236405;0;0;0;0;1;0;0
2512;CO;06-12-2025;15;57;537;06-12-2025 14:00;ELTORO-1;7616.9607;0.39800074;0.60199926;0;0;0;0;1;0;0
2512;CO;06-12-2025;16;64;544;06-12-2025 15:45;ELTORO-1;0;1;0;0;0;0;0;1;0;0
2512;CO;06-12-2025;17;65;545;06-12-2025 16:00;ELTORO-1;0;0.422521567;0.577478433;0;0;0;0;1;0;0
2512;CO;06-12-2025;17;66;546;06-12-2025 16:15;ELTORO-1;0;0.422521567;0.577478433;0;0;0;0;1;0;0
2512;CO;06-12-2025;17;67;547;06-12-2025 16:30;ELTORO-1;0;0.422521567;0.577478433;0;0;0;0;1;0;0
2512;CO;06-12-2025;17;68;548;06-12-2025 16:45;ELTORO-1;0;0.422521567;0.577478433;0;0;0;0;1;0;0
2512;CO;06-12-2025;18;69;549;06-12-2025 17:00;ELTORO-1;0;0.45166459;0.54833541;0;0;0;0;1;0;0
2512;CO;06-12-2025;18;70;550;06-12-2025 17:15;ELTORO-1;0;0.45166459;0.54833541;0;0;0;0;1;0;0
2512;CO;06-12-2025;18;71;551;06-12-2025 17:30;ELTORO-1;0;0.45166459;0.54833541;0;0;0;0;1;0;0
2512;CO;06-12-2025;18;72;552;06-12-2025 17:45;ELTORO-1;0;0.45166459;0.54833541;0;0;0;0;1;0;0
2512;CO;06-12-2025;19;73;553;06-12-2025 18:00;ELTORO-1;24382.20457;0.383631714;0.616368286;0;0;0;0;1;0;0
2512;CO;06-12-2025;19;75;555;06-12-2025 18:30;ELTORO-1;54374.41024;0.383631714;0.616368286;0;0;0;0;1;0;0
2512;CO;06-12-2025;19;76;556;06-12-2025 18:45;ELTORO-1;115136.7465;0.383631714;0.616368286;0;0;0;0;1;0;0
2512;CO;06-12-2025;21;81;561;06-12-2025 20:00;ELTORO-1;13082.10434;1;0;0;0;0;0;1;0;0
2512;CO;06-12-2025;21;82;562;06-12-2025 20:15;ELTORO-1;36589.13064;1;0;0;0;0;0;1;0;0
2512;CO;06-12-2025;21;83;563;06-12-2025 20:30;ELTORO-1;37314.54127;1;0;0;0;0;0;1;0;0
2512;CO;06-12-2025;21;84;564;06-12-2025 20:45;ELTORO-1;37473.48009;1;0;0;0;0;0;1;0;0
2512;CO;06-12-2025;22;85;565;06-12-2025 21:00;ELTORO-1;107820.2063;1;0;0;0;0;0;1;0;0
2512;CO;06-12-2025;22;86;566;06-12-2025 21:15;ELTORO-1;111899.497;1;0;0;0;0;0;1;0;0
2512;CO;06-12-2025;22;87;567;06-12-2025 21:30;ELTORO-1;111859.1606;1;0;0;0;0;0;1;0;0
2512;CO;06-12-2025;22;88;568;06-12-2025 21:45;ELTORO-1;112666.201;1;0;0;0;0;0;1;0;0
2512;CO;06-12-2025;23;89;569;06-12-2025 22:00;ELTORO-1;127131.8592;1;0;0;0;0;0;1;0;0
2512;CO;06-12-2025;23;90;570;06-12-2025 22:15;ELTORO-1;126727.4045;1;0;0;0;0;0;1;0;0
2512;CO;06-12-2025;23;91;571;06-12-2025 22:30;ELTORO-1;127176.7793;1;0;0;0;0;0;1;0;0
2512;CO;06-12-2025;23;92;572;06-12-2025 22:45;ELTORO-1;127491.3358;1;0;0;0;0;0;1;0;0
2512;CO;06-12-2025;24;93;573;06-12-2025 23:00;ELTORO-1;36618.69343;1;0;0;0;0;0;1;0;0
2512;CO;06-12-2025;24;94;574;06-12-2025 23:15;ELTORO-1;37029.557;1;0;0;0;0;0;1;0;0
2512;CO;06-12-2025;24;95;575;06-12-2025 23:30;ELTORO-1;37286.34258;1;0;0;0;0;0;1;0;0
2512;CO;06-12-2025;24;96;576;06-12-2025 23:45;ELTORO-1;37093.7451;1;0;0;0;0;0;1;0;0
2512;CO;07-12-2025;1;1;577;07-12-2025 0:00;ELTORO-1;0;1;0;0;0;0;0;1;0;0
2512;CO;07-12-2025;1;2;578;07-12-2025 0:15;ELTORO-1;0;1;0;0;0;0;0;1;0;0
2512;CO;07-12-2025;1;3;579;07-12-2025 0:30;ELTORO-1;0;1;0;0;0;0;0;1;0;0
2512;CO;07-12-2025;1;4;580;07-12-2025 0:45;ELTORO-1;0;1;0;0;0;0;0;1;0;0
2512;CO;07-12-2025;2;5;581;07-12-2025 1:00;ELTORO-1;0;1;0;0;0;0;0;1;0;0
2512;CO;07-12-2025;2;6;582;07-12-2025 1:15;ELTORO-1;0;1;0;0;0;0;0;1;0;0
2512;CO;07-12-2025;2;7;583;07-12-2025 1:30;ELTORO-1;0;1;0;0;0;0;0;1;0;0
2512;CO;07-12-2025;2;8;584;07-12-2025 1:45;ELTORO-1;0;1;0;0;0;0;0;1;0;0
2512;CO;07-12-2025;3;9;585;07-12-2025 2:00;ELTORO-1;0;1;0;0;0;0;0;1;0;0
2512;CO;07-12-2025;11;41;617;07-12-2025 10:00;ELTORO-1;0;1;0;0;0;0;0;1;0;0
2512;CO;07-12-2025;11;42;618;07-12-2025 10:15;ELTORO-1;0;1;0;0;0;0;0;1;0;0
2512;CO;07-12-2025;11;43;619;07-12-2025 10:30;ELTORO-1;0;1;0;0;0;0;0;1;0;0
2512;CO;07-12-2025;11;44;620;07-12-2025 10:45;ELTORO-1;0;1;0;0;0;0;0;1;0;0
2512;CO;07-12-2025;20;80;656;07-12-2025 19:45;ELTORO-1;0;1;0;0;0;0;0;1;0;0
2512;CO;07-12-2025;21;81;657;07-12-2025 20:00;ELTORO-1;0;1;0;0;0;0;0;1;0;0
2512;CO;07-12-2025;21;82;658;07-12-2025 20:15;ELTORO-1;0;1;0;0;0;0;0;1;0;0
2512;CO;07-12-2025;21;83;659;07-12-2025 20:30;ELTORO-1;0;1;0;0;0;0;0;1;0;0
2512;CO;07-12-2025;21;84;660;07-12-2025 20:45;ELTORO-1;0;1;0;0;0;0;0;1;0;0
2512;CO;07-12-2025;22;85;661;07-12-2025 21:00;ELTORO-1;0;1;0;0;0;0;0;1;0;0
2512;CO;07-12-2025;22;86;662;07-12-2025 21:15;ELTORO-1;0;1;0;0;0;0;0;1;0;0
2512;CO;07-12-2025;22;87;663;07-12-2025 21:30;ELTORO-1;0;1;0;0;0;0;0;1;0;0
2512;CO;07-12-2025;22;88;664;07-12-2025 21:45;ELTORO-1;0;1;0;0;0;0;0;1;0;0
2512;CO;07-12-2025;23;89;665;07-12-2025 22:00;ELTORO-1;0;1;0;0;0;0;0;1;0;0
2512;CO;07-12-2025;23;90;666;07-12-2025 22:15;ELTORO-1;0;1;0;0;0;0;0;1;0;0
2512;CO;07-12-2025;23;91;667;07-12-2025 22:30;ELTORO-1;0;1;0;0;0;0;0;1;0;0
2512;CO;07-12-2025;23;92;668;07-12-2025 22:45;ELTORO-1;0;1;0;0;0;0;0;1;0;0
2512;CO;07-12-2025;24;93;669;07-12-2025 23:00;ELTORO-1;0;1;0;0;0;0;0;1;0;0
2512;CO;07-12-2025;24;94;670;07-12-2025 23:15;ELTORO-1;0;1;0;0;0;0;0;1;0;0
2512;CO;07-12-2025;24;95;671;07-12-2025 23:30;ELTORO-1;0;1;0;0;0;0;0;1;0;0
2512;CO;07-12-2025;24;96;672;07-12-2025 23:45;ELTORO-1;0;1;0;0;0;0;0;1;0;0
2512;CO;08-12-2025;1;1;673;08-12-2025 0:00;ELTORO-1;62025.12657;1;0;0;0;0;0;1;0;0
2512;CO;08-12-2025;1;2;674;08-12-2025 0:15;ELTORO-1;59472.79152;1;0;0;0;0;0;1;0;0
2512;CO;08-12-2025;1;3;675;08-12-2025 0:30;ELTORO-1;60212.60035;1;0;0;0;0;0;1;0;0
2512;CO;08-12-2025;1;4;676;08-12-2025 0:45;ELTORO-1;58843.97028;1;0;0;0;0;0;1;0;0
2512;CO;08-12-2025;2;5;677;08-12-2025 1:00;ELTORO-1;62352.11481;1;0;0;0;0;0;1;0;0
2512;CO;08-12-2025;2;6;678;08-12-2025 1:15;ELTORO-1;63527.24784;1;0;0;0;0;0;1;0;0
2512;CO;08-12-2025;2;7;679;08-12-2025 1:30;ELTORO-1;52995.16762;1;0;0;0;0;0;1;0;0
2512;CO;08-12-2025;2;8;680;08-12-2025 1:45;ELTORO-1;39616.84938;1;0;0;0;0;0;1;0;0
2512;CO;08-12-2025;3;9;681;08-12-2025 2:00;ELTORO-1;40395.81764;1;0;0;0;0;0;1;0;0
2512;CO;08-12-2025;3;10;682;08-12-2025 2:15;ELTORO-1;40585.24622;1;0;0;0;0;0;1;0;0
2512;CO;08-12-2025;6;22;694;08-12-2025 5:15;ELTORO-1;26151.10123;1;0;0;0;0;0;1;0;0
2512;CO;08-12-2025;6;23;695;08-12-2025 5:30;ELTORO-1;25800.87312;1;0;0;0;0;0;1;0;0
2512;CO;08-12-2025;6;24;696;08-12-2025 5:45;ELTORO-1;26104.39211;1;0;0;0;0;0;1;0;0
2512;CO;08-12-2025;7;25;697;08-12-2025 6:00;ELTORO-1;26950.92756;1;0;0;0;0;0;1;0;0
2512;CO;08-12-2025;7;26;698;08-12-2025 6:15;ELTORO-1;38713.68151;1;0;0;0;0;0;1;0;0
2512;CO;08-12-2025;7;27;699;08-12-2025 6:30;ELTORO-1;38471.38604;1;0;0;0;0;0;1;0;0
2512;CO;08-12-2025;7;28;700;08-12-2025 6:45;ELTORO-1;38737.91461;1;0;0;0;0;0;1;0;0
2512;CO;08-12-2025;20;79;751;08-12-2025 19:30;ELTORO-1;0;0.384495015;0.615504985;0;0;0;0;1;0;0
2512;CO;08-12-2025;20;80;752;08-12-2025 19:45;ELTORO-1;0;0.384495015;0.615504985;0;0;0;0;1;0;0
2512;CO;08-12-2025;21;81;753;08-12-2025 20:00;ELTORO-1;0;1;0;0;0;0;0;1;0;0
2512;CO;08-12-2025;21;82;754;08-12-2025 20:15;ELTORO-1;0;1;0;0;0;0;0;1;0;0
2512;CO;08-12-2025;21;83;755;08-12-2025 20:30;ELTORO-1;0;1;0;0;0;0;0;1;0;0
2512;CO;08-12-2025;21;84;756;08-12-2025 20:45;ELTORO-1;0;1;0;0;0;0;0;1;0;0
2512;CO;08-12-2025;22;85;757;08-12-2025 21:00;ELTORO-1;125513.1899;1;0;0;0;0;0;1;0;0
2512;CO;08-12-2025;22;86;758;08-12-2025 21:15;ELTORO-1;124760.5484;1;0;0;0;0;0;1;0;0
2512;CO;08-12-2025;22;87;759;08-12-2025 21:30;ELTORO-1;127394.7373;1;0;0;0;0;0;1;0;0
2512;CO;08-12-2025;22;88;760;08-12-2025 21:45;ELTORO-1;127645.5991;1;0;0;0;0;0;1;0;0
2512;CO;08-12-2025;23;89;761;08-12-2025 22:00;ELTORO-1;96298.27011;1;0;0;0;0;0;1;0;0
2512;CO;08-12-2025;23;90;762;08-12-2025 22:15;ELTORO-1;117738.8075;1;0;0;0;0;0;1;0;0
2512;CO;08-12-2025;23;91;763;08-12-2025 22:30;ELTORO-1;126328.7949;1;0;0;0;0;0;1;0;0
2512;CO;08-12-2025;23;92;764;08-12-2025 22:45;ELTORO-1;127053.7412;1;0;0;0;0;0;1;0;0
2512;CO;08-12-2025;24;93;765;08-12-2025 23:00;ELTORO-1;302063.3141;1;0;0;0;0;0;1;0;0
2512;CO;08-12-2025;24;94;766;08-12-2025 23:15;ELTORO-1;306592.7216;1;0;0;0;0;0;1;0;0
2512;CO;08-12-2025;24;95;767;08-12-2025 23:30;ELTORO-1;279450.1452;1;0;0;0;0;0;1;0;0
2512;CO;08-12-2025;24;96;768;08-12-2025 23:45;ELTORO-1;113718.2998;1;0;0;0;0;0;1;0;0
2512;CO;09-12-2025;1;1;769;09-12-2025 0:00;ELTORO-1;43341.6596;1;0;0;0;0;0;1;0;0
2512;CO;09-12-2025;1;2;770;09-12-2025 0:15;ELTORO-1;42485.8598;1;0;0;0;0;0;1;0;0
2512;CO;09-12-2025;1;3;771;09-12-2025 0:30;ELTORO-1;127958.6207;1;0;0;0;0;0;1;0;0
2512;CO;09-12-2025;1;4;772;09-12-2025 0:45;ELTORO-1;324784.8091;1;0;0;0;0;0;1;0;0
2512;CO;09-12-2025;2;5;773;09-12-2025 1:00;ELTORO-1;443119.6238;1;0;0;0;0;0;1;0;0
2512;CO;09-12-2025;2;6;774;09-12-2025 1:15;ELTORO-1;441351.7587;1;0;0;0;0;0;1;0;0
2512;CO;09-12-2025;2;7;775;09-12-2025 1:30;ELTORO-1;329050.2567;1;0;0;0;0;0;1;0;0
2512;CO;09-12-2025;2;8;776;09-12-2025 1:45;ELTORO-1;65668.37973;1;0;0;0;0;0;1;0;0
2512;CO;09-12-2025;3;9;777;09-12-2025 2:00;ELTORO-1;79654.24456;1;0;0;0;0;0;1;0;0
2512;CO;09-12-2025;3;10;778;09-12-2025 2:15;ELTORO-1;80595.20482;1;0;0;0;0;0;1;0;0
2512;CO;09-12-2025;3;11;779;09-12-2025 2:30;ELTORO-1;80269.48992;1;0;0;0;0;0;1;0;0
2512;CO;09-12-2025;3;12;780;09-12-2025 2:45;ELTORO-1;80016.14388;1;0;0;0;0;0;1;0;0
2512;CO;09-12-2025;4;13;781;09-12-2025 3:00;ELTORO-1;50400.144;1;0;0;0;0;0;1;0;0
2512;CO;09-12-2025;4;14;782;09-12-2025 3:15;ELTORO-1;60640.91179;1;0;0;0;0;0;1;0;0
2512;CO;09-12-2025;4;15;783;09-12-2025 3:30;ELTORO-1;59987.41757;1;0;0;0;0;0;1;0;0
2512;CO;09-12-2025;4;16;784;09-12-2025 3:45;ELTORO-1;60700.31309;1;0;0;0;0;0;1;0;0
2512;CO;09-12-2025;5;17;785;09-12-2025 4:00;ELTORO-1;56688.92664;1;0;0;0;0;0;1;0;0
2512;CO;09-12-2025;5;18;786;09-12-2025 4:15;ELTORO-1;56611.03073;1;0;0;0;0;0;1;0;0
2512;CO;09-12-2025;5;19;787;09-12-2025 4:30;ELTORO-1;56805.73054;1;0;0;0;0;0;1;0;0
2512;CO;09-12-2025;5;20;788;09-12-2025 4:45;ELTORO-1;57311.96072;1;0;0;0;0;0;1;0;0
2512;CO;09-12-2025;6;21;789;09-12-2025 5:00;ELTORO-1;112823.2552;1;0;0;0;0;0;1;0;0
2512;CO;09-12-2025;6;22;790;09-12-2025 5:15;ELTORO-1;112972.9088;1;0;0;0;0;0;1;0;0
2512;CO;09-12-2025;6;23;791;09-12-2025 5:30;ELTORO-1;112075.1382;1;0;0;0;0;0;1;0;0
2512;CO;09-12-2025;6;24;792;09-12-2025 5:45;ELTORO-1;112411.7959;1;0;0;0;0;0;1;0;0
2512;CO;09-12-2025;7;25;793;09-12-2025 6:00;ELTORO-1;199017.1246;1;0;0;0;0;0;1;0;0
2512;CO;09-12-2025;7;26;794;09-12-2025 6:15;ELTORO-1;352546.3994;1;0;0;0;0;0;1;0;0
2512;CO;09-12-2025;7;27;795;09-12-2025 6:30;ELTORO-1;507718.2603;1;0;0;0;0;0;1;0;0
2512;CO;09-12-2025;7;28;796;09-12-2025 6:45;ELTORO-1;374107.1211;1;0;0;0;0;0;1;0;0
2512;CO;09-12-2025;8;29;797;09-12-2025 7:00;ELTORO-1;367395.785;0.541525176;0.458474824;0;0;0;0;1;0;0
2512;CO;09-12-2025;9;33;801;09-12-2025 8:00;ELTORO-1;0;1;0;0;0;0;0;1;0;0
2512;CO;09-12-2025;9;34;802;09-12-2025 8:15;ELTORO-1;0;1;0;0;0;0;0;1;0;0
2512;CO;09-12-2025;9;35;803;09-12-2025 8:30;ELTORO-1;0;1;0;0;0;0;0;1;0;0
2512;CO;09-12-2025;9;36;804;09-12-2025 8:45;ELTORO-1;0;1;0;0;0;0;0;1;0;0
2512;CO;09-12-2025;10;37;805;09-12-2025 9:00;ELTORO-1;0;0.444313649;0.555686351;0;0;0;0;1;0;0
2512;CO;09-12-2025;10;38;806;09-12-2025 9:15;ELTORO-1;0;0.444313649;0.555686351;0;0;0;0;1;0;0
2512;CO;09-12-2025;10;39;807;09-12-2025 9:30;ELTORO-1;0;0.444313649;0.555686351;0;0;0;0;1;0;0
2512;CO;09-12-2025;10;40;808;09-12-2025 9:45;ELTORO-1;0;0.444313649;0.555686351;0;0;0;0;1;0;0
2512;CO;09-12-2025;20;79;847;09-12-2025 19:30;ELTORO-1;0;1;0;0;0;0;0;1;0;0
2512;CO;09-12-2025;20;80;848;09-12-2025 19:45;ELTORO-1;0;1;0;0;0;0;0;1;0;0
2512;CO;09-12-2025;21;81;849;09-12-2025 20:00;ELTORO-1;28315.97558;1;0;0;0;0;0;1;0;0
2512;CO;09-12-2025;21;82;850;09-12-2025 20:15;ELTORO-1;54948.8906;1;0;0;0;0;0;1;0;0
2512;CO;09-12-2025;21;83;851;09-12-2025 20:30;ELTORO-1;99795.78157;1;0;0;0;0;0;1;0;0
2512;CO;09-12-2025;21;84;852;09-12-2025 20:45;ELTORO-1;106902.471;1;0;0;0;0;0;1;0;0
2512;CO;09-12-2025;22;85;853;09-12-2025 21:00;ELTORO-1;45429.77194;1;0;0;0;0;0;1;0;0
2512;CO;09-12-2025;22;86;854;09-12-2025 21:15;ELTORO-1;45379.78851;1;0;0;0;0;0;1;0;0
2512;CO;09-12-2025;22;87;855;09-12-2025 21:30;ELTORO-1;45165.5814;1;0;0;0;0;0;1;0;0
2512;CO;09-12-2025;22;88;856;09-12-2025 21:45;ELTORO-1;44979.93525;1;0;0;0;0;0;1;0;0
2512;CO;09-12-2025;23;89;857;09-12-2025 22:00;ELTORO-1;646577.8756;1;0;0;0;0;0;1;0;0
2512;CO;09-12-2025;23;90;858;09-12-2025 22:15;ELTORO-1;749374.284;1;0;0;0;0;0;1;0;0
2512;CO;09-12-2025;23;91;859;09-12-2025 22:30;ELTORO-1;729979.6983;1;0;0;0;0;0;1;0;0
2512;CO;09-12-2025;23;92;860;09-12-2025 22:45;ELTORO-1;683780.4032;1;0;0;0;0;0;1;0;0
2512;CO;09-12-2025;24;93;861;09-12-2025 23:00;ELTORO-1;713141.2606;1;0;0;0;0;0;1;0;0
2512;CO;09-12-2025;24;94;862;09-12-2025 23:15;ELTORO-1;703739.754;1;0;0;0;0;0;1;0;0
2512;CO;09-12-2025;24;95;863;09-12-2025 23:30;ELTORO-1;702744.6548;1;0;0;0;0;0;1;0;0
2512;CO;09-12-2025;24;96;864;09-12-2025 23:45;ELTORO-1;507483.2555;1;0;0;0;0;0;1;0;0
2512;CO;10-12-2025;1;1;865;10-12-2025 0:00;ELTORO-1;236260.09;1;0;0;0;0;0;1;0;0
2512;CO;10-12-2025;1;2;866;10-12-2025 0:15;ELTORO-1;243689.1169;1;0;0;0;0;0;1;0;0
2512;CO;10-12-2025;1;3;867;10-12-2025 0:30;ELTORO-1;246272.4157;1;0;0;0;0;0;1;0;0
2512;CO;10-12-2025;1;4;868;10-12-2025 0:45;ELTORO-1;390275.8739;1;0;0;0;0;0;1;0;0
2512;CO;10-12-2025;2;5;869;10-12-2025 1:00;ELTORO-1;652378.3212;1;0;0;0;0;0;1;0;0
2512;CO;10-12-2025;2;6;870;10-12-2025 1:15;ELTORO-1;654653.8698;1;0;0;0;0;0;1;0;0
2512;CO;10-12-2025;2;7;871;10-12-2025 1:30;ELTORO-1;653691.131;1;0;0;0;0;0;1;0;0
2512;CO;10-12-2025;2;8;872;10-12-2025 1:45;ELTORO-1;655616.6087;1;0;0;0;0;0;1;0;0
2512;CO;10-12-2025;3;9;873;10-12-2025 2:00;ELTORO-1;522588.9565;1;0;0;0;0;0;1;0;0
2512;CO;10-12-2025;3;10;874;10-12-2025 2:15;ELTORO-1;388627.2779;1;0;0;0;0;0;1;0;0
2512;CO;10-12-2025;3;11;875;10-12-2025 2:30;ELTORO-1;278055.1212;1;0;0;0;0;0;1;0;0
2512;CO;10-12-2025;3;12;876;10-12-2025 2:45;ELTORO-1;437898.631;1;0;0;0;0;0;1;0;0
2512;CO;10-12-2025;4;13;877;10-12-2025 3:00;ELTORO-1;691095.0272;1;0;0;0;0;0;1;0;0
2512;CO;10-12-2025;4;14;878;10-12-2025 3:15;ELTORO-1;691095.0272;1;0;0;0;0;0;1;0;0
2512;CO;10-12-2025;4;15;879;10-12-2025 3:30;ELTORO-1;689582.8782;1;0;0;0;0;0;1;0;0
2512;CO;10-12-2025;4;16;880;10-12-2025 3:45;ELTORO-1;689299.3502;1;0;0;0;0;0;1;0;0
2512;CO;10-12-2025;5;17;881;10-12-2025 4:00;ELTORO-1;350004.9887;1;0;0;0;0;0;1;0;0
2512;CO;10-12-2025;5;18;882;10-12-2025 4:15;ELTORO-1;349947.0454;1;0;0;0;0;0;1;0;0
2512;CO;10-12-2025;5;19;883;10-12-2025 4:30;ELTORO-1;352264.7738;1;0;0;0;0;0;1;0;0
2512;CO;10-12-2025;5;20;884;10-12-2025 4:45;ELTORO-1;450722.2874;1;0;0;0;0;0;1;0;0
2512;CO;10-12-2025;6;21;885;10-12-2025 5:00;ELTORO-1;569812.8362;1;0;0;0;0;0;1;0;0
2512;CO;10-12-2025;6;22;886;10-12-2025 5:15;ELTORO-1;578182.1152;1;0;0;0;0;0;1;0;0
2512;CO;10-12-2025;6;23;887;10-12-2025 5:30;ELTORO-1;626180.641;1;0;0;0;0;0;1;0;0
2512;CO;10-12-2025;6;24;888;10-12-2025 5:45;ELTORO-1;656724.9856;1;0;0;0;0;0;1;0;0
2512;CO;10-12-2025;7;25;889;10-12-2025 6:00;ELTORO-1;824454.5744;1;0;0;0;0;0;1;0;0
2512;CO;10-12-2025;7;26;890;10-12-2025 6:15;ELTORO-1;823522.4153;1;0;0;0;0;0;1;0;0
2512;CO;10-12-2025;7;27;891;10-12-2025 6:30;ELTORO-1;799929.6667;1;0;0;0;0;0;1;0;0
2512;CO;10-12-2025;7;28;892;10-12-2025 6:45;ELTORO-1;680805.5163;1;0;0;0;0;0;1;0;0
2512;CO;10-12-2025;8;29;893;10-12-2025 7:00;ELTORO-1;614614.6483;1;0;0;0;0;0;1;0;0
2512;CO;10-12-2025;8;30;894;10-12-2025 7:15;ELTORO-1;127877.6508;1;0;0;0;0;0;1;0;0
2512;CO;10-12-2025;8;31;895;10-12-2025 7:30;ELTORO-1;63857.79796;1;0;0;0;0;0;1;0;0
2512;CO;10-12-2025;9;34;898;10-12-2025 8:15;ELTORO-1;0;0.39428817;0.60571183;0;0;0;0;1;0;0
2512;CO;10-12-2025;9;35;899;10-12-2025 8:30;ELTORO-1;0;0.39428817;0.60571183;0;0;0;0;1;0;0
2512;CO;10-12-2025;9;36;900;10-12-2025 8:45;ELTORO-1;0;0.39428817;0.60571183;0;0;0;0;1;0;0
2512;CO;10-12-2025;10;37;901;10-12-2025 9:00;ELTORO-1;0;1;0;0;0;0;0;1;0;0
2512;CO;10-12-2025;10;38;902;10-12-2025 9:15;ELTORO-1;0;1;0;0;0;0;0;1;0;0
2512;CO;10-12-2025;10;39;903;10-12-2025 9:30;ELTORO-1;0;1;0;0;0;0;0;1;0;0
2512;CO;10-12-2025;10;40;904;10-12-2025 9:45;ELTORO-1;0;1;0;0;0;0;0;1;0;0
2512;CO;10-12-2025;11;41;905;10-12-2025 10:00;ELTORO-1;28994.34823;1;0;0;0;0;0;1;0;0
2512;CO;10-12-2025;11;42;906;10-12-2025 10:15;ELTORO-1;21616.75294;1;0;0;0;0;0;1;0;0
2512;CO;10-12-2025;11;43;907;10-12-2025 10:30;ELTORO-1;23144.299;1;0;0;0;0;0;1;0;0
2512;CO;10-12-2025;11;44;908;10-12-2025 10:45;ELTORO-1;22285.07242;1;0;0;0;0;0;1;0;0
2512;CO;10-12-2025;12;45;909;10-12-2025 11:00;ELTORO-1;0;1;0;0;0;0;0;1;0;0
2512;CO;10-12-2025;12;46;910;10-12-2025 11:15;ELTORO-1;0;1;0;0;0;0;0;1;0;0
2512;CO;10-12-2025;12;47;911;10-12-2025 11:30;ELTORO-1;0;1;0;0;0;0;0;1;0;0
2512;CO;10-12-2025;12;48;912;10-12-2025 11:45;ELTORO-1;0;1;0;0;0;0;0;1;0;0
2512;CO;10-12-2025;14;55;919;10-12-2025 13:30;ELTORO-1;31615.01531;1;0;0;0;0;0;1;0;0
2512;CO;10-12-2025;14;56;920;10-12-2025 13:45;ELTORO-1;31596.93321;1;0;0;0;0;0;1;0;0
2512;CO;10-12-2025;15;57;921;10-12-2025 14:00;ELTORO-1;33982.50031;1;0;0;0;0;0;1;0;0
2512;CO;10-12-2025;16;61;925;10-12-2025 15:00;ELTORO-1;80006.01284;0.464071001;0.535928999;0;0;0;0;1;0;0
2512;CO;10-12-2025;16;62;926;10-12-2025 15:15;ELTORO-1;81727.996;0.464071001;0.535928999;0;0;0;0;1;0;0
2512;CO;10-12-2025;16;63;927;10-12-2025 15:30;ELTORO-1;88562.12686;0.464071001;0.535928999;0;0;0;0;1;0;0
2512;CO;10-12-2025;16;64;928;10-12-2025 15:45;ELTORO-1;74341.60885;0.464071001;0.535928999;0;0;0;0;1;0;0
2512;CO;10-12-2025;17;65;929;10-12-2025 16:00;ELTORO-1;20756.45492;1;0;0;0;0;0;1;0;0
2512;CO;10-12-2025;17;66;930;10-12-2025 16:15;ELTORO-1;19108.22448;1;0;0;0;0;0;1;0;0
2512;CO;10-12-2025;17;67;931;10-12-2025 16:30;ELTORO-1;19555.59609;1;0;0;0;0;0;1;0;0
2512;CO;10-12-2025;17;68;932;10-12-2025 16:45;ELTORO-1;18590.19876;1;0;0;0;0;0;1;0;0
2512;CO;10-12-2025;18;69;933;10-12-2025 17:00;ELTORO-1;0;1;0;0;0;0;0;1;0;0
2512;CO;10-12-2025;18;70;934;10-12-2025 17:15;ELTORO-1;0;1;0;0;0;0;0;1;0;0
2512;CO;10-12-2025;18;71;935;10-12-2025 17:30;ELTORO-1;0;1;0;0;0;0;0;1;0;0
2512;CO;10-12-2025;18;72;936;10-12-2025 17:45;ELTORO-1;0;1;0;0;0;0;0;1;0;0
2512;CO;10-12-2025;19;73;937;10-12-2025 18:00;ELTORO-1;60953.99572;1;0;0;0;0;0;1;0;0
2512;CO;10-12-2025;19;74;938;10-12-2025 18:15;ELTORO-1;60533.93534;1;0;0;0;0;0;1;0;0
2512;CO;10-12-2025;19;75;939;10-12-2025 18:30;ELTORO-1;60160.50772;1;0;0;0;0;0;1;0;0
2512;CO;10-12-2025;19;76;940;10-12-2025 18:45;ELTORO-1;60813.993;1;0;0;0;0;0;1;0;0
2512;CO;10-12-2025;20;77;941;10-12-2025 19:00;ELTORO-1;0;1;0;0;0;0;0;1;0;0
2512;CO;10-12-2025;20;78;942;10-12-2025 19:15;ELTORO-1;0;1;0;0;0;0;0;1;0;0
2512;CO;10-12-2025;20;79;943;10-12-2025 19:30;ELTORO-1;0;1;0;0;0;0;0;1;0;0
2512;CO;10-12-2025;20;80;944;10-12-2025 19:45;ELTORO-1;0;1;0;0;0;0;0;1;0;0
2512;CO;10-12-2025;21;81;945;10-12-2025 20:00;ELTORO-1;217589.2541;1;0;0;0;0;0;1;0;0
2512;CO;10-12-2025;21;82;946;10-12-2025 20:15;ELTORO-1;216250.9699;1;0;0;0;0;0;1;0;0
2512;CO;10-12-2025;21;83;947;10-12-2025 20:30;ELTORO-1;140776.4029;1;0;0;0;0;0;1;0;0
2512;CO;10-12-2025;21;84;948;10-12-2025 20:45;ELTORO-1;139308.9398;1;0;0;0;0;0;1;0;0
2512;CO;10-12-2025;22;85;949;10-12-2025 21:00;ELTORO-1;126622.4227;1;0;0;0;0;0;1;0;0
2512;CO;10-12-2025;22;86;950;10-12-2025 21:15;ELTORO-1;127741.0279;1;0;0;0;0;0;1;0;0
2512;CO;10-12-2025;22;87;951;10-12-2025 21:30;ELTORO-1;128027.8416;1;0;0;0;0;0;1;0;0
2512;CO;10-12-2025;22;88;952;10-12-2025 21:45;ELTORO-1;127941.8021;1;0;0;0;0;0;1;0;0
2512;CO;10-12-2025;23;89;953;10-12-2025 22:00;ELTORO-1;87573.57887;1;0;0;0;0;0;1;0;0
2512;CO;10-12-2025;23;90;954;10-12-2025 22:15;ELTORO-1;55939.87059;1;0;0;0;0;0;1;0;0
2512;CO;10-12-2025;23;91;955;10-12-2025 22:30;ELTORO-1;47350.86568;1;0;0;0;0;0;1;0;0
2512;CO;10-12-2025;23;92;956;10-12-2025 22:45;ELTORO-1;47207.5535;1;0;0;0;0;0;1;0;0
2512;CO;10-12-2025;24;93;957;10-12-2025 23:00;ELTORO-1;106634.5433;1;0;0;0;0;0;1;0;0
2512;CO;10-12-2025;24;94;958;10-12-2025 23:15;ELTORO-1;179141.7702;1;0;0;0;0;0;1;0;0
2512;CO;10-12-2025;24;95;959;10-12-2025 23:30;ELTORO-1;110979.6253;1;0;0;0;0;0;1;0;0
2512;CO;10-12-2025;24;96;960;10-12-2025 23:45;ELTORO-1;92373.06886;1;0;0;0;0;0;1;0;0
2512;CO;11-12-2025;1;1;961;11-12-2025 0:00;ELTORO-1;187262.6564;1;0;0;0;0;0;1;0;0
2512;CO;11-12-2025;1;2;962;11-12-2025 0:15;ELTORO-1;186434.2836;1;0;0;0;0;0;1;0;0
2512;CO;11-12-2025;1;3;963;11-12-2025 0:30;ELTORO-1;186148.6338;1;0;0;0;0;0;1;0;0
2512;CO;11-12-2025;1;4;964;11-12-2025 0:45;ELTORO-1;185434.509;1;0;0;0;0;0;1;0;0
2512;CO;11-12-2025;2;5;965;11-12-2025 1:00;ELTORO-1;91617.4905;1;0;0;0;0;0;1;0;0
2512;CO;11-12-2025;2;6;966;11-12-2025 1:15;ELTORO-1;90517.75637;1;0;0;0;0;0;1;0;0
2512;CO;11-12-2025;2;7;967;11-12-2025 1:30;ELTORO-1;90389.19;1;0;0;0;0;0;1;0;0
2512;CO;11-12-2025;2;8;968;11-12-2025 1:45;ELTORO-1;90089.28154;1;0;0;0;0;0;1;0;0
2512;CO;11-12-2025;3;9;969;11-12-2025 2:00;ELTORO-1;283357.0341;0.698893312;0.301106688;0;0;0;0;1;0;0
2512;CO;11-12-2025;3;10;970;11-12-2025 2:15;ELTORO-1;283819.8403;0.698893312;0.301106688;0;0;0;0;1;0;0
2512;CO;11-12-2025;3;11;971;11-12-2025 2:30;ELTORO-1;301177.0906;0.698893312;0.301106688;0;0;0;0;1;0;0
2512;CO;11-12-2025;3;12;972;11-12-2025 2:45;ELTORO-1;372487.9979;0.698893312;0.301106688;0;0;0;0;1;0;0
2512;CO;11-12-2025;4;13;973;11-12-2025 3:00;ELTORO-1;308894.0936;1;0;0;0;0;0;1;0;0
2512;CO;11-12-2025;4;14;974;11-12-2025 3:15;ELTORO-1;219228.0464;1;0;0;0;0;0;1;0;0
2512;CO;11-12-2025;4;15;975;11-12-2025 3:30;ELTORO-1;219940.3095;1;0;0;0;0;0;1;0;0
2512;CO;11-12-2025;4;16;976;11-12-2025 3:45;ELTORO-1;220846.8527;1;0;0;0;0;0;1;0;0
2512;CO;11-12-2025;5;19;979;11-12-2025 4:30;ELTORO-1;474.7806129;1;0;0;0;0;0;1;0;0
2512;CO;11-12-2025;5;20;980;11-12-2025 4:45;ELTORO-1;902.8297786;1;0;0;0;0;0;1;0;0
2512;CO;11-12-2025;6;21;981;11-12-2025 5:00;ELTORO-1;1201.172782;1;0;0;0;0;0;1;0;0
2512;CO;11-12-2025;6;22;982;11-12-2025 5:15;ELTORO-1;1883.534644;1;0;0;0;0;0;1;0;0
2512;CO;11-12-2025;6;23;983;11-12-2025 5:30;ELTORO-1;1807.700517;1;0;0;0;0;0;1;0;0
2512;CO;11-12-2025;6;24;984;11-12-2025 5:45;ELTORO-1;1504.412437;1;0;0;0;0;0;1;0;0
2512;CO;11-12-2025;7;25;985;11-12-2025 6:00;ELTORO-1;2655.855547;1;0;0;0;0;0;1;0;0
2512;CO;11-12-2025;7;26;986;11-12-2025 6:15;ELTORO-1;3236.203093;1;0;0;0;0;0;1;0;0
2512;CO;11-12-2025;7;27;987;11-12-2025 6:30;ELTORO-1;3178.157219;1;0;0;0;0;0;1;0;0
2512;CO;11-12-2025;7;28;988;11-12-2025 6:45;ELTORO-1;2655.855547;1;0;0;0;0;0;1;0;0
2512;CO;11-12-2025;8;29;989;11-12-2025 7:00;ELTORO-1;142182.4295;0.591065292;0.408934708;0;0;0;0;1;0;0
2512;CO;11-12-2025;9;33;993;11-12-2025 8:00;ELTORO-1;16008.06233;0.502460025;0.497539975;0;0;0;0;1;0;0
2512;CO;11-12-2025;9;34;994;11-12-2025 8:15;ELTORO-1;253952.5431;0.502460025;0.497539975;0;0;0;0;1;0;0
2512;CO;11-12-2025;9;35;995;11-12-2025 8:30;ELTORO-1;552506.3879;0.502460025;0.497539975;0;0;0;0;1;0;0
2512;CO;11-12-2025;9;36;996;11-12-2025 8:45;ELTORO-1;682323.9467;0.502460025;0.497539975;0;0;0;0;1;0;0
2512;CO;11-12-2025;10;37;997;11-12-2025 9:00;ELTORO-1;1564088.72;0.566136595;0.433863405;0;0;0;0;1;0;0
2512;CO;11-12-2025;10;38;998;11-12-2025 9:15;ELTORO-1;1562816.741;0.566136595;0.433863405;0;0;0;0;1;0;0
2512;CO;11-12-2025;10;39;999;11-12-2025 9:30;ELTORO-1;1566208.685;0.566136595;0.433863405;0;0;0;0;1;0;0
2512;CO;11-12-2025;10;40;1000;11-12-2025 9:45;ELTORO-1;1519218.21;0.566136595;0.433863405;0;0;0;0;1;0;0
2512;CO;11-12-2025;11;41;1001;11-12-2025 10:00;ELTORO-1;816844.809;1;0;0;0;0;0;1;0;0
2512;CO;11-12-2025;11;42;1002;11-12-2025 10:15;ELTORO-1;822749.3088;1;0;0;0;0;0;1;0;0
2512;CO;11-12-2025;11;43;1003;11-12-2025 10:30;ELTORO-1;357633.2764;1;0;0;0;0;0;1;0;0
2512;CO;11-12-2025;11;44;1004;11-12-2025 10:45;ELTORO-1;287689.2764;1;0;0;0;0;0;1;0;0
2512;CO;11-12-2025;12;45;1005;11-12-2025 11:00;ELTORO-1;70473.01792;1;0;0;0;0;0;1;0;0
2512;CO;11-12-2025;13;49;1009;11-12-2025 12:00;ELTORO-1;123.648558;0.550777676;0.449222324;0;0;0;0;1;0;0
2512;CO;11-12-2025;13;50;1010;11-12-2025 12:15;ELTORO-1;248.2663209;0.550777676;0.449222324;0;0;0;0;1;0;0
2512;CO;11-12-2025;13;51;1011;11-12-2025 12:30;ELTORO-1;746.8209524;0.550777676;0.449222324;0;0;0;0;1;0;0
2512;CO;11-12-2025;14;53;1013;11-12-2025 13:00;ELTORO-1;0;1;0;0;0;0;0;1;0;0
2512;CO;11-12-2025;14;55;1015;11-12-2025 13:30;ELTORO-1;0;1;0;0;0;0;0;1;0;0
2512;CO;11-12-2025;14;56;1016;11-12-2025 13:45;ELTORO-1;0;1;0;0;0;0;0;1;0;0
2512;CO;11-12-2025;15;57;1017;11-12-2025 14:00;ELTORO-1;959.2933567;0.660112774;0.339887226;0;0;0;0;1;0;0
2512;CO;11-12-2025;15;58;1018;11-12-2025 14:15;ELTORO-1;1146.589446;0.660112774;0.339887226;0;0;0;0;1;0;0
2512;CO;11-12-2025;15;59;1019;11-12-2025 14:30;ELTORO-1;561.2950543;0.660112774;0.339887226;0;0;0;0;1;0;0
2512;CO;11-12-2025;15;60;1020;11-12-2025 14:45;ELTORO-1;1146.589446;0.660112774;0.339887226;0;0;0;0;1;0;0
2512;CO;11-12-2025;16;61;1021;11-12-2025 15:00;ELTORO-1;2707.243169;1;0;0;0;0;0;1;0;0
2512;CO;11-12-2025;16;62;1022;11-12-2025 15:15;ELTORO-1;10123.61791;1;0;0;0;0;0;1;0;0
2512;CO;11-12-2025;16;63;1023;11-12-2025 15:30;ELTORO-1;119802.0485;1;0;0;0;0;0;1;0;0
2512;CO;11-12-2025;16;64;1024;11-12-2025 15:45;ELTORO-1;118574.5752;1;0;0;0;0;0;1;0;0
2512;CO;11-12-2025;17;65;1025;11-12-2025 16:00;ELTORO-1;125685.4205;1;0;0;0;0;0;1;0;0
2512;CO;11-12-2025;18;69;1029;11-12-2025 17:00;ELTORO-1;0;0.43025309;0.56974691;0;0;0;0;1;0;0
2512;CO;11-12-2025;18;70;1030;11-12-2025 17:15;ELTORO-1;0;0.43025309;0.56974691;0;0;0;0;1;0;0
2512;CO;11-12-2025;18;71;1031;11-12-2025 17:30;ELTORO-1;0;0.43025309;0.56974691;0;0;0;0;1;0;0
2512;CO;11-12-2025;20;79;1039;11-12-2025 19:30;ELTORO-1;97858.40999;0.592041856;0.407958144;0;0;0;0;1;0;0
2512;CO;11-12-2025;20;80;1040;11-12-2025 19:45;ELTORO-1;134565.136;0.592041856;0.407958144;0;0;0;0;1;0;0
2512;CO;11-12-2025;21;81;1041;11-12-2025 20:00;ELTORO-1;224790.8732;1;0;0;0;0;0;1;0;0
2512;CO;11-12-2025;21;82;1042;11-12-2025 20:15;ELTORO-1;26455.5444;1;0;0;0;0;0;1;0;0
2512;CO;11-12-2025;21;83;1043;11-12-2025 20:30;ELTORO-1;5616.35737;1;0;0;0;0;0;1;0;0
2512;CO;11-12-2025;22;85;1045;11-12-2025 21:00;ELTORO-1;37138.54454;1;0;0;0;0;0;1;0;0
2512;CO;11-12-2025;22;86;1046;11-12-2025 21:15;ELTORO-1;108787.6191;1;0;0;0;0;0;1;0;0
2512;CO;11-12-2025;22;87;1047;11-12-2025 21:30;ELTORO-1;109713.273;1;0;0;0;0;0;1;0;0
2512;CO;11-12-2025;22;88;1048;11-12-2025 21:45;ELTORO-1;66172.09951;1;0;0;0;0;0;1;0;0
2512;CO;11-12-2025;23;89;1049;11-12-2025 22:00;ELTORO-1;0;1;0;0;0;0;0;1;0;0
2512;CO;11-12-2025;23;90;1050;11-12-2025 22:15;ELTORO-1;0;1;0;0;0;0;0;1;0;0
2512;CO;11-12-2025;23;91;1051;11-12-2025 22:30;ELTORO-1;0;1;0;0;0;0;0;1;0;0
2512;CO;11-12-2025;23;92;1052;11-12-2025 22:45;ELTORO-1;0;1;0;0;0;0;0;1;0;0
2512;CO;11-12-2025;24;93;1053;11-12-2025 23:00;ELTORO-1;51992.90715;1;0;0;0;0;0;1;0;0
2512;CO;11-12-2025;24;94;1054;11-12-2025 23:15;ELTORO-1;98994.2304;1;0;0;0;0;0;1;0;0
2512;CO;11-12-2025;24;95;1055;11-12-2025 23:30;ELTORO-1;46796.28405;1;0;0;0;0;0;1;0;0
2512;CO;11-12-2025;24;96;1056;11-12-2025 23:45;ELTORO-1;11337.92208;1;0;0;0;0;0;1;0;0
2512;CO;12-12-2025;3;9;1065;12-12-2025 2:00;ELTORO-1;0;1;0;0;0;0;0;1;0;0
2512;CO;12-12-2025;3;10;1066;12-12-2025 2:15;ELTORO-1;0;1;0;0;0;0;0;1;0;0
2512;CO;12-12-2025;3;11;1067;12-12-2025 2:30;ELTORO-1;0;1;0;0;0;0;0;1;0;0
2512;CO;12-12-2025;3;12;1068;12-12-2025 2:45;ELTORO-1;0;1;0;0;0;0;0;1;0;0
2512;CO;12-12-2025;4;13;1069;12-12-2025 3:00;ELTORO-1;0;1;0;0;0;0;0;1;0;0
2512;CO;12-12-2025;4;16;1072;12-12-2025 3:45;ELTORO-1;0;1;0;0;0;0;0;1;0;0
2512;CO;12-12-2025;5;17;1073;12-12-2025 4:00;ELTORO-1;0;1;0;0;0;0;0;1;0;0
2512;CO;12-12-2025;5;18;1074;12-12-2025 4:15;ELTORO-1;0;1;0;0;0;0;0;1;0;0
2512;CO;12-12-2025;6;22;1078;12-12-2025 5:15;ELTORO-1;0;1;0;0;0;0;0;1;0;0
2512;CO;12-12-2025;6;23;1079;12-12-2025 5:30;ELTORO-1;0;1;0;0;0;0;0;1;0;0
2512;CO;12-12-2025;6;24;1080;12-12-2025 5:45;ELTORO-1;0;1;0;0;0;0;0;1;0;0
2512;CO;12-12-2025;7;25;1081;12-12-2025 6:00;ELTORO-1;0;1;0;0;0;0;0;1;0;0
2512;CO;12-12-2025;7;26;1082;12-12-2025 6:15;ELTORO-1;0;1;0;0;0;0;0;1;0;0
2512;CO;12-12-2025;7;27;1083;12-12-2025 6:30;ELTORO-1;0;1;0;0;0;0;0;1;0;0
2512;CO;12-12-2025;7;28;1084;12-12-2025 6:45;ELTORO-1;0;1;0;0;0;0;0;1;0;0
2512;CO;12-12-2025;20;80;1136;12-12-2025 19:45;ELTORO-1;0;0.577531413;0.422468587;0;0;0;0;1;0;0
2512;CO;12-12-2025;21;81;1137;12-12-2025 20:00;ELTORO-1;8068.289852;1;0;0;0;0;0;1;0;0
2512;CO;12-12-2025;22;86;1142;12-12-2025 21:15;ELTORO-1;6296.747673;1;0;0;0;0;0;1;0;0
2512;CO;12-12-2025;22;87;1143;12-12-2025 21:30;ELTORO-1;12272.96065;1;0;0;0;0;0;1;0;0
2512;CO;12-12-2025;22;88;1144;12-12-2025 21:45;ELTORO-1;11238.96084;1;0;0;0;0;0;1;0;0
2512;CO;12-12-2025;23;89;1145;12-12-2025 22:00;ELTORO-1;6766.296475;1;0;0;0;0;0;1;0;0
2512;CO;12-12-2025;23;91;1147;12-12-2025 22:30;ELTORO-1;5547.933443;1;0;0;0;0;0;1;0;0
2512;CO;12-12-2025;23;92;1148;12-12-2025 22:45;ELTORO-1;13402.63955;1;0;0;0;0;0;1;0;0
2512;CO;12-12-2025;24;93;1149;12-12-2025 23:00;ELTORO-1;10474.89464;1;0;0;0;0;0;1;0;0
2512;CO;12-12-2025;24;94;1150;12-12-2025 23:15;ELTORO-1;9677.017167;1;0;0;0;0;0;1;0;0
2512;CO;12-12-2025;24;95;1151;12-12-2025 23:30;ELTORO-1;100394.1693;1;0;0;0;0;0;1;0;0
2512;CO;12-12-2025;24;96;1152;12-12-2025 23:45;ELTORO-1;235931.5038;1;0;0;0;0;0;1;0;0
2512;CO;13-12-2025;1;1;1153;13-12-2025 0:00;ELTORO-1;390289.477;1;0;0;0;0;0;1;0;0
2512;CO;13-12-2025;1;2;1154;13-12-2025 0:15;ELTORO-1;324088.6877;1;0;0;0;0;0;1;0;0
2512;CO;13-12-2025;1;3;1155;13-12-2025 0:30;ELTORO-1;193473.7331;1;0;0;0;0;0;1;0;0
2512;CO;13-12-2025;1;4;1156;13-12-2025 0:45;ELTORO-1;192974.783;1;0;0;0;0;0;1;0;0
2512;CO;13-12-2025;2;5;1157;13-12-2025 1:00;ELTORO-1;221564.6531;1;0;0;0;0;0;1;0;0
2512;CO;13-12-2025;2;6;1158;13-12-2025 1:15;ELTORO-1;219927.42;1;0;0;0;0;0;1;0;0
2512;CO;13-12-2025;2;7;1159;13-12-2025 1:30;ELTORO-1;220717.8268;1;0;0;0;0;0;1;0;0
2512;CO;13-12-2025;2;8;1160;13-12-2025 1:45;ELTORO-1;221451.6956;1;0;0;0;0;0;1;0;0
2512;CO;13-12-2025;3;9;1161;13-12-2025 2:00;ELTORO-1;57469.82346;1;0;0;0;0;0;1;0;0
2512;CO;13-12-2025;3;10;1162;13-12-2025 2:15;ELTORO-1;49714.32031;1;0;0;0;0;0;1;0;0
2512;CO;13-12-2025;3;11;1163;13-12-2025 2:30;ELTORO-1;79019.84262;1;0;0;0;0;0;1;0;0
2512;CO;13-12-2025;3;12;1164;13-12-2025 2:45;ELTORO-1;140774.7155;1;0;0;0;0;0;1;0;0
2512;CO;13-12-2025;4;13;1165;13-12-2025 3:00;ELTORO-1;374083.0378;1;0;0;0;0;0;1;0;0
2512;CO;13-12-2025;4;14;1166;13-12-2025 3:15;ELTORO-1;373679.7795;1;0;0;0;0;0;1;0;0
2512;CO;13-12-2025;4;15;1167;13-12-2025 3:30;ELTORO-1;374351.8766;1;0;0;0;0;0;1;0;0
2512;CO;13-12-2025;4;16;1168;13-12-2025 3:45;ELTORO-1;374351.8766;1;0;0;0;0;0;1;0;0
2512;CO;13-12-2025;5;17;1169;13-12-2025 4:00;ELTORO-1;152753.6619;1;0;0;0;0;0;1;0;0
2512;CO;13-12-2025;5;18;1170;13-12-2025 4:15;ELTORO-1;68072.48623;1;0;0;0;0;0;1;0;0
2512;CO;13-12-2025;5;19;1171;13-12-2025 4:30;ELTORO-1;68553.15763;1;0;0;0;0;0;1;0;0
2512;CO;13-12-2025;5;20;1172;13-12-2025 4:45;ELTORO-1;68183.39038;1;0;0;0;0;0;1;0;0
2512;CO;13-12-2025;6;21;1173;13-12-2025 5:00;ELTORO-1;9784.538413;1;0;0;0;0;0;1;0;0
2512;CO;13-12-2025;7;25;1177;13-12-2025 6:00;ELTORO-1;44773.81906;1;0;0;0;0;0;1;0;0
2512;CO;13-12-2025;7;26;1178;13-12-2025 6:15;ELTORO-1;55241.88823;1;0;0;0;0;0;1;0;0
2512;CO;13-12-2025;7;27;1179;13-12-2025 6:30;ELTORO-1;119681.4296;1;0;0;0;0;0;1;0;0
2512;CO;13-12-2025;7;28;1180;13-12-2025 6:45;ELTORO-1;59272.45533;1;0;0;0;0;0;1;0;0
2512;CO;13-12-2025;20;80;1232;13-12-2025 19:45;ELTORO-1;4688.823796;1;0;0;0;0;0;1;0;0
2512;CO;13-12-2025;21;81;1233;13-12-2025 20:00;ELTORO-1;0;1;0;0;0;0;0;1;0;0
2512;CO;13-12-2025;22;87;1239;13-12-2025 21:30;ELTORO-1;1841.997765;1;0;0;0;0;0;1;0;0
2512;CO;13-12-2025;22;88;1240;13-12-2025 21:45;ELTORO-1;1931.456924;1;0;0;0;0;0;1;0;0
2512;CO;13-12-2025;23;89;1241;13-12-2025 22:00;ELTORO-1;52534.89793;1;0;0;0;0;0;1;0;0
2512;CO;13-12-2025;23;90;1242;13-12-2025 22:15;ELTORO-1;53937.8111;1;0;0;0;0;0;1;0;0
2512;CO;13-12-2025;23;91;1243;13-12-2025 22:30;ELTORO-1;54739.47577;1;0;0;0;0;0;1;0;0
2512;CO;13-12-2025;23;92;1244;13-12-2025 22:45;ELTORO-1;54699.42731;1;0;0;0;0;0;1;0;0
2512;CO;13-12-2025;24;93;1245;13-12-2025 23:00;ELTORO-1;41606.31851;1;0;0;0;0;0;1;0;0
2512;CO;13-12-2025;24;94;1246;13-12-2025 23:15;ELTORO-1;45051.08566;1;0;0;0;0;0;1;0;0
2512;CO;13-12-2025;24;95;1247;13-12-2025 23:30;ELTORO-1;50495.80727;1;0;0;0;0;0;1;0;0
2512;CO;13-12-2025;24;96;1248;13-12-2025 23:45;ELTORO-1;43876.33836;1;0;0;0;0;0;1;0;0
2512;CO;14-12-2025;2;6;1254;14-12-2025 1:15;ELTORO-1;44180.73497;1;0;0;0;0;0;1;0;0
2512;CO;14-12-2025;3;9;1257;14-12-2025 2:00;ELTORO-1;29128.9911;1;0;0;0;0;0;1;0;0
2512;CO;14-12-2025;5;17;1265;14-12-2025 4:00;ELTORO-1;29734.93186;1;0;0;0;0;0;1;0;0
2512;CO;14-12-2025;5;18;1266;14-12-2025 4:15;ELTORO-1;8847.129853;1;0;0;0;0;0;1;0;0
2512;CO;14-12-2025;6;21;1269;14-12-2025 5:00;ELTORO-1;31680.61856;1;0;0;0;0;0;1;0;0
2512;CO;14-12-2025;6;22;1270;14-12-2025 5:15;ELTORO-1;32696.51569;1;0;0;0;0;0;1;0;0
2512;CO;14-12-2025;6;23;1271;14-12-2025 5:30;ELTORO-1;33266.42824;1;0;0;0;0;0;1;0;0
2512;CO;14-12-2025;6;24;1272;14-12-2025 5:45;ELTORO-1;31631.0864;1;0;0;0;0;0;1;0;0
2512;CO;14-12-2025;7;25;1273;14-12-2025 6:00;ELTORO-1;18660.36429;0.584950865;0.415049135;0;0;0;0;1;0;0
2512;CO;14-12-2025;21;83;1331;14-12-2025 20:30;ELTORO-1;95306.85415;1;0;0;0;0;0;1;0;0
2512;CO;14-12-2025;21;84;1332;14-12-2025 20:45;ELTORO-1;93960.26422;1;0;0;0;0;0;1;0;0
2512;CO;14-12-2025;22;85;1333;14-12-2025 21:00;ELTORO-1;59268.61816;1;0;0;0;0;0;1;0;0
2512;CO;15-12-2025;2;7;1351;15-12-2025 1:30;ELTORO-1;10481.35653;1;0;0;0;0;0;1;0;0
2512;CO;15-12-2025;2;8;1352;15-12-2025 1:45;ELTORO-1;39475.34384;1;0;0;0;0;0;1;0;0
2512;CO;15-12-2025;3;9;1353;15-12-2025 2:00;ELTORO-1;45487.20172;1;0;0;0;0;0;1;0;0
2512;CO;15-12-2025;3;10;1354;15-12-2025 2:15;ELTORO-1;4576.05775;1;0;0;0;0;0;1;0;0
2512;CO;15-12-2025;5;19;1363;15-12-2025 4:30;ELTORO-1;36913.21479;1;0;0;0;0;0;1;0;0
2512;CO;15-12-2025;5;20;1364;15-12-2025 4:45;ELTORO-1;37145.1869;1;0;0;0;0;0;1;0;0
2512;CO;15-12-2025;6;21;1365;15-12-2025 5:00;ELTORO-1;59965.82685;1;0;0;0;0;0;1;0;0
2512;CO;15-12-2025;6;24;1368;15-12-2025 5:45;ELTORO-1;18044.37876;1;0;0;0;0;0;1;0;0
2512;CO;15-12-2025;7;25;1369;15-12-2025 6:00;ELTORO-1;58272.45135;1;0;0;0;0;0;1;0;0
2512;CO;15-12-2025;7;26;1370;15-12-2025 6:15;ELTORO-1;147831.3619;1;0;0;0;0;0;1;0;0
2512;CO;15-12-2025;7;27;1371;15-12-2025 6:30;ELTORO-1;262932.2964;1;0;0;0;0;0;1;0;0
2512;CO;15-12-2025;7;28;1372;15-12-2025 6:45;ELTORO-1;122941.7391;1;0;0;0;0;0;1;0;0
2512;CO;15-12-2025;8;29;1373;15-12-2025 7:00;ELTORO-1;100641.1475;1;0;0;0;0;0;1;0;0
2512;CO;15-12-2025;21;81;1425;15-12-2025 20:00;ELTORO-1;0;1;0;0;0;0;0;1;0;0
2512;CO;15-12-2025;21;82;1426;15-12-2025 20:15;ELTORO-1;0;1;0;0;0;0;0;1;0;0
2512;CO;15-12-2025;21;83;1427;15-12-2025 20:30;ELTORO-1;0;1;0;0;0;0;0;1;0;0
2512;CO;15-12-2025;21;84;1428;15-12-2025 20:45;ELTORO-1;0;1;0;0;0;0;0;1;0;0
2512;CO;15-12-2025;24;93;1437;15-12-2025 23:00;ELTORO-1;2491.768032;1;0;0;0;0;0;1;0;0
2512;CO;15-12-2025;24;94;1438;15-12-2025 23:15;ELTORO-1;8401.648013;1;0;0;0;0;0;1;0;0
2512;CO;15-12-2025;24;95;1439;15-12-2025 23:30;ELTORO-1;12139.12471;1;0;0;0;0;0;1;0;0
2512;CO;15-12-2025;24;96;1440;15-12-2025 23:45;ELTORO-1;25318.33405;1;0;0;0;0;0;1;0;0
2512;CO;16-12-2025;1;1;1441;16-12-2025 0:00;ELTORO-1;414709.0302;1;0;0;0;0;0;1;0;0
2512;CO;16-12-2025;1;2;1442;16-12-2025 0:15;ELTORO-1;271118.1201;1;0;0;0;0;0;1;0;0
2512;CO;16-12-2025;4;16;1456;16-12-2025 3:45;ELTORO-1;0;1;0;0;0;0;0;1;0;0
2512;CO;16-12-2025;5;17;1457;16-12-2025 4:00;ELTORO-1;5131.927023;1;0;0;0;0;0;1;0;0
2512;CO;16-12-2025;5;18;1458;16-12-2025 4:15;ELTORO-1;5214.455599;1;0;0;0;0;0;1;0;0
2512;CO;16-12-2025;5;19;1459;16-12-2025 4:30;ELTORO-1;5255.719888;1;0;0;0;0;0;1;0;0
2512;CO;16-12-2025;5;20;1460;16-12-2025 4:45;ELTORO-1;11508.02188;1;0;0;0;0;0;1;0;0
2512;CO;16-12-2025;6;21;1461;16-12-2025 5:00;ELTORO-1;285392.4013;0.508553768;0.491446232;0;0;0;0;1;0;0
2512;CO;16-12-2025;6;22;1462;16-12-2025 5:15;ELTORO-1;300839.447;0.508553768;0.491446232;0;0;0;0;1;0;0
2512;CO;16-12-2025;6;23;1463;16-12-2025 5:30;ELTORO-1;284351.3364;0.508553768;0.491446232;0;0;0;0;1;0;0
2512;CO;16-12-2025;6;24;1464;16-12-2025 5:45;ELTORO-1;270543.5624;0.508553768;0.491446232;0;0;0;0;1;0;0
2512;CO;16-12-2025;7;25;1465;16-12-2025 6:00;ELTORO-1;205711.1764;1;0;0;0;0;0;1;0;0
2512;CO;16-12-2025;7;26;1466;16-12-2025 6:15;ELTORO-1;203398.0793;1;0;0;0;0;0;1;0;0
2512;CO;16-12-2025;7;27;1467;16-12-2025 6:30;ELTORO-1;198273.2734;1;0;0;0;0;0;1;0;0
2512;CO;16-12-2025;7;28;1468;16-12-2025 6:45;ELTORO-1;35675.66523;1;0;0;0;0;0;1;0;0
2512;CO;16-12-2025;21;81;1521;16-12-2025 20:00;ELTORO-1;2204.362637;1;0;0;0;0;0;1;0;0
2512;CO;16-12-2025;21;82;1522;16-12-2025 20:15;ELTORO-1;13098.36784;1;0;0;0;0;0;1;0;0
2512;CO;16-12-2025;21;83;1523;16-12-2025 20:30;ELTORO-1;12902.38455;1;0;0;0;0;0;1;0;0
2512;CO;16-12-2025;21;84;1524;16-12-2025 20:45;ELTORO-1;13255.14247;1;0;0;0;0;0;1;0;0
2512;CO;16-12-2025;22;85;1525;16-12-2025 21:00;ELTORO-1;0;1;0;0;0;0;0;1;0;0
2512;CO;16-12-2025;22;86;1526;16-12-2025 21:15;ELTORO-1;0;1;0;0;0;0;0;1;0;0
2512;CO;16-12-2025;22;87;1527;16-12-2025 21:30;ELTORO-1;0;1;0;0;0;0;0;1;0;0
2512;CO;16-12-2025;22;88;1528;16-12-2025 21:45;ELTORO-1;0;1;0;0;0;0;0;1;0;0
2512;CO;16-12-2025;23;89;1529;16-12-2025 22:00;ELTORO-1;300658.1767;1;0;0;0;0;0;1;0;0
2512;CO;16-12-2025;23;90;1530;16-12-2025 22:15;ELTORO-1;302098.8895;1;0;0;0;0;0;1;0;0
2512;CO;16-12-2025;23;91;1531;16-12-2025 22:30;ELTORO-1;299997.8928;1;0;0;0;0;0;1;0;0
2512;CO;16-12-2025;23;92;1532;16-12-2025 22:45;ELTORO-1;300298.0352;1;0;0;0;0;0;1;0;0
2512;CO;16-12-2025;24;93;1533;16-12-2025 23:00;ELTORO-1;279882.6555;1;0;0;0;0;0;1;0;0
2512;CO;16-12-2025;24;94;1534;16-12-2025 23:15;ELTORO-1;280668.2581;1;0;0;0;0;0;1;0;0
2512;CO;16-12-2025;24;95;1535;16-12-2025 23:30;ELTORO-1;64817.31197;1;0;0;0;0;0;1;0;0
2512;CO;16-12-2025;24;96;1536;16-12-2025 23:45;ELTORO-1;63211.39403;1;0;0;0;0;0;1;0;0
2512;CO;17-12-2025;1;1;1537;17-12-2025 0:00;ELTORO-1;399343.3765;1;0;0;0;0;0;1;0;0
2512;CO;17-12-2025;1;2;1538;17-12-2025 0:15;ELTORO-1;400143.5648;1;0;0;0;0;0;1;0;0
2512;CO;17-12-2025;1;3;1539;17-12-2025 0:30;ELTORO-1;202950.6151;1;0;0;0;0;0;1;0;0
2512;CO;17-12-2025;1;4;1540;17-12-2025 0:45;ELTORO-1;72930.34546;1;0;0;0;0;0;1;0;0
2512;CO;17-12-2025;2;5;1541;17-12-2025 1:00;ELTORO-1;3458.261309;1;0;0;0;0;0;1;0;0
2512;CO;17-12-2025;2;6;1542;17-12-2025 1:15;ELTORO-1;14863.31955;1;0;0;0;0;0;1;0;0
2512;CO;17-12-2025;2;7;1543;17-12-2025 1:30;ELTORO-1;14844.39522;1;0;0;0;0;0;1;0;0
2512;CO;17-12-2025;2;8;1544;17-12-2025 1:45;ELTORO-1;14844.39522;1;0;0;0;0;0;1;0;0
2512;CO;17-12-2025;3;9;1545;17-12-2025 2:00;ELTORO-1;49850.17546;1;0;0;0;0;0;1;0;0
2512;CO;17-12-2025;3;10;1546;17-12-2025 2:15;ELTORO-1;49881.89558;1;0;0;0;0;0;1;0;0
2512;CO;17-12-2025;3;11;1547;17-12-2025 2:30;ELTORO-1;28878.67316;1;0;0;0;0;0;1;0;0
2512;CO;17-12-2025;4;14;1550;17-12-2025 3:15;ELTORO-1;30116.58343;1;0;0;0;0;0;1;0;0
2512;CO;17-12-2025;4;15;1551;17-12-2025 3:30;ELTORO-1;31191.42444;1;0;0;0;0;0;1;0;0
2512;CO;17-12-2025;4;16;1552;17-12-2025 3:45;ELTORO-1;31475.33311;1;0;0;0;0;0;1;0;0
2512;CO;17-12-2025;5;17;1553;17-12-2025 4:00;ELTORO-1;21395.19201;0.911064499;0.088935501;0;0;0;0;1;0;0
2512;CO;17-12-2025;5;18;1554;17-12-2025 4:15;ELTORO-1;8917.440759;0.911064499;0.088935501;0;0;0;0;1;0;0
2512;CO;17-12-2025;6;23;1559;17-12-2025 5:30;ELTORO-1;14470.8113;1;0;0;0;0;0;1;0;0
2512;CO;17-12-2025;6;24;1560;17-12-2025 5:45;ELTORO-1;14562.44564;1;0;0;0;0;0;1;0;0
2512;CO;17-12-2025;7;25;1561;17-12-2025 6:00;ELTORO-1;77382.4017;1;0;0;0;0;0;1;0;0
2512;CO;17-12-2025;7;26;1562;17-12-2025 6:15;ELTORO-1;65567.72226;1;0;0;0;0;0;1;0;0
2512;CO;17-12-2025;20;79;1615;17-12-2025 19:30;ELTORO-1;0;1;0;0;0;0;0;1;0;0
2512;CO;17-12-2025;20;80;1616;17-12-2025 19:45;ELTORO-1;0;1;0;0;0;0;0;1;0;0
2512;CO;17-12-2025;21;81;1617;17-12-2025 20:00;ELTORO-1;34906.11702;1;0;0;0;0;0;1;0;0
2512;CO;17-12-2025;21;82;1618;17-12-2025 20:15;ELTORO-1;34385.16937;1;0;0;0;0;0;1;0;0
2512;CO;17-12-2025;21;83;1619;17-12-2025 20:30;ELTORO-1;160074.9853;1;0;0;0;0;0;1;0;0
2512;CO;17-12-2025;21;84;1620;17-12-2025 20:45;ELTORO-1;204452.4783;1;0;0;0;0;0;1;0;0
2512;CO;17-12-2025;22;85;1621;17-12-2025 21:00;ELTORO-1;320942.2921;1;0;0;0;0;0;1;0;0
2512;CO;17-12-2025;22;86;1622;17-12-2025 21:15;ELTORO-1;148275.7547;1;0;0;0;0;0;1;0;0
2512;CO;17-12-2025;22;87;1623;17-12-2025 21:30;ELTORO-1;119593.5781;1;0;0;0;0;0;1;0;0
2512;CO;17-12-2025;22;88;1624;17-12-2025 21:45;ELTORO-1;120609.7598;1;0;0;0;0;0;1;0;0
2512;CO;17-12-2025;23;89;1625;17-12-2025 22:00;ELTORO-1;125980.304;1;0;0;0;0;0;1;0;0
2512;CO;17-12-2025;23;90;1626;17-12-2025 22:15;ELTORO-1;127621.2305;1;0;0;0;0;0;1;0;0
2512;CO;17-12-2025;23;91;1627;17-12-2025 22:30;ELTORO-1;125790.7286;1;0;0;0;0;0;1;0;0
2512;CO;17-12-2025;23;92;1628;17-12-2025 22:45;ELTORO-1;68605.20133;1;0;0;0;0;0;1;0;0
2512;CO;17-12-2025;24;93;1629;17-12-2025 23:00;ELTORO-1;25617.89515;1;0;0;0;0;0;1;0;0
2512;CO;17-12-2025;24;94;1630;17-12-2025 23:15;ELTORO-1;25962.00863;1;0;0;0;0;0;1;0;0
2512;CO;17-12-2025;24;95;1631;17-12-2025 23:30;ELTORO-1;26330.72253;1;0;0;0;0;0;1;0;0
2512;CO;17-12-2025;24;96;1632;17-12-2025 23:45;ELTORO-1;26035.76812;1;0;0;0;0;0;1;0;0
2512;CO;18-12-2025;1;1;1633;18-12-2025 0:00;ELTORO-1;97223.31022;1;0;0;0;0;0;1;0;0
2512;CO;18-12-2025;1;2;1634;18-12-2025 0:15;ELTORO-1;97948.09402;1;0;0;0;0;0;1;0;0
2512;CO;18-12-2025;1;3;1635;18-12-2025 0:30;ELTORO-1;98589.21157;1;0;0;0;0;0;1;0;0
2512;CO;18-12-2025;1;4;1636;18-12-2025 0:45;ELTORO-1;99230.32912;1;0;0;0;0;0;1;0;0
2512;CO;18-12-2025;2;5;1637;18-12-2025 1:00;ELTORO-1;89057.69602;1;0;0;0;0;0;1;0;0
2512;CO;18-12-2025;2;6;1638;18-12-2025 1:15;ELTORO-1;89232.35472;1;0;0;0;0;0;1;0;0
2512;CO;18-12-2025;2;7;1639;18-12-2025 1:30;ELTORO-1;84969.96634;1;0;0;0;0;0;1;0;0
2512;CO;18-12-2025;2;8;1640;18-12-2025 1:45;ELTORO-1;76836.84321;1;0;0;0;0;0;1;0;0
2512;CO;18-12-2025;3;9;1641;18-12-2025 2:00;ELTORO-1;17804.83776;1;0;0;0;0;0;1;0;0
2512;CO;18-12-2025;3;10;1642;18-12-2025 2:15;ELTORO-1;17596.11274;1;0;0;0;0;0;1;0;0
2512;CO;18-12-2025;3;11;1643;18-12-2025 2:30;ELTORO-1;25874.42232;1;0;0;0;0;0;1;0;0
2512;CO;18-12-2025;3;12;1644;18-12-2025 2:45;ELTORO-1;52661.63076;1;0;0;0;0;0;1;0;0
2512;CO;18-12-2025;4;13;1645;18-12-2025 3:00;ELTORO-1;345286.4219;1;0;0;0;0;0;1;0;0
2512;CO;18-12-2025;4;14;1646;18-12-2025 3:15;ELTORO-1;253147.7312;1;0;0;0;0;0;1;0;0
2512;CO;18-12-2025;4;15;1647;18-12-2025 3:30;ELTORO-1;70753.63822;1;0;0;0;0;0;1;0;0
2512;CO;18-12-2025;4;16;1648;18-12-2025 3:45;ELTORO-1;70888.14012;1;0;0;0;0;0;1;0;0
2512;CO;18-12-2025;5;17;1649;18-12-2025 4:00;ELTORO-1;40030.21405;1;0;0;0;0;0;1;0;0
2512;CO;18-12-2025;5;18;1650;18-12-2025 4:15;ELTORO-1;39953.85038;1;0;0;0;0;0;1;0;0
2512;CO;18-12-2025;5;19;1651;18-12-2025 4:30;ELTORO-1;39941.12723;1;0;0;0;0;0;1;0;0
2512;CO;18-12-2025;5;20;1652;18-12-2025 4:45;ELTORO-1;40170.19349;1;0;0;0;0;0;1;0;0
2512;CO;18-12-2025;6;21;1653;18-12-2025 5:00;ELTORO-1;50142.70064;1;0;0;0;0;0;1;0;0
2512;CO;18-12-2025;6;22;1654;18-12-2025 5:15;ELTORO-1;49790.91853;1;0;0;0;0;0;1;0;0
2512;CO;18-12-2025;6;23;1655;18-12-2025 5:30;ELTORO-1;49758.93266;1;0;0;0;0;0;1;0;0
2512;CO;18-12-2025;6;24;1656;18-12-2025 5:45;ELTORO-1;49774.9256;1;0;0;0;0;0;1;0;0
2512;CO;18-12-2025;7;25;1657;18-12-2025 6:00;ELTORO-1;93733.9608;1;0;0;0;0;0;1;0;0
2512;CO;18-12-2025;7;26;1658;18-12-2025 6:15;ELTORO-1;92315.9551;1;0;0;0;0;0;1;0;0
2512;CO;18-12-2025;7;27;1659;18-12-2025 6:30;ELTORO-1;76225.3624;1;0;0;0;0;0;1;0;0
2512;CO;18-12-2025;7;28;1660;18-12-2025 6:45;ELTORO-1;43904.85174;1;0;0;0;0;0;1;0;0
2512;CO;18-12-2025;8;29;1661;18-12-2025 7:00;ELTORO-1;20000.52526;1;0;0;0;0;0;1;0;0
2512;CO;18-12-2025;8;30;1662;18-12-2025 7:15;ELTORO-1;21892.61988;1;0;0;0;0;0;1;0;0
2512;CO;18-12-2025;8;31;1663;18-12-2025 7:30;ELTORO-1;21726.64957;1;0;0;0;0;0;1;0;0
2512;CO;18-12-2025;8;32;1664;18-12-2025 7:45;ELTORO-1;22506.70593;1;0;0;0;0;0;1;0;0
2512;CO;18-12-2025;16;63;1695;18-12-2025 15:30;ELTORO-1;44014.03691;0.590929913;0.409070087;0;0;0;0;1;0;0
2512;CO;18-12-2025;16;64;1696;18-12-2025 15:45;ELTORO-1;52589.10854;0.590929913;0.409070087;0;0;0;0;1;0;0
2512;CO;18-12-2025;17;65;1697;18-12-2025 16:00;ELTORO-1;302895.8379;0.496273698;0.503726302;0;0;0;0;1;0;0
2512;CO;18-12-2025;17;66;1698;18-12-2025 16:15;ELTORO-1;303674.8967;0.496273698;0.503726302;0;0;0;0;1;0;0
2512;CO;18-12-2025;17;67;1699;18-12-2025 16:30;ELTORO-1;302246.6903;0.496273698;0.503726302;0;0;0;0;1;0;0
2512;CO;18-12-2025;17;68;1700;18-12-2025 16:45;ELTORO-1;304583.6624;0.496273698;0.503726302;0;0;0;0;1;0;0
2512;CO;18-12-2025;18;69;1701;18-12-2025 17:00;ELTORO-1;168333.1802;1;0;0;0;0;0;1;0;0
2512;CO;18-12-2025;18;70;1702;18-12-2025 17:15;ELTORO-1;165620.7233;1;0;0;0;0;0;1;0;0
2512;CO;18-12-2025;18;71;1703;18-12-2025 17:30;ELTORO-1;152035.9146;1;0;0;0;0;0;1;0;0
2512;CO;18-12-2025;18;72;1704;18-12-2025 17:45;ELTORO-1;94864.16991;1;0;0;0;0;0;1;0;0
2512;CO;18-12-2025;19;73;1705;18-12-2025 18:00;ELTORO-1;77699.19477;1;0;0;0;0;0;1;0;0
2512;CO;18-12-2025;19;74;1706;18-12-2025 18:15;ELTORO-1;49760.95822;1;0;0;0;0;0;1;0;0
2512;CO;18-12-2025;19;75;1707;18-12-2025 18:30;ELTORO-1;26094.12007;1;0;0;0;0;0;1;0;0
2512;CO;18-12-2025;19;76;1708;18-12-2025 18:45;ELTORO-1;25712.47748;1;0;0;0;0;0;1;0;0
2512;CO;18-12-2025;20;77;1709;18-12-2025 19:00;ELTORO-1;16522.93361;1;0;0;0;0;0;1;0;0
2512;CO;18-12-2025;20;78;1710;18-12-2025 19:15;ELTORO-1;48934.05424;1;0;0;0;0;0;1;0;0
2512;CO;18-12-2025;20;79;1711;18-12-2025 19:30;ELTORO-1;113310.6708;1;0;0;0;0;0;1;0;0
2512;CO;18-12-2025;20;80;1712;18-12-2025 19:45;ELTORO-1;114101.5718;1;0;0;0;0;0;1;0;0
2512;CO;18-12-2025;21;81;1713;18-12-2025 20:00;ELTORO-1;217061.0672;1;0;0;0;0;0;1;0;0
2512;CO;18-12-2025;21;82;1714;18-12-2025 20:15;ELTORO-1;217344.0675;1;0;0;0;0;0;1;0;0
2512;CO;18-12-2025;21;83;1715;18-12-2025 20:30;ELTORO-1;215039.5964;1;0;0;0;0;0;1;0;0
2512;CO;18-12-2025;21;84;1716;18-12-2025 20:45;ELTORO-1;213867.1267;1;0;0;0;0;0;1;0;0
2512;CO;18-12-2025;22;85;1717;18-12-2025 21:00;ELTORO-1;0;1;0;0;0;0;0;1;0;0
2512;CO;18-12-2025;22;86;1718;18-12-2025 21:15;ELTORO-1;0;1;0;0;0;0;0;1;0;0
2512;CO;18-12-2025;22;87;1719;18-12-2025 21:30;ELTORO-1;0;1;0;0;0;0;0;1;0;0
2512;CO;18-12-2025;22;88;1720;18-12-2025 21:45;ELTORO-1;0;1;0;0;0;0;0;1;0;0
2512;CO;18-12-2025;23;89;1721;18-12-2025 22:00;ELTORO-1;208074.9352;1;0;0;0;0;0;1;0;0
2512;CO;18-12-2025;23;90;1722;18-12-2025 22:15;ELTORO-1;166784.6188;1;0;0;0;0;0;1;0;0
2512;CO;18-12-2025;23;91;1723;18-12-2025 22:30;ELTORO-1;132811.9517;1;0;0;0;0;0;1;0;0
2512;CO;18-12-2025;23;92;1724;18-12-2025 22:45;ELTORO-1;159147.7757;1;0;0;0;0;0;1;0;0
2512;CO;18-12-2025;24;93;1725;18-12-2025 23:00;ELTORO-1;419667.8058;1;0;0;0;0;0;1;0;0
2512;CO;18-12-2025;24;94;1726;18-12-2025 23:15;ELTORO-1;421611.3435;1;0;0;0;0;0;1;0;0
2512;CO;18-12-2025;24;95;1727;18-12-2025 23:30;ELTORO-1;406294.8451;1;0;0;0;0;0;1;0;0
2512;CO;18-12-2025;24;96;1728;18-12-2025 23:45;ELTORO-1;202682.7498;1;0;0;0;0;0;1;0;0
2512;CO;19-12-2025;1;1;1729;19-12-2025 0:00;ELTORO-1;125219.842;1;0;0;0;0;0;1;0;0
2512;CO;19-12-2025;1;2;1730;19-12-2025 0:15;ELTORO-1;126196.105;1;0;0;0;0;0;1;0;0
2512;CO;19-12-2025;1;3;1731;19-12-2025 0:30;ELTORO-1;126268.4302;1;0;0;0;0;0;1;0;0
2512;CO;19-12-2025;1;4;1732;19-12-2025 0:45;ELTORO-1;31119.47537;1;0;0;0;0;0;1;0;0
2512;CO;19-12-2025;2;5;1733;19-12-2025 1:00;ELTORO-1;35465.27888;1;0;0;0;0;0;1;0;0
2512;CO;19-12-2025;2;6;1734;19-12-2025 1:15;ELTORO-1;23433.35608;1;0;0;0;0;0;1;0;0
2512;CO;19-12-2025;2;7;1735;19-12-2025 1:30;ELTORO-1;19849.98217;1;0;0;0;0;0;1;0;0
2512;CO;19-12-2025;2;8;1736;19-12-2025 1:45;ELTORO-1;20547.72078;1;0;0;0;0;0;1;0;0
2512;CO;19-12-2025;3;9;1737;19-12-2025 2:00;ELTORO-1;10127.8169;1;0;0;0;0;0;1;0;0
2512;CO;19-12-2025;3;10;1738;19-12-2025 2:15;ELTORO-1;9346.965073;1;0;0;0;0;0;1;0;0
2512;CO;19-12-2025;3;11;1739;19-12-2025 2:30;ELTORO-1;9301.915929;1;0;0;0;0;0;1;0;0
2512;CO;19-12-2025;3;12;1740;19-12-2025 2:45;ELTORO-1;16255.7159;1;0;0;0;0;0;1;0;0
2512;CO;19-12-2025;4;13;1741;19-12-2025 3:00;ELTORO-1;56417.7171;1;0;0;0;0;0;1;0;0
2512;CO;19-12-2025;4;14;1742;19-12-2025 3:15;ELTORO-1;57545.45881;1;0;0;0;0;0;1;0;0
2512;CO;19-12-2025;4;15;1743;19-12-2025 3:30;ELTORO-1;57836.46274;1;0;0;0;0;0;1;0;0
2512;CO;19-12-2025;4;16;1744;19-12-2025 3:45;ELTORO-1;57854.67223;1;0;0;0;0;0;1;0;0
2512;CO;19-12-2025;5;17;1745;19-12-2025 4:00;ELTORO-1;9509.942312;1;0;0;0;0;0;1;0;0
2512;CO;19-12-2025;5;18;1746;19-12-2025 4:15;ELTORO-1;11858.10111;1;0;0;0;0;0;1;0;0
2512;CO;19-12-2025;5;19;1747;19-12-2025 4:30;ELTORO-1;11932.15692;1;0;0;0;0;0;1;0;0
2512;CO;19-12-2025;5;20;1748;19-12-2025 4:45;ELTORO-1;12100.99652;1;0;0;0;0;0;1;0;0
2512;CO;19-12-2025;6;21;1749;19-12-2025 5:00;ELTORO-1;27288.79528;1;0;0;0;0;0;1;0;0
2512;CO;19-12-2025;6;22;1750;19-12-2025 5:15;ELTORO-1;34153.11831;1;0;0;0;0;0;1;0;0
2512;CO;19-12-2025;6;23;1751;19-12-2025 5:30;ELTORO-1;34142.20161;1;0;0;0;0;0;1;0;0
2512;CO;19-12-2025;6;24;1752;19-12-2025 5:45;ELTORO-1;34245.91974;1;0;0;0;0;0;1;0;0
2512;CO;19-12-2025;7;25;1753;19-12-2025 6:00;ELTORO-1;328482.2742;1;0;0;0;0;0;1;0;0
2512;CO;19-12-2025;7;26;1754;19-12-2025 6:15;ELTORO-1;353117.3269;1;0;0;0;0;0;1;0;0
2512;CO;19-12-2025;7;27;1755;19-12-2025 6:30;ELTORO-1;264892.799;1;0;0;0;0;0;1;0;0
2512;CO;19-12-2025;7;28;1756;19-12-2025 6:45;ELTORO-1;265563.3754;1;0;0;0;0;0;1;0;0
2512;CO;19-12-2025;8;29;1757;19-12-2025 7:00;ELTORO-1;211910.3044;1;0;0;0;0;0;1;0;0
2512;CO;19-12-2025;8;30;1758;19-12-2025 7:15;ELTORO-1;30776.05919;1;0;0;0;0;0;1;0;0
2512;CO;19-12-2025;8;31;1759;19-12-2025 7:30;ELTORO-1;31467.1666;1;0;0;0;0;0;1;0;0
2512;CO;19-12-2025;8;32;1760;19-12-2025 7:45;ELTORO-1;31743.59323;1;0;0;0;0;0;1;0;0
2512;CO;19-12-2025;20;78;1806;19-12-2025 19:15;ELTORO-1;55574.97957;1;0;0;0;0;0;1;0;0
2512;CO;19-12-2025;20;79;1807;19-12-2025 19:30;ELTORO-1;79997.00692;1;0;0;0;0;0;1;0;0
2512;CO;19-12-2025;20;80;1808;19-12-2025 19:45;ELTORO-1;75110.74772;1;0;0;0;0;0;1;0;0
2512;CO;19-12-2025;21;81;1809;19-12-2025 20:00;ELTORO-1;100375.0283;1;0;0;0;0;0;1;0;0
2512;CO;19-12-2025;21;82;1810;19-12-2025 20:15;ELTORO-1;107185.9419;1;0;0;0;0;0;1;0;0
2512;CO;19-12-2025;21;83;1811;19-12-2025 20:30;ELTORO-1;137274.8465;1;0;0;0;0;0;1;0;0
2512;CO;19-12-2025;21;84;1812;19-12-2025 20:45;ELTORO-1;137566.1428;1;0;0;0;0;0;1;0;0
2512;CO;19-12-2025;22;85;1813;19-12-2025 21:00;ELTORO-1;142417.4368;1;0;0;0;0;0;1;0;0
2512;CO;19-12-2025;22;86;1814;19-12-2025 21:15;ELTORO-1;107773.9249;1;0;0;0;0;0;1;0;0
2512;CO;19-12-2025;22;87;1815;19-12-2025 21:30;ELTORO-1;99968.05143;1;0;0;0;0;0;1;0;0
2512;CO;19-12-2025;22;88;1816;19-12-2025 21:45;ELTORO-1;80989.69128;1;0;0;0;0;0;1;0;0
2512;CO;19-12-2025;23;89;1817;19-12-2025 22:00;ELTORO-1;38407.41995;1;0;0;0;0;0;1;0;0
2512;CO;19-12-2025;23;90;1818;19-12-2025 22:15;ELTORO-1;23402.52174;1;0;0;0;0;0;1;0;0
2512;CO;19-12-2025;23;91;1819;19-12-2025 22:30;ELTORO-1;59038.18267;1;0;0;0;0;0;1;0;0
2512;CO;19-12-2025;23;92;1820;19-12-2025 22:45;ELTORO-1;103118.3034;1;0;0;0;0;0;1;0;0
2512;CO;19-12-2025;24;93;1821;19-12-2025 23:00;ELTORO-1;179824.9302;1;0;0;0;0;0;1;0;0
2512;CO;19-12-2025;24;94;1822;19-12-2025 23:15;ELTORO-1;164049.3791;1;0;0;0;0;0;1;0;0
2512;CO;19-12-2025;24;95;1823;19-12-2025 23:30;ELTORO-1;104502.2507;1;0;0;0;0;0;1;0;0
2512;CO;19-12-2025;24;96;1824;19-12-2025 23:45;ELTORO-1;57661.25321;1;0;0;0;0;0;1;0;0
2512;CO;20-12-2025;1;1;1825;20-12-2025 0:00;ELTORO-1;175387.0539;0.574528777;0.425471223;0;0;0;0;1;0;0
2512;CO;20-12-2025;1;2;1826;20-12-2025 0:15;ELTORO-1;233263.705;0.574528777;0.425471223;0;0;0;0;1;0;0
2512;CO;20-12-2025;1;3;1827;20-12-2025 0:30;ELTORO-1;155486.4823;0.574528777;0.425471223;0;0;0;0;1;0;0
2512;CO;20-12-2025;1;4;1828;20-12-2025 0:45;ELTORO-1;118316.5484;0.574528777;0.425471223;0;0;0;0;1;0;0
2512;CO;20-12-2025;2;5;1829;20-12-2025 1:00;ELTORO-1;93345.59078;1;0;0;0;0;0;1;0;0
2512;CO;20-12-2025;2;6;1830;20-12-2025 1:15;ELTORO-1;101435.8794;1;0;0;0;0;0;1;0;0
2512;CO;20-12-2025;2;7;1831;20-12-2025 1:30;ELTORO-1;90508.81807;1;0;0;0;0;0;1;0;0
2512;CO;20-12-2025;2;8;1832;20-12-2025 1:45;ELTORO-1;80406.76891;1;0;0;0;0;0;1;0;0
2512;CO;20-12-2025;3;9;1833;20-12-2025 2:00;ELTORO-1;98661.50921;1;0;0;0;0;0;1;0;0
2512;CO;20-12-2025;3;10;1834;20-12-2025 2:15;ELTORO-1;107342.4892;1;0;0;0;0;0;1;0;0
2512;CO;20-12-2025;3;11;1835;20-12-2025 2:30;ELTORO-1;107043.0672;1;0;0;0;0;0;1;0;0
2512;CO;20-12-2025;3;12;1836;20-12-2025 2:45;ELTORO-1;92661.01373;1;0;0;0;0;0;1;0;0
2512;CO;20-12-2025;4;13;1837;20-12-2025 3:00;ELTORO-1;16578.26352;1;0;0;0;0;0;1;0;0
2512;CO;20-12-2025;4;14;1838;20-12-2025 3:15;ELTORO-1;18662.76422;1;0;0;0;0;0;1;0;0
2512;CO;20-12-2025;4;15;1839;20-12-2025 3:30;ELTORO-1;18803.35535;1;0;0;0;0;0;1;0;0
2512;CO;20-12-2025;4;16;1840;20-12-2025 3:45;ELTORO-1;18733.05979;1;0;0;0;0;0;1;0;0
2512;CO;20-12-2025;5;17;1841;20-12-2025 4:00;ELTORO-1;45253.2383;1;0;0;0;0;0;1;0;0
2512;CO;20-12-2025;5;18;1842;20-12-2025 4:15;ELTORO-1;49603.4598;1;0;0;0;0;0;1;0;0
2512;CO;20-12-2025;5;19;1843;20-12-2025 4:30;ELTORO-1;61835.96655;1;0;0;0;0;0;1;0;0
2512;CO;20-12-2025;5;20;1844;20-12-2025 4:45;ELTORO-1;62205.99043;1;0;0;0;0;0;1;0;0
2512;CO;20-12-2025;6;21;1845;20-12-2025 5:00;ELTORO-1;115655.5914;1;0;0;0;0;0;1;0;0
2512;CO;20-12-2025;6;22;1846;20-12-2025 5:15;ELTORO-1;88760.54823;1;0;0;0;0;0;1;0;0
2512;CO;20-12-2025;6;23;1847;20-12-2025 5:30;ELTORO-1;88790.29273;1;0;0;0;0;0;1;0;0
2512;CO;20-12-2025;6;24;1848;20-12-2025 5:45;ELTORO-1;88849.78172;1;0;0;0;0;0;1;0;0
2512;CO;20-12-2025;7;25;1849;20-12-2025 6:00;ELTORO-1;42490.87262;1;0;0;0;0;0;1;0;0
2512;CO;20-12-2025;7;26;1850;20-12-2025 6:15;ELTORO-1;42319.57266;1;0;0;0;0;0;1;0;0
2512;CO;20-12-2025;7;27;1851;20-12-2025 6:30;ELTORO-1;42276.74058;1;0;0;0;0;0;1;0;0
2512;CO;20-12-2025;7;28;1852;20-12-2025 6:45;ELTORO-1;41976.97273;1;0;0;0;0;0;1;0;0
2512;CO;20-12-2025;8;29;1853;20-12-2025 7:00;ELTORO-1;110789.1494;0.526530612;0.473469388;0;0;0;0;1;0;0
2512;CO;20-12-2025;10;40;1864;20-12-2025 9:45;ELTORO-1;17041.95871;1;0;0;0;0;0;1;0;0
2512;CO;20-12-2025;11;41;1865;20-12-2025 10:00;ELTORO-1;39059.06004;0.401863381;0.598136619;0;0;0;0;1;0;0
2512;CO;20-12-2025;21;81;1905;20-12-2025 20:00;ELTORO-1;31990.20558;1;0;0;0;0;0;1;0;0
2512;CO;20-12-2025;21;82;1906;20-12-2025 20:15;ELTORO-1;32244.76888;1;0;0;0;0;0;1;0;0
2512;CO;20-12-2025;21;83;1907;20-12-2025 20:30;ELTORO-1;33263.02209;1;0;0;0;0;0;1;0;0
2512;CO;20-12-2025;21;84;1908;20-12-2025 20:45;ELTORO-1;45639.10446;1;0;0;0;0;0;1;0;0
2512;CO;20-12-2025;22;85;1909;20-12-2025 21:00;ELTORO-1;175313.3668;1;0;0;0;0;0;1;0;0
2512;CO;20-12-2025;22;86;1910;20-12-2025 21:15;ELTORO-1;176478.2781;1;0;0;0;0;0;1;0;0
2512;CO;20-12-2025;22;87;1911;20-12-2025 21:30;ELTORO-1;176478.2781;1;0;0;0;0;0;1;0;0
2512;CO;20-12-2025;22;88;1912;20-12-2025 21:45;ELTORO-1;175895.8225;1;0;0;0;0;0;1;0;0
2512;CO;20-12-2025;23;89;1913;20-12-2025 22:00;ELTORO-1;115487.1562;1;0;0;0;0;0;1;0;0
2512;CO;20-12-2025;23;90;1914;20-12-2025 22:15;ELTORO-1;101339.5973;1;0;0;0;0;0;1;0;0
2512;CO;20-12-2025;23;91;1915;20-12-2025 22:30;ELTORO-1;72939.63915;1;0;0;0;0;0;1;0;0
2512;CO;20-12-2025;23;92;1916;20-12-2025 22:45;ELTORO-1;72685.07585;1;0;0;0;0;0;1;0;0
2512;CO;20-12-2025;24;93;1917;20-12-2025 23:00;ELTORO-1;139028.5882;1;0;0;0;0;0;1;0;0
2512;CO;20-12-2025;24;94;1918;20-12-2025 23:15;ELTORO-1;165360.0617;1;0;0;0;0;0;1;0;0
2512;CO;20-12-2025;24;95;1919;20-12-2025 23:30;ELTORO-1;145150.7489;1;0;0;0;0;0;1;0;0
2512;CO;20-12-2025;24;96;1920;20-12-2025 23:45;ELTORO-1;102491.3536;1;0;0;0;0;0;1;0;0
2512;CO;21-12-2025;1;1;1921;21-12-2025 0:00;ELTORO-1;41087.21319;1;0;0;0;0;0;1;0;0
2512;CO;21-12-2025;1;2;1922;21-12-2025 0:15;ELTORO-1;35064.46829;1;0;0;0;0;0;1;0;0
2512;CO;21-12-2025;1;3;1923;21-12-2025 0:30;ELTORO-1;35207.29268;1;0;0;0;0;0;1;0;0
2512;CO;21-12-2025;1;4;1924;21-12-2025 0:45;ELTORO-1;36492.71218;1;0;0;0;0;0;1;0;0
2512;CO;21-12-2025;2;5;1925;21-12-2025 1:00;ELTORO-1;22511.12225;1;0;0;0;0;0;1;0;0
2512;CO;21-12-2025;2;6;1926;21-12-2025 1:15;ELTORO-1;26282.05437;1;0;0;0;0;0;1;0;0
2512;CO;21-12-2025;2;7;1927;21-12-2025 1:30;ELTORO-1;53647.25409;1;0;0;0;0;0;1;0;0
2512;CO;21-12-2025;2;8;1928;21-12-2025 1:45;ELTORO-1;71234.9302;1;0;0;0;0;0;1;0;0
2512;CO;21-12-2025;3;9;1929;21-12-2025 2:00;ELTORO-1;164349.918;0.972487799;0.027512201;0;0;0;0;1;0;0
2512;CO;21-12-2025;3;10;1930;21-12-2025 2:15;ELTORO-1;162965.1595;0.972487799;0.027512201;0;0;0;0;1;0;0
2512;CO;21-12-2025;3;11;1931;21-12-2025 2:30;ELTORO-1;162924.4364;0.972487799;0.027512201;0;0;0;0;1;0;0
2512;CO;21-12-2025;3;12;1932;21-12-2025 2:45;ELTORO-1;162109.8589;0.972487799;0.027512201;0;0;0;0;1;0;0
2512;CO;21-12-2025;4;13;1933;21-12-2025 3:00;ELTORO-1;93716.45787;1;0;0;0;0;0;1;0;0
2512;CO;21-12-2025;4;14;1934;21-12-2025 3:15;ELTORO-1;40655.47528;1;0;0;0;0;0;1;0;0
2512;CO;21-12-2025;4;15;1935;21-12-2025 3:30;ELTORO-1;101022.5462;1;0;0;0;0;0;1;0;0
2512;CO;21-12-2025;4;16;1936;21-12-2025 3:45;ELTORO-1;100664.3989;1;0;0;0;0;0;1;0;0
2512;CO;21-12-2025;5;17;1937;21-12-2025 4:00;ELTORO-1;143786.2187;1;0;0;0;0;0;1;0;0
2512;CO;21-12-2025;5;18;1938;21-12-2025 4:15;ELTORO-1;143423.1422;1;0;0;0;0;0;1;0;0
2512;CO;21-12-2025;5;19;1939;21-12-2025 4:30;ELTORO-1;143205.2756;1;0;0;0;0;0;1;0;0
2512;CO;21-12-2025;5;20;1940;21-12-2025 4:45;ELTORO-1;143495.7471;1;0;0;0;0;0;1;0;0
2512;CO;21-12-2025;6;21;1941;21-12-2025 5:00;ELTORO-1;161419.4224;1;0;0;0;0;0;1;0;0
2512;CO;21-12-2025;6;22;1942;21-12-2025 5:15;ELTORO-1;161500.2779;1;0;0;0;0;0;1;0;0
2512;CO;21-12-2025;6;23;1943;21-12-2025 5:30;ELTORO-1;161783.3298;1;0;0;0;0;0;1;0;0
2512;CO;21-12-2025;6;24;1944;21-12-2025 5:45;ELTORO-1;65634.51436;1;0;0;0;0;0;1;0;0
2512;CO;21-12-2025;7;25;1945;21-12-2025 6:00;ELTORO-1;104217.0901;0.5603752;0.4396248;0;0;0;0;1;0;0
2512;CO;21-12-2025;7;26;1946;21-12-2025 6:15;ELTORO-1;104312.6439;0.5603752;0.4396248;0;0;0;0;1;0;0
2512;CO;21-12-2025;7;27;1947;21-12-2025 6:30;ELTORO-1;97945.67984;0.5603752;0.4396248;0;0;0;0;1;0;0
2512;CO;21-12-2025;7;28;1948;21-12-2025 6:45;ELTORO-1;84825.46068;0.5603752;0.4396248;0;0;0;0;1;0;0
2512;CO;21-12-2025;8;29;1949;21-12-2025 7:00;ELTORO-1;50617.36057;0.716508613;0.283491387;0;0;0;0;1;0;0
2512;CO;21-12-2025;8;30;1950;21-12-2025 7:15;ELTORO-1;2354.831486;0.716508613;0.283491387;0;0;0;0;1;0;0
2512;CO;21-12-2025;8;31;1951;21-12-2025 7:30;ELTORO-1;1467.525179;0.716508613;0.283491387;0;0;0;0;1;0;0
2512;CO;21-12-2025;20;80;2000;21-12-2025 19:45;ELTORO-1;0;0.512283296;0.487716704;0;0;0;0;1;0;0
2512;CO;21-12-2025;21;81;2001;21-12-2025 20:00;ELTORO-1;43254.65503;1;0;0;0;0;0;1;0;0
2512;CO;21-12-2025;21;82;2002;21-12-2025 20:15;ELTORO-1;35766.39876;1;0;0;0;0;0;1;0;0
2512;CO;21-12-2025;21;83;2003;21-12-2025 20:30;ELTORO-1;30037.69461;1;0;0;0;0;0;1;0;0
2512;CO;21-12-2025;21;84;2004;21-12-2025 20:45;ELTORO-1;29874.13235;1;0;0;0;0;0;1;0;0
2512;CO;21-12-2025;22;85;2005;21-12-2025 21:00;ELTORO-1;22183.37995;1;0;0;0;0;0;1;0;0
2512;CO;21-12-2025;22;86;2006;21-12-2025 21:15;ELTORO-1;17128.26055;1;0;0;0;0;0;1;0;0
2512;CO;21-12-2025;22;87;2007;21-12-2025 21:30;ELTORO-1;40671.41071;1;0;0;0;0;0;1;0;0
2512;CO;21-12-2025;22;88;2008;21-12-2025 21:45;ELTORO-1;58358.12477;1;0;0;0;0;0;1;0;0
2512;CO;21-12-2025;23;89;2009;21-12-2025 22:00;ELTORO-1;52324.13623;1;0;0;0;0;0;1;0;0
2512;CO;21-12-2025;23;90;2010;21-12-2025 22:15;ELTORO-1;50182.94571;1;0;0;0;0;0;1;0;0
2512;CO;21-12-2025;23;91;2011;21-12-2025 22:30;ELTORO-1;50034.28225;1;0;0;0;0;0;1;0;0
2512;CO;21-12-2025;23;92;2012;21-12-2025 22:45;ELTORO-1;34428.27823;1;0;0;0;0;0;1;0;0
2512;CO;21-12-2025;24;93;2013;21-12-2025 23:00;ELTORO-1;11482.06769;1;0;0;0;0;0;1;0;0
2512;CO;21-12-2025;24;94;2014;21-12-2025 23:15;ELTORO-1;11340.21123;1;0;0;0;0;0;1;0;0
2512;CO;21-12-2025;24;95;2015;21-12-2025 23:30;ELTORO-1;10536.28835;1;0;0;0;0;0;1;0;0
2512;CO;21-12-2025;24;96;2016;21-12-2025 23:45;ELTORO-1;24327.18001;1;0;0;0;0;0;1;0;0
2512;CO;22-12-2025;1;1;2017;22-12-2025 0:00;ELTORO-1;35935.44003;1;0;0;0;0;0;1;0;0
2512;CO;22-12-2025;1;2;2018;22-12-2025 0:15;ELTORO-1;34791.06131;1;0;0;0;0;0;1;0;0
2512;CO;22-12-2025;1;3;2019;22-12-2025 0:30;ELTORO-1;21275.59329;1;0;0;0;0;0;1;0;0
2512;CO;22-12-2025;1;4;2020;22-12-2025 0:45;ELTORO-1;15240.69718;1;0;0;0;0;0;1;0;0
2512;CO;22-12-2025;2;5;2021;22-12-2025 1:00;ELTORO-1;3258.883747;1;0;0;0;0;0;1;0;0
2512;CO;22-12-2025;2;6;2022;22-12-2025 1:15;ELTORO-1;9009.239408;1;0;0;0;0;0;1;0;0
2512;CO;22-12-2025;2;7;2023;22-12-2025 1:30;ELTORO-1;16477.74923;1;0;0;0;0;0;1;0;0
2512;CO;22-12-2025;2;8;2024;22-12-2025 1:45;ELTORO-1;16886.83872;1;0;0;0;0;0;1;0;0
2512;CO;22-12-2025;3;9;2025;22-12-2025 2:00;ELTORO-1;31583.86892;1;0;0;0;0;0;1;0;0
2512;CO;22-12-2025;3;10;2026;22-12-2025 2:15;ELTORO-1;25214.48192;1;0;0;0;0;0;1;0;0
2512;CO;22-12-2025;3;11;2027;22-12-2025 2:30;ELTORO-1;18559.79565;1;0;0;0;0;0;1;0;0
2512;CO;22-12-2025;3;12;2028;22-12-2025 2:45;ELTORO-1;18372.40533;1;0;0;0;0;0;1;0;0
2512;CO;22-12-2025;4;13;2029;22-12-2025 3:00;ELTORO-1;18895.58508;1;0;0;0;0;0;1;0;0
2512;CO;22-12-2025;4;14;2030;22-12-2025 3:15;ELTORO-1;43069.07302;1;0;0;0;0;0;1;0;0
2512;CO;22-12-2025;4;15;2031;22-12-2025 3:30;ELTORO-1;43766.68175;1;0;0;0;0;0;1;0;0
2512;CO;22-12-2025;4;16;2032;22-12-2025 3:45;ELTORO-1;28934.41054;1;0;0;0;0;0;1;0;0
2512;CO;22-12-2025;5;17;2033;22-12-2025 4:00;ELTORO-1;16703.62251;1;0;0;0;0;0;1;0;0
2512;CO;22-12-2025;5;18;2034;22-12-2025 4:15;ELTORO-1;28451.09629;1;0;0;0;0;0;1;0;0
2512;CO;22-12-2025;5;19;2035;22-12-2025 4:30;ELTORO-1;28396.32038;1;0;0;0;0;0;1;0;0
2512;CO;22-12-2025;5;20;2036;22-12-2025 4:45;ELTORO-1;28582.54748;1;0;0;0;0;0;1;0;0
2512;CO;22-12-2025;6;21;2037;22-12-2025 5:00;ELTORO-1;104420.3527;0.944474499;0.055525501;0;0;0;0;1;0;0
2512;CO;22-12-2025;6;22;2038;22-12-2025 5:15;ELTORO-1;73825.92012;0.944474499;0.055525501;0;0;0;0;1;0;0
2512;CO;22-12-2025;6;23;2039;22-12-2025 5:30;ELTORO-1;37881.07931;0.944474499;0.055525501;0;0;0;0;1;0;0
2512;CO;22-12-2025;6;24;2040;22-12-2025 5:45;ELTORO-1;21534.83118;0.944474499;0.055525501;0;0;0;0;1;0;0
2512;CO;22-12-2025;7;25;2041;22-12-2025 6:00;ELTORO-1;0;0.953998103;0.046001897;0;0;0;0;1;0;0
2512;CO;22-12-2025;7;26;2042;22-12-2025 6:15;ELTORO-1;0;0.953998103;0.046001897;0;0;0;0;1;0;0
2512;CO;22-12-2025;7;27;2043;22-12-2025 6:30;ELTORO-1;0;0.953998103;0.046001897;0;0;0;0;1;0;0
2512;CO;22-12-2025;7;28;2044;22-12-2025 6:45;ELTORO-1;0;0.953998103;0.046001897;0;0;0;0;1;0;0
2512;CO;22-12-2025;8;29;2045;22-12-2025 7:00;ELTORO-1;32694.42081;1;0;0;0;0;0;1;0;0
2512;CO;22-12-2025;20;80;2096;22-12-2025 19:45;ELTORO-1;45081.27781;1;0;0;0;0;0;1;0;0
2512;CO;22-12-2025;21;81;2097;22-12-2025 20:00;ELTORO-1;55103.83843;1;0;0;0;0;0;1;0;0
2512;CO;22-12-2025;21;82;2098;22-12-2025 20:15;ELTORO-1;58411.12645;1;0;0;0;0;0;1;0;0
2512;CO;22-12-2025;21;83;2099;22-12-2025 20:30;ELTORO-1;72829.04092;1;0;0;0;0;0;1;0;0
2512;CO;22-12-2025;21;84;2100;22-12-2025 20:45;ELTORO-1;74778.44082;1;0;0;0;0;0;1;0;0
2512;CO;22-12-2025;22;85;2101;22-12-2025 21:00;ELTORO-1;86176.28737;1;0;0;0;0;0;1;0;0
2512;CO;22-12-2025;22;86;2102;22-12-2025 21:15;ELTORO-1;85927.85592;1;0;0;0;0;0;1;0;0
2512;CO;22-12-2025;22;87;2103;22-12-2025 21:30;ELTORO-1;85679.39496;1;0;0;0;0;0;1;0;0
2512;CO;22-12-2025;22;88;2104;22-12-2025 21:45;ELTORO-1;86548.9493;1;0;0;0;0;0;1;0;0
2512;CO;22-12-2025;23;89;2105;22-12-2025 22:00;ELTORO-1;154930.9893;1;0;0;0;0;0;1;0;0
2512;CO;22-12-2025;23;90;2106;22-12-2025 22:15;ELTORO-1;154707.3744;1;0;0;0;0;0;1;0;0
2512;CO;22-12-2025;23;91;2107;22-12-2025 22:30;ELTORO-1;154781.895;1;0;0;0;0;0;1;0;0
2512;CO;22-12-2025;23;92;2108;22-12-2025 22:45;ELTORO-1;153713.8551;1;0;0;0;0;0;1;0;0
2512;CO;22-12-2025;24;93;2109;22-12-2025 23:00;ELTORO-1;130990.557;1;0;0;0;0;0;1;0;0
2512;CO;22-12-2025;24;94;2110;22-12-2025 23:15;ELTORO-1;130894.9904;1;0;0;0;0;0;1;0;0
2512;CO;22-12-2025;24;95;2111;22-12-2025 23:30;ELTORO-1;130926.8459;1;0;0;0;0;0;1;0;0
2512;CO;22-12-2025;24;96;2112;22-12-2025 23:45;ELTORO-1;130640.1916;1;0;0;0;0;0;1;0;0
2512;CO;23-12-2025;1;1;2113;23-12-2025 0:00;ELTORO-1;100885.8246;1;0;0;0;0;0;1;0;0
2512;CO;23-12-2025;1;2;2114;23-12-2025 0:15;ELTORO-1;114706.9029;1;0;0;0;0;0;1;0;0
2512;CO;23-12-2025;1;3;2115;23-12-2025 0:30;ELTORO-1;165207.8691;1;0;0;0;0;0;1;0;0
2512;CO;23-12-2025;1;4;2116;23-12-2025 0:45;ELTORO-1;166432.1638;1;0;0;0;0;0;1;0;0
2512;CO;23-12-2025;2;5;2117;23-12-2025 1:00;ELTORO-1;257922.0153;1;0;0;0;0;0;1;0;0
2512;CO;23-12-2025;2;6;2118;23-12-2025 1:15;ELTORO-1;240752.3278;1;0;0;0;0;0;1;0;0
2512;CO;23-12-2025;2;7;2119;23-12-2025 1:30;ELTORO-1;124746.6032;1;0;0;0;0;0;1;0;0
2512;CO;23-12-2025;2;8;2120;23-12-2025 1:45;ELTORO-1;123946.3848;1;0;0;0;0;0;1;0;0
2512;CO;23-12-2025;3;9;2121;23-12-2025 2:00;ELTORO-1;108905.1759;1;0;0;0;0;0;1;0;0
2512;CO;23-12-2025;3;10;2122;23-12-2025 2:15;ELTORO-1;108435.6628;1;0;0;0;0;0;1;0;0
2512;CO;23-12-2025;3;11;2123;23-12-2025 2:30;ELTORO-1;107563.828;1;0;0;0;0;0;1;0;0
2512;CO;23-12-2025;3;12;2124;23-12-2025 2:45;ELTORO-1;106054.7858;1;0;0;0;0;0;1;0;0
2512;CO;23-12-2025;4;13;2125;23-12-2025 3:00;ELTORO-1;62728.18619;1;0;0;0;0;0;1;0;0
2512;CO;23-12-2025;4;14;2126;23-12-2025 3:15;ELTORO-1;62906.53365;1;0;0;0;0;0;1;0;0
2512;CO;23-12-2025;4;15;2127;23-12-2025 3:30;ELTORO-1;63203.7489;1;0;0;0;0;0;1;0;0
2512;CO;23-12-2025;4;16;2128;23-12-2025 3:45;ELTORO-1;63124.49353;1;0;0;0;0;0;1;0;0
2512;CO;23-12-2025;5;17;2129;23-12-2025 4:00;ELTORO-1;73422.27657;1;0;0;0;0;0;1;0;0
2512;CO;23-12-2025;5;18;2130;23-12-2025 4:15;ELTORO-1;73120.08864;1;0;0;0;0;0;1;0;0
2512;CO;23-12-2025;5;19;2131;23-12-2025 4:30;ELTORO-1;151808.5227;1;0;0;0;0;0;1;0;0
2512;CO;23-12-2025;5;20;2132;23-12-2025 4:45;ELTORO-1;152185.1389;1;0;0;0;0;0;1;0;0
2512;CO;23-12-2025;6;21;2133;23-12-2025 5:00;ELTORO-1;182406.8034;1;0;0;0;0;0;1;0;0
2512;CO;23-12-2025;6;22;2134;23-12-2025 5:15;ELTORO-1;149616.9283;1;0;0;0;0;0;1;0;0
2512;CO;23-12-2025;6;23;2135;23-12-2025 5:30;ELTORO-1;205714.6558;1;0;0;0;0;0;1;0;0
2512;CO;23-12-2025;6;24;2136;23-12-2025 5:45;ELTORO-1;207207.0446;1;0;0;0;0;0;1;0;0
2512;CO;23-12-2025;7;25;2137;23-12-2025 6:00;ELTORO-1;223435.4743;1;0;0;0;0;0;1;0;0
2512;CO;23-12-2025;7;26;2138;23-12-2025 6:15;ELTORO-1;430430.6408;1;0;0;0;0;0;1;0;0
2512;CO;23-12-2025;7;27;2139;23-12-2025 6:30;ELTORO-1;289675.5549;1;0;0;0;0;0;1;0;0
2512;CO;23-12-2025;7;28;2140;23-12-2025 6:45;ELTORO-1;200294.3382;1;0;0;0;0;0;1;0;0
2512;CO;23-12-2025;8;29;2141;23-12-2025 7:00;ELTORO-1;220175.7174;1;0;0;0;0;0;1;0;0
2512;CO;23-12-2025;8;30;2142;23-12-2025 7:15;ELTORO-1;51742.11778;1;0;0;0;0;0;1;0;0
2512;CO;23-12-2025;21;81;2193;23-12-2025 20:00;ELTORO-1;116903.3179;0.8975474;0.1024526;0;0;0;0;1;0;0
2512;CO;23-12-2025;21;82;2194;23-12-2025 20:15;ELTORO-1;116356.2583;0.8975474;0.1024526;0;0;0;0;1;0;0
2512;CO;23-12-2025;21;83;2195;23-12-2025 20:30;ELTORO-1;109832.2397;0.8975474;0.1024526;0;0;0;0;1;0;0
2512;CO;23-12-2025;21;84;2196;23-12-2025 20:45;ELTORO-1;117596.26;0.8975474;0.1024526;0;0;0;0;1;0;0
2512;CO;23-12-2025;22;85;2197;23-12-2025 21:00;ELTORO-1;82464.96348;1;0;0;0;0;0;1;0;0
2512;CO;23-12-2025;22;86;2198;23-12-2025 21:15;ELTORO-1;79317.15791;1;0;0;0;0;0;1;0;0
2512;CO;23-12-2025;22;87;2199;23-12-2025 21:30;ELTORO-1;34373.85132;1;0;0;0;0;0;1;0;0
2512;CO;23-12-2025;22;88;2200;23-12-2025 21:45;ELTORO-1;48071.27647;1;0;0;0;0;0;1;0;0
2512;CO;23-12-2025;23;89;2201;23-12-2025 22:00;ELTORO-1;52487.64426;1;0;0;0;0;0;1;0;0
2512;CO;23-12-2025;23;90;2202;23-12-2025 22:15;ELTORO-1;51150.1322;1;0;0;0;0;0;1;0;0
2512;CO;23-12-2025;23;91;2203;23-12-2025 22:30;ELTORO-1;50676.40057;1;0;0;0;0;0;1;0;0
2512;CO;23-12-2025;23;92;2204;23-12-2025 22:45;ELTORO-1;49657.75093;1;0;0;0;0;0;1;0;0
2512;CO;23-12-2025;24;93;2205;23-12-2025 23:00;ELTORO-1;52283.62786;0.845118564;0.154881436;0;0;0;0;1;0;0
2512;CO;23-12-2025;24;94;2206;23-12-2025 23:15;ELTORO-1;63688.64035;0.845118564;0.154881436;0;0;0;0;1;0;0
2512;CO;23-12-2025;24;95;2207;23-12-2025 23:30;ELTORO-1;63864.97296;0.845118564;0.154881436;0;0;0;0;1;0;0
2512;CO;23-12-2025;24;96;2208;23-12-2025 23:45;ELTORO-1;24919.61502;0.845118564;0.154881436;0;0;0;0;1;0;0
2512;CO;24-12-2025;7;25;2233;24-12-2025 6:00;ELTORO-1;11029.10584;1;0;0;0;0;0;1;0;0
2512;CO;24-12-2025;20;80;2288;24-12-2025 19:45;ELTORO-1;56222.98317;1;0;0;0;0;0;1;0;0
2512;CO;24-12-2025;21;81;2289;24-12-2025 20:00;ELTORO-1;56080.15016;1;0;0;0;0;0;1;0;0
2512;CO;24-12-2025;21;82;2290;24-12-2025 20:15;ELTORO-1;53335.31182;1;0;0;0;0;0;1;0;0
2512;CO;24-12-2025;21;83;2291;24-12-2025 20:30;ELTORO-1;53204.60523;1;0;0;0;0;0;1;0;0
2512;CO;24-12-2025;21;84;2292;24-12-2025 20:45;ELTORO-1;37775.34999;1;0;0;0;0;0;1;0;0
2512;CO;24-12-2025;23;89;2297;24-12-2025 22:00;ELTORO-1;48125.29323;1;0;0;0;0;0;1;0;0
2512;CO;24-12-2025;23;90;2298;24-12-2025 22:15;ELTORO-1;32082.43829;1;0;0;0;0;0;1;0;0
2512;CO;25-12-2025;1;1;2301;25-12-2025 0:00;ELTORO-1;9269.978898;0.699213088;0.300786912;0;0;0;0;1;0;0
2512;CO;25-12-2025;1;2;2302;25-12-2025 0:15;ELTORO-1;9510.448191;0.699213088;0.300786912;0;0;0;0;1;0;0
2512;CO;25-12-2025;1;3;2303;25-12-2025 0:30;ELTORO-1;5139.237438;0.699213088;0.300786912;0;0;0;0;1;0;0
2512;CO;25-12-2025;2;8;2308;25-12-2025 1:45;ELTORO-1;1870.637966;1;0;0;0;0;0;1;0;0
2512;CO;25-12-2025;4;15;2315;25-12-2025 3:30;ELTORO-1;28193.74264;1;0;0;0;0;0;1;0;0
2512;CO;25-12-2025;4;16;2316;25-12-2025 3:45;ELTORO-1;25237.06886;1;0;0;0;0;0;1;0;0
2512;CO;25-12-2025;5;17;2317;25-12-2025 4:00;ELTORO-1;1750.556743;1;0;0;0;0;0;1;0;0
2512;CO;25-12-2025;6;22;2322;25-12-2025 5:15;ELTORO-1;7852.930013;1;0;0;0;0;0;1;0;0
2512;CO;25-12-2025;6;23;2323;25-12-2025 5:30;ELTORO-1;46858.25152;1;0;0;0;0;0;1;0;0
2512;CO;25-12-2025;6;24;2324;25-12-2025 5:45;ELTORO-1;47097.83037;1;0;0;0;0;0;1;0;0
2512;CO;25-12-2025;20;80;2380;25-12-2025 19:45;ELTORO-1;18688.85011;1;0;0;0;0;0;1;0;0
2512;CO;25-12-2025;21;81;2381;25-12-2025 20:00;ELTORO-1;20943.13282;1;0;0;0;0;0;1;0;0
2512;CO;25-12-2025;21;82;2382;25-12-2025 20:15;ELTORO-1;25567.7853;1;0;0;0;0;0;1;0;0
2512;CO;25-12-2025;21;83;2383;25-12-2025 20:30;ELTORO-1;25771.53423;1;0;0;0;0;0;1;0;0
2512;CO;25-12-2025;21;84;2384;25-12-2025 20:45;ELTORO-1;31151.4308;1;0;0;0;0;0;1;0;0
2512;CO;25-12-2025;22;85;2385;25-12-2025 21:00;ELTORO-1;49997.51543;1;0;0;0;0;0;1;0;0
2512;CO;25-12-2025;22;86;2386;25-12-2025 21:15;ELTORO-1;56829.68121;1;0;0;0;0;0;1;0;0
2512;CO;25-12-2025;22;87;2387;25-12-2025 21:30;ELTORO-1;63912.75031;1;0;0;0;0;0;1;0;0
2512;CO;25-12-2025;22;88;2388;25-12-2025 21:45;ELTORO-1;63961.87682;1;0;0;0;0;0;1;0;0
2512;CO;25-12-2025;23;89;2389;25-12-2025 22:00;ELTORO-1;78401.61461;1;0;0;0;0;0;1;0;0
2512;CO;25-12-2025;23;90;2390;25-12-2025 22:15;ELTORO-1;78371.43654;1;0;0;0;0;0;1;0;0
2512;CO;25-12-2025;23;91;2391;25-12-2025 22:30;ELTORO-1;79306.95687;1;0;0;0;0;0;1;0;0
2512;CO;25-12-2025;23;92;2392;25-12-2025 22:45;ELTORO-1;79035.35419;1;0;0;0;0;0;1;0;0
2512;CO;25-12-2025;24;93;2393;25-12-2025 23:00;ELTORO-1;105388.1182;1;0;0;0;0;0;1;0;0
2512;CO;25-12-2025;24;94;2394;25-12-2025 23:15;ELTORO-1;104903.5688;1;0;0;0;0;0;1;0;0
2512;CO;25-12-2025;24;95;2395;25-12-2025 23:30;ELTORO-1;78813.66196;1;0;0;0;0;0;1;0;0
2512;CO;25-12-2025;24;96;2396;25-12-2025 23:45;ELTORO-1;72642.7668;1;0;0;0;0;0;1;0;0
2512;CO;26-12-2025;4;14;2410;26-12-2025 3:15;ELTORO-1;16716.58125;1;0;0;0;0;0;1;0;0
2512;CO;26-12-2025;4;15;2411;26-12-2025 3:30;ELTORO-1;81482.35898;1;0;0;0;0;0;1;0;0
2512;CO;26-12-2025;4;16;2412;26-12-2025 3:45;ELTORO-1;80405.88856;1;0;0;0;0;0;1;0;0
2512;CO;26-12-2025;5;17;2413;26-12-2025 4:00;ELTORO-1;87133.83543;1;0;0;0;0;0;1;0;0
2512;CO;26-12-2025;5;18;2414;26-12-2025 4:15;ELTORO-1;177926.6739;1;0;0;0;0;0;1;0;0
2512;CO;26-12-2025;5;19;2415;26-12-2025 4:30;ELTORO-1;278133.4441;1;0;0;0;0;0;1;0;0
2512;CO;26-12-2025;5;20;2416;26-12-2025 4:45;ELTORO-1;282835.5953;1;0;0;0;0;0;1;0;0
2512;CO;26-12-2025;6;21;2417;26-12-2025 5:00;ELTORO-1;316954.2268;1;0;0;0;0;0;1;0;0
2512;CO;26-12-2025;6;22;2418;26-12-2025 5:15;ELTORO-1;276048.3496;1;0;0;0;0;0;1;0;0
2512;CO;26-12-2025;6;23;2419;26-12-2025 5:30;ELTORO-1;336386.2792;1;0;0;0;0;0;1;0;0
2512;CO;26-12-2025;6;24;2420;26-12-2025 5:45;ELTORO-1;335240.0111;1;0;0;0;0;0;1;0;0
2512;CO;26-12-2025;7;25;2421;26-12-2025 6:00;ELTORO-1;534922.5641;1;0;0;0;0;0;1;0;0
2512;CO;26-12-2025;7;26;2422;26-12-2025 6:15;ELTORO-1;529295.4683;1;0;0;0;0;0;1;0;0
2512;CO;26-12-2025;7;27;2423;26-12-2025 6:30;ELTORO-1;533184.7531;1;0;0;0;0;0;1;0;0
2512;CO;26-12-2025;7;28;2424;26-12-2025 6:45;ELTORO-1;531281.477;1;0;0;0;0;0;1;0;0
2512;CO;26-12-2025;8;29;2425;26-12-2025 7:00;ELTORO-1;406349.4287;1;0;0;0;0;0;1;0;0
2512;CO;26-12-2025;8;30;2426;26-12-2025 7:15;ELTORO-1;411891.2158;1;0;0;0;0;0;1;0;0
2512;CO;26-12-2025;8;31;2427;26-12-2025 7:30;ELTORO-1;206609.9455;1;0;0;0;0;0;1;0;0
2512;CO;26-12-2025;20;80;2476;26-12-2025 19:45;ELTORO-1;75032.16604;0.617170196;0.382829804;0;0;0;0;1;0;0
2512;CO;26-12-2025;21;81;2477;26-12-2025 20:00;ELTORO-1;44668.5855;1;0;0;0;0;0;1;0;0
2512;CO;26-12-2025;21;82;2478;26-12-2025 20:15;ELTORO-1;62131.97935;1;0;0;0;0;0;1;0;0
2512;CO;26-12-2025;21;83;2479;26-12-2025 20:30;ELTORO-1;79741.394;1;0;0;0;0;0;1;0;0
2512;CO;26-12-2025;21;84;2480;26-12-2025 20:45;ELTORO-1;57527.03438;1;0;0;0;0;0;1;0;0
2512;CO;26-12-2025;22;85;2481;26-12-2025 21:00;ELTORO-1;11421.81002;0.963573438;0.036426562;0;0;0;0;1;0;0
2512;CO;26-12-2025;22;86;2482;26-12-2025 21:15;ELTORO-1;11118.37143;0.963573438;0.036426562;0;0;0;0;1;0;0
2512;CO;26-12-2025;22;87;2483;26-12-2025 21:30;ELTORO-1;12452.40907;0.963573438;0.036426562;0;0;0;0;1;0;0
2512;CO;26-12-2025;22;88;2484;26-12-2025 21:45;ELTORO-1;33432.44806;0.963573438;0.036426562;0;0;0;0;1;0;0
2512;CO;26-12-2025;23;89;2485;26-12-2025 22:00;ELTORO-1;37852.41621;1;0;0;0;0;0;1;0;0
2512;CO;26-12-2025;24;96;2492;26-12-2025 23:45;ELTORO-1;6290.747269;1;0;0;0;0;0;1;0;0
2512;CO;27-12-2025;5;18;2510;27-12-2025 4:15;ELTORO-1;24568.25481;1;0;0;0;0;0;1;0;0
2512;CO;27-12-2025;5;19;2511;27-12-2025 4:30;ELTORO-1;25152.64073;1;0;0;0;0;0;1;0;0
2512;CO;27-12-2025;5;20;2512;27-12-2025 4:45;ELTORO-1;24982.19484;1;0;0;0;0;0;1;0;0
2512;CO;27-12-2025;7;25;2517;27-12-2025 6:00;ELTORO-1;0;1;0;0;0;0;0;1;0;0
2512;CO;01-12-2025;2;5;5;01-12-2025 1:00;ELTORO-2;219375.6427;1;0;0;0;0;0;1;0;0
2512;CO;01-12-2025;2;6;6;01-12-2025 1:15;ELTORO-2;218748.7594;1;0;0;0;0;0;1;0;0
2512;CO;01-12-2025;2;7;7;01-12-2025 1:30;ELTORO-2;212554.4456;1;0;0;0;0;0;1;0;0
2512;CO;01-12-2025;2;8;8;01-12-2025 1:45;ELTORO-2;210238.3712;1;0;0;0;0;0;1;0;0
2512;CO;01-12-2025;3;9;9;01-12-2025 2:00;ELTORO-2;103484.3379;1;0;0;0;0;0;1;0;0
2512;CO;01-12-2025;3;10;10;01-12-2025 2:15;ELTORO-2;106967.5524;1;0;0;0;0;0;1;0;0
2512;CO;01-12-2025;3;11;11;01-12-2025 2:30;ELTORO-2;109445.7631;1;0;0;0;0;0;1;0;0
2512;CO;01-12-2025;3;12;12;01-12-2025 2:45;ELTORO-2;115221.8042;1;0;0;0;0;0;1;0;0
2512;CO;01-12-2025;4;13;13;01-12-2025 3:00;ELTORO-2;224713.532;1;0;0;0;0;0;1;0;0
2512;CO;01-12-2025;4;14;14;01-12-2025 3:15;ELTORO-2;224437.6344;1;0;0;0;0;0;1;0;0
2512;CO;01-12-2025;4;15;15;01-12-2025 3:30;ELTORO-2;221456.6197;1;0;0;0;0;0;1;0;0
2512;CO;01-12-2025;4;16;16;01-12-2025 3:45;ELTORO-2;205632.8746;1;0;0;0;0;0;1;0;0
2512;CO;01-12-2025;5;17;17;01-12-2025 4:00;ELTORO-2;160310.4187;1;0;0;0;0;0;1;0;0
2512;CO;01-12-2025;5;18;18;01-12-2025 4:15;ELTORO-2;167943.7976;1;0;0;0;0;0;1;0;0
2512;CO;01-12-2025;5;19;19;01-12-2025 4:30;ELTORO-2;167387.0738;1;0;0;0;0;0;1;0;0
2512;CO;01-12-2025;5;20;20;01-12-2025 4:45;ELTORO-2;167696.3695;1;0;0;0;0;0;1;0;0
2512;CO;01-12-2025;6;21;21;01-12-2025 5:00;ELTORO-2;169619.1602;1;0;0;0;0;0;1;0;0
2512;CO;01-12-2025;6;22;22;01-12-2025 5:15;ELTORO-2;176199.8541;1;0;0;0;0;0;1;0;0
2512;CO;01-12-2025;6;23;23;01-12-2025 5:30;ELTORO-2;180127.0841;1;0;0;0;0;0;1;0;0
2512;CO;01-12-2025;6;24;24;01-12-2025 5:45;ELTORO-2;179864.3483;1;0;0;0;0;0;1;0;0
2512;CO;01-12-2025;7;25;25;01-12-2025 6:00;ELTORO-2;242811.4154;1;0;0;0;0;0;1;0;0
2512;CO;01-12-2025;7;26;26;01-12-2025 6:15;ELTORO-2;242017.6392;1;0;0;0;0;0;1;0;0
2512;CO;01-12-2025;7;27;27;01-12-2025 6:30;ELTORO-2;242047.0147;1;0;0;0;0;0;1;0;0
2512;CO;01-12-2025;7;28;28;01-12-2025 6:45;ELTORO-2;57962.72068;1;0;0;0;0;0;1;0;0
2512;CO;01-12-2025;16;61;61;01-12-2025 15:00;ELTORO-2;0;1;0;0;0;0;0;1;0;0
2512;CO;01-12-2025;16;62;62;01-12-2025 15:15;ELTORO-2;0;1;0;0;0;0;0;1;0;0
2512;CO;01-12-2025;20;78;78;01-12-2025 19:15;ELTORO-2;0;0.638624261;0.361375739;0;0;0;0;1;0;0
2512;CO;01-12-2025;20;79;79;01-12-2025 19:30;ELTORO-2;0;0.638624261;0.361375739;0;0;0;0;1;0;0
2512;CO;01-12-2025;20;80;80;01-12-2025 19:45;ELTORO-2;0;0.638624261;0.361375739;0;0;0;0;1;0;0
2512;CO;01-12-2025;21;81;81;01-12-2025 20:00;ELTORO-2;68421.54059;1;0;0;0;0;0;1;0;0
2512;CO;01-12-2025;21;82;82;01-12-2025 20:15;ELTORO-2;150559.0151;1;0;0;0;0;0;1;0;0
2512;CO;01-12-2025;21;83;83;01-12-2025 20:30;ELTORO-2;281857.9212;1;0;0;0;0;0;1;0;0
2512;CO;01-12-2025;21;84;84;01-12-2025 20:45;ELTORO-2;249426.1505;1;0;0;0;0;0;1;0;0
2512;CO;01-12-2025;22;85;85;01-12-2025 21:00;ELTORO-2;216076.6451;1;0;0;0;0;0;1;0;0
2512;CO;01-12-2025;22;86;86;01-12-2025 21:15;ELTORO-2;183603.6842;1;0;0;0;0;0;1;0;0
2512;CO;01-12-2025;22;87;87;01-12-2025 21:30;ELTORO-2;208677.3833;1;0;0;0;0;0;1;0;0
2512;CO;01-12-2025;22;88;88;01-12-2025 21:45;ELTORO-2;221134.8281;1;0;0;0;0;0;1;0;0
2512;CO;01-12-2025;23;89;89;01-12-2025 22:00;ELTORO-2;267775.8839;1;0;0;0;0;0;1;0;0
2512;CO;01-12-2025;23;90;90;01-12-2025 22:15;ELTORO-2;246699.0877;1;0;0;0;0;0;1;0;0
2512;CO;01-12-2025;23;91;91;01-12-2025 22:30;ELTORO-2;245513.346;1;0;0;0;0;0;1;0;0
2512;CO;01-12-2025;23;92;92;01-12-2025 22:45;ELTORO-2;245590.691;1;0;0;0;0;0;1;0;0
2512;CO;01-12-2025;24;93;93;01-12-2025 23:00;ELTORO-2;71030.33473;1;0;0;0;0;0;1;0;0
2512;CO;01-12-2025;24;94;94;01-12-2025 23:15;ELTORO-2;73280.95227;1;0;0;0;0;0;1;0;0
2512;CO;01-12-2025;24;95;95;01-12-2025 23:30;ELTORO-2;74733.74116;1;0;0;0;0;0;1;0;0
2512;CO;01-12-2025;24;96;96;01-12-2025 23:45;ELTORO-2;81213.2728;1;0;0;0;0;0;1;0;0
2512;CO;02-12-2025;1;2;98;02-12-2025 0:15;ELTORO-2;1375.93231;1;0;0;0;0;0;1;0;0
2512;CO;02-12-2025;1;3;99;02-12-2025 0:30;ELTORO-2;906.7661625;1;0;0;0;0;0;1;0;0
2512;CO;02-12-2025;1;4;100;02-12-2025 0:45;ELTORO-2;921.895076;1;0;0;0;0;0;1;0;0
2512;CO;02-12-2025;4;13;109;02-12-2025 3:00;ELTORO-2;2210.913315;1;0;0;0;0;0;1;0;0
2512;CO;02-12-2025;4;14;110;02-12-2025 3:15;ELTORO-2;2123.506093;1;0;0;0;0;0;1;0;0
2512;CO;02-12-2025;4;15;111;02-12-2025 3:30;ELTORO-2;3055.849793;1;0;0;0;0;0;1;0;0
2512;CO;02-12-2025;4;16;112;02-12-2025 3:45;ELTORO-2;4600.044045;1;0;0;0;0;0;1;0;0
2512;CO;02-12-2025;7;25;121;02-12-2025 6:00;ELTORO-2;1820.697029;1;0;0;0;0;0;1;0;0
2512;CO;02-12-2025;7;26;122;02-12-2025 6:15;ELTORO-2;1421.66406;1;0;0;0;0;0;1;0;0
2512;CO;02-12-2025;7;27;123;02-12-2025 6:30;ELTORO-2;1368.459664;1;0;0;0;0;0;1;0;0
2512;CO;02-12-2025;21;84;180;02-12-2025 20:45;ELTORO-2;13520.76104;1;0;0;0;0;0;1;0;0
2512;CO;02-12-2025;22;85;181;02-12-2025 21:00;ELTORO-2;8758.319154;1;0;0;0;0;0;1;0;0
2512;CO;02-12-2025;22;88;184;02-12-2025 21:45;ELTORO-2;14567.8139;1;0;0;0;0;0;1;0;0
2512;CO;02-12-2025;24;93;189;02-12-2025 23:00;ELTORO-2;261.1156789;1;0;0;0;0;0;1;0;0
2512;CO;02-12-2025;24;94;190;02-12-2025 23:15;ELTORO-2;261.1156789;1;0;0;0;0;0;1;0;0
2512;CO;02-12-2025;24;95;191;02-12-2025 23:30;ELTORO-2;169.5387678;1;0;0;0;0;0;1;0;0
2512;CO;02-12-2025;24;96;192;02-12-2025 23:45;ELTORO-2;200.0837616;1;0;0;0;0;0;1;0;0
2512;CO;03-12-2025;1;4;196;03-12-2025 0:45;ELTORO-2;0;1;0;0;0;0;0;1;0;0
2512;CO;03-12-2025;7;27;219;03-12-2025 6:30;ELTORO-2;0;1;0;0;0;0;0;1;0;0
2512;CO;03-12-2025;7;28;220;03-12-2025 6:45;ELTORO-2;0;1;0;0;0;0;0;1;0;0
2512;CO;03-12-2025;8;29;221;03-12-2025 7:00;ELTORO-2;78724.70466;0.674956398;0.325043602;0;0;0;0;1;0;0
2512;CO;03-12-2025;20;79;271;03-12-2025 19:30;ELTORO-2;85460.66277;0.55098772;0.44901228;0;0;0;0;1;0;0
2512;CO;03-12-2025;20;80;272;03-12-2025 19:45;ELTORO-2;260190.6969;0.55098772;0.44901228;0;0;0;0;1;0;0
2512;CO;03-12-2025;21;81;273;03-12-2025 20:00;ELTORO-2;81014.66744;1;0;0;0;0;0;1;0;0
2512;CO;03-12-2025;21;82;274;03-12-2025 20:15;ELTORO-2;52761.22545;1;0;0;0;0;0;1;0;0
2512;CO;03-12-2025;21;83;275;03-12-2025 20:30;ELTORO-2;71581.28713;1;0;0;0;0;0;1;0;0
2512;CO;03-12-2025;21;84;276;03-12-2025 20:45;ELTORO-2;189682.3183;1;0;0;0;0;0;1;0;0
2512;CO;03-12-2025;22;85;277;03-12-2025 21:00;ELTORO-2;312127.5633;1;0;0;0;0;0;1;0;0
2512;CO;03-12-2025;22;86;278;03-12-2025 21:15;ELTORO-2;311803.7047;1;0;0;0;0;0;1;0;0
2512;CO;03-12-2025;22;87;279;03-12-2025 21:30;ELTORO-2;309752.7608;1;0;0;0;0;0;1;0;0
2512;CO;03-12-2025;22;88;280;03-12-2025 21:45;ELTORO-2;312667.2875;1;0;0;0;0;0;1;0;0
2512;CO;03-12-2025;23;89;281;03-12-2025 22:00;ELTORO-2;444558.6398;1;0;0;0;0;0;1;0;0
2512;CO;03-12-2025;23;90;282;03-12-2025 22:15;ELTORO-2;448614.6439;1;0;0;0;0;0;1;0;0
2512;CO;03-12-2025;23;91;283;03-12-2025 22:30;ELTORO-2;198350.0421;1;0;0;0;0;0;1;0;0
2512;CO;03-12-2025;23;92;284;03-12-2025 22:45;ELTORO-2;115036.8078;1;0;0;0;0;0;1;0;0
2512;CO;03-12-2025;24;93;285;03-12-2025 23:00;ELTORO-2;120959.7006;1;0;0;0;0;0;1;0;0
2512;CO;03-12-2025;24;94;286;03-12-2025 23:15;ELTORO-2;120915.7686;1;0;0;0;0;0;1;0;0
2512;CO;03-12-2025;24;95;287;03-12-2025 23:30;ELTORO-2;118852.7033;1;0;0;0;0;0;1;0;0
2512;CO;03-12-2025;24;96;288;03-12-2025 23:45;ELTORO-2;118106.4589;1;0;0;0;0;0;1;0;0
2512;CO;04-12-2025;1;1;289;04-12-2025 0:00;ELTORO-2;83447.8544;1;0;0;0;0;0;1;0;0
2512;CO;04-12-2025;1;2;290;04-12-2025 0:15;ELTORO-2;68249.17495;1;0;0;0;0;0;1;0;0
2512;CO;04-12-2025;1;3;291;04-12-2025 0:30;ELTORO-2;36336.21001;1;0;0;0;0;0;1;0;0
2512;CO;04-12-2025;1;4;292;04-12-2025 0:45;ELTORO-2;37497.71588;1;0;0;0;0;0;1;0;0
2512;CO;04-12-2025;2;5;293;04-12-2025 1:00;ELTORO-2;29113.23659;1;0;0;0;0;0;1;0;0
2512;CO;04-12-2025;2;6;294;04-12-2025 1:15;ELTORO-2;71753.65921;1;0;0;0;0;0;1;0;0
2512;CO;04-12-2025;2;7;295;04-12-2025 1:30;ELTORO-2;73526.77996;1;0;0;0;0;0;1;0;0
2512;CO;04-12-2025;2;8;296;04-12-2025 1:45;ELTORO-2;46668.50661;1;0;0;0;0;0;1;0;0
2512;CO;04-12-2025;3;9;297;04-12-2025 2:00;ELTORO-2;25211.79904;1;0;0;0;0;0;1;0;0
2512;CO;04-12-2025;3;10;298;04-12-2025 2:15;ELTORO-2;32102.13268;1;0;0;0;0;0;1;0;0
2512;CO;04-12-2025;3;11;299;04-12-2025 2:30;ELTORO-2;32707.37928;1;0;0;0;0;0;1;0;0
2512;CO;04-12-2025;3;12;300;04-12-2025 2:45;ELTORO-2;51841.96961;1;0;0;0;0;0;1;0;0
2512;CO;04-12-2025;4;13;301;04-12-2025 3:00;ELTORO-2;35189.49538;1;0;0;0;0;0;1;0;0
2512;CO;04-12-2025;4;14;302;04-12-2025 3:15;ELTORO-2;4370.538695;1;0;0;0;0;0;1;0;0
2512;CO;04-12-2025;4;15;303;04-12-2025 3:30;ELTORO-2;4579.538262;1;0;0;0;0;0;1;0;0
2512;CO;04-12-2025;5;18;306;04-12-2025 4:15;ELTORO-2;5837.237901;1;0;0;0;0;0;1;0;0
2512;CO;04-12-2025;5;19;307;04-12-2025 4:30;ELTORO-2;1353.65009;1;0;0;0;0;0;1;0;0
2512;CO;04-12-2025;5;20;308;04-12-2025 4:45;ELTORO-2;2005.01515;1;0;0;0;0;0;1;0;0
2512;CO;04-12-2025;6;21;309;04-12-2025 5:00;ELTORO-2;244.744476;1;0;0;0;0;0;1;0;0
2512;CO;04-12-2025;6;22;310;04-12-2025 5:15;ELTORO-2;1403.703275;1;0;0;0;0;0;1;0;0
2512;CO;04-12-2025;6;23;311;04-12-2025 5:30;ELTORO-2;3028.335093;1;0;0;0;0;0;1;0;0
2512;CO;04-12-2025;6;24;312;04-12-2025 5:45;ELTORO-2;1890.139987;1;0;0;0;0;0;1;0;0
2512;CO;04-12-2025;7;25;313;04-12-2025 6:00;ELTORO-2;30135.71134;1;0;0;0;0;0;1;0;0
2512;CO;04-12-2025;7;26;314;04-12-2025 6:15;ELTORO-2;28121.95725;1;0;0;0;0;0;1;0;0
2512;CO;04-12-2025;7;27;315;04-12-2025 6:30;ELTORO-2;28265.81154;1;0;0;0;0;0;1;0;0
2512;CO;04-12-2025;7;28;316;04-12-2025 6:45;ELTORO-2;67171.04472;1;0;0;0;0;0;1;0;0
2512;CO;04-12-2025;8;29;317;04-12-2025 7:00;ELTORO-2;48002.78719;1;0;0;0;0;0;1;0;0
2512;CO;04-12-2025;10;39;327;04-12-2025 9:30;ELTORO-2;11650.40572;0.465703971;0.534296029;0;0;0;0;1;0;0
2512;CO;04-12-2025;10;40;328;04-12-2025 9:45;ELTORO-2;33670.98158;0.465703971;0.534296029;0;0;0;0;1;0;0
2512;CO;04-12-2025;11;41;329;04-12-2025 10:00;ELTORO-2;30778.69826;1;0;0;0;0;0;1;0;0
2512;CO;04-12-2025;11;42;330;04-12-2025 10:15;ELTORO-2;6404.151822;1;0;0;0;0;0;1;0;0
2512;CO;04-12-2025;15;60;348;04-12-2025 14:45;ELTORO-2;6932.150969;0.553835725;0.446164275;0;0;0;0;1;0;0
2512;CO;04-12-2025;16;61;349;04-12-2025 15:00;ELTORO-2;14522.93643;1;0;0;0;0;0;1;0;0
2512;CO;04-12-2025;16;62;350;04-12-2025 15:15;ELTORO-2;15378.70953;1;0;0;0;0;0;1;0;0
2512;CO;04-12-2025;16;63;351;04-12-2025 15:30;ELTORO-2;10240.9517;1;0;0;0;0;0;1;0;0
2512;CO;04-12-2025;17;65;353;04-12-2025 16:00;ELTORO-2;58843.66411;1;0;0;0;0;0;1;0;0
2512;CO;04-12-2025;17;66;354;04-12-2025 16:15;ELTORO-2;219411.4289;1;0;0;0;0;0;1;0;0
2512;CO;04-12-2025;17;67;355;04-12-2025 16:30;ELTORO-2;217768.102;1;0;0;0;0;0;1;0;0
2512;CO;04-12-2025;17;68;356;04-12-2025 16:45;ELTORO-2;176604.1566;1;0;0;0;0;0;1;0;0
2512;CO;04-12-2025;18;69;357;04-12-2025 17:00;ELTORO-2;0;1;0;0;0;0;0;1;0;0
2512;CO;04-12-2025;18;70;358;04-12-2025 17:15;ELTORO-2;0;1;0;0;0;0;0;1;0;0
2512;CO;04-12-2025;18;71;359;04-12-2025 17:30;ELTORO-2;0;1;0;0;0;0;0;1;0;0
2512;CO;04-12-2025;18;72;360;04-12-2025 17:45;ELTORO-2;0;1;0;0;0;0;0;1;0;0
2512;CO;04-12-2025;19;73;361;04-12-2025 18:00;ELTORO-2;215844.5765;1;0;0;0;0;0;1;0;0
2512;CO;04-12-2025;19;74;362;04-12-2025 18:15;ELTORO-2;27746.11525;1;0;0;0;0;0;1;0;0
2512;CO;04-12-2025;19;75;363;04-12-2025 18:30;ELTORO-2;27139.48982;1;0;0;0;0;0;1;0;0
2512;CO;04-12-2025;19;76;364;04-12-2025 18:45;ELTORO-2;364771.6948;1;0;0;0;0;0;1;0;0
2512;CO;04-12-2025;20;77;365;04-12-2025 19:00;ELTORO-2;172320.0739;1;0;0;0;0;0;1;0;0
2512;CO;04-12-2025;20;78;366;04-12-2025 19:15;ELTORO-2;168815.2787;1;0;0;0;0;0;1;0;0
2512;CO;04-12-2025;20;79;367;04-12-2025 19:30;ELTORO-2;166780.2362;1;0;0;0;0;0;1;0;0
2512;CO;04-12-2025;20;80;368;04-12-2025 19:45;ELTORO-2;164773.4583;1;0;0;0;0;0;1;0;0
2512;CO;04-12-2025;21;81;369;04-12-2025 20:00;ELTORO-2;484876.2825;0.584152994;0.415847006;0;0;0;0;1;0;0
2512;CO;04-12-2025;21;82;370;04-12-2025 20:15;ELTORO-2;560183.8965;0.584152994;0.415847006;0;0;0;0;1;0;0
2512;CO;04-12-2025;21;83;371;04-12-2025 20:30;ELTORO-2;431623.1409;0.584152994;0.415847006;0;0;0;0;1;0;0
2512;CO;04-12-2025;21;84;372;04-12-2025 20:45;ELTORO-2;120671.4705;0.584152994;0.415847006;0;0;0;0;1;0;0
2512;CO;04-12-2025;22;85;373;04-12-2025 21:00;ELTORO-2;105956.9154;0.718310561;0.281689439;0;0;0;0;1;0;0
2512;CO;04-12-2025;22;86;374;04-12-2025 21:15;ELTORO-2;106551.3265;0.718310561;0.281689439;0;0;0;0;1;0;0
2512;CO;04-12-2025;22;87;375;04-12-2025 21:30;ELTORO-2;107660.8717;0.718310561;0.281689439;0;0;0;0;1;0;0
2512;CO;04-12-2025;22;88;376;04-12-2025 21:45;ELTORO-2;155945.905;0.718310561;0.281689439;0;0;0;0;1;0;0
2512;CO;04-12-2025;23;89;377;04-12-2025 22:00;ELTORO-2;570421.5897;0.572380719;0.427619281;0;0;0;0;1;0;0
2512;CO;04-12-2025;23;90;378;04-12-2025 22:15;ELTORO-2;231699.7704;0.572380719;0.427619281;0;0;0;0;1;0;0
2512;CO;04-12-2025;23;91;379;04-12-2025 22:30;ELTORO-2;202634.5111;0.572380719;0.427619281;0;0;0;0;1;0;0
2512;CO;04-12-2025;23;92;380;04-12-2025 22:45;ELTORO-2;201925.037;0.572380719;0.427619281;0;0;0;0;1;0;0
2512;CO;04-12-2025;24;93;381;04-12-2025 23:00;ELTORO-2;124475.874;1;0;0;0;0;0;1;0;0
2512;CO;04-12-2025;24;94;382;04-12-2025 23:15;ELTORO-2;124645.2102;1;0;0;0;0;0;1;0;0
2512;CO;04-12-2025;24;95;383;04-12-2025 23:30;ELTORO-2;125491.9496;1;0;0;0;0;0;1;0;0
2512;CO;04-12-2025;24;96;384;04-12-2025 23:45;ELTORO-2;124729.9076;1;0;0;0;0;0;1;0;0
2512;CO;05-12-2025;17;68;452;05-12-2025 16:45;ELTORO-2;0;0.425341635;0.574658365;0;0;0;0;1;0;0
2512;CO;05-12-2025;18;69;453;05-12-2025 17:00;ELTORO-2;1012232.53;0.914873866;0.085126134;0;0;0;0;1;0;0
2512;CO;05-12-2025;19;73;457;05-12-2025 18:00;ELTORO-2;0;1;0;0;0;0;0;1;0;0
2512;CO;05-12-2025;20;79;463;05-12-2025 19:30;ELTORO-2;0;1;0;0;0;0;0;1;0;0
2512;CO;05-12-2025;20;80;464;05-12-2025 19:45;ELTORO-2;0;1;0;0;0;0;0;1;0;0
2512;CO;05-12-2025;21;81;465;05-12-2025 20:00;ELTORO-2;16793.93857;1;0;0;0;0;0;1;0;0
2512;CO;05-12-2025;21;82;466;05-12-2025 20:15;ELTORO-2;20994.30756;1;0;0;0;0;0;1;0;0
2512;CO;05-12-2025;21;83;467;05-12-2025 20:30;ELTORO-2;22182.0075;1;0;0;0;0;0;1;0;0
2512;CO;05-12-2025;21;84;468;05-12-2025 20:45;ELTORO-2;22944.05668;1;0;0;0;0;0;1;0;0
2512;CO;05-12-2025;22;85;469;05-12-2025 21:00;ELTORO-2;129184.6078;1;0;0;0;0;0;1;0;0
2512;CO;05-12-2025;22;86;470;05-12-2025 21:15;ELTORO-2;141961.9059;1;0;0;0;0;0;1;0;0
2512;CO;05-12-2025;22;87;471;05-12-2025 21:30;ELTORO-2;141488.4248;1;0;0;0;0;0;1;0;0
2512;CO;05-12-2025;22;88;472;05-12-2025 21:45;ELTORO-2;147972.8916;1;0;0;0;0;0;1;0;0
2512;CO;05-12-2025;23;89;473;05-12-2025 22:00;ELTORO-2;145390.4265;1;0;0;0;0;0;1;0;0
2512;CO;05-12-2025;23;90;474;05-12-2025 22:15;ELTORO-2;159062.4575;1;0;0;0;0;0;1;0;0
2512;CO;05-12-2025;23;91;475;05-12-2025 22:30;ELTORO-2;215580.0624;1;0;0;0;0;0;1;0;0
2512;CO;05-12-2025;23;92;476;05-12-2025 22:45;ELTORO-2;211235.8398;1;0;0;0;0;0;1;0;0
2512;CO;05-12-2025;24;93;477;05-12-2025 23:00;ELTORO-2;202752.5359;1;0;0;0;0;0;1;0;0
2512;CO;05-12-2025;24;94;478;05-12-2025 23:15;ELTORO-2;217513.3721;1;0;0;0;0;0;1;0;0
2512;CO;05-12-2025;24;95;479;05-12-2025 23:30;ELTORO-2;25309.21058;1;0;0;0;0;0;1;0;0
2512;CO;05-12-2025;24;96;480;05-12-2025 23:45;ELTORO-2;3047.816428;1;0;0;0;0;0;1;0;0
2512;CO;06-12-2025;13;51;531;06-12-2025 12:30;ELTORO-2;5045.647499;1;0;0;0;0;0;1;0;0
2512;CO;06-12-2025;13;52;532;06-12-2025 12:45;ELTORO-2;5624.288824;1;0;0;0;0;0;1;0;0
2512;CO;06-12-2025;14;53;533;06-12-2025 13:00;ELTORO-2;0;1;0;0;0;0;0;1;0;0
2512;CO;06-12-2025;14;54;534;06-12-2025 13:15;ELTORO-2;0;1;0;0;0;0;0;1;0;0
2512;CO;06-12-2025;14;55;535;06-12-2025 13:30;ELTORO-2;0;1;0;0;0;0;0;1;0;0
2512;CO;06-12-2025;14;56;536;06-12-2025 13:45;ELTORO-2;0;1;0;0;0;0;0;1;0;0
2512;CO;06-12-2025;15;57;537;06-12-2025 14:00;ELTORO-2;2970.924879;1;0;0;0;0;0;1;0;0
2512;CO;06-12-2025;16;64;544;06-12-2025 15:45;ELTORO-2;0;1;0;0;0;0;0;1;0;0
2512;CO;06-12-2025;17;65;545;06-12-2025 16:00;ELTORO-2;65485.62823;1;0;0;0;0;0;1;0;0
2512;CO;06-12-2025;17;66;546;06-12-2025 16:15;ELTORO-2;73299.70498;1;0;0;0;0;0;1;0;0
2512;CO;06-12-2025;17;67;547;06-12-2025 16:30;ELTORO-2;75158.56587;1;0;0;0;0;0;1;0;0
2512;CO;06-12-2025;17;68;548;06-12-2025 16:45;ELTORO-2;75158.56587;1;0;0;0;0;0;1;0;0
2512;CO;06-12-2025;18;69;549;06-12-2025 17:00;ELTORO-2;0;1;0;0;0;0;0;1;0;0
2512;CO;06-12-2025;18;70;550;06-12-2025 17:15;ELTORO-2;0;1;0;0;0;0;0;1;0;0
2512;CO;06-12-2025;18;71;551;06-12-2025 17:30;ELTORO-2;0;1;0;0;0;0;0;1;0;0
2512;CO;06-12-2025;18;72;552;06-12-2025 17:45;ELTORO-2;0;1;0;0;0;0;0;1;0;0
2512;CO;06-12-2025;19;73;553;06-12-2025 18:00;ELTORO-2;9353.786918;1;0;0;0;0;0;1;0;0
2512;CO;06-12-2025;19;75;555;06-12-2025 18:30;ELTORO-2;20859.74818;1;0;0;0;0;0;1;0;0
2512;CO;06-12-2025;19;76;556;06-12-2025 18:45;ELTORO-2;44170.10736;1;0;0;0;0;0;1;0;0
2512;CO;06-12-2025;21;81;561;06-12-2025 20:00;ELTORO-2;13082.10434;1;0;0;0;0;0;1;0;0
2512;CO;06-12-2025;21;82;562;06-12-2025 20:15;ELTORO-2;36589.13064;1;0;0;0;0;0;1;0;0
2512;CO;06-12-2025;21;83;563;06-12-2025 20:30;ELTORO-2;37314.54127;1;0;0;0;0;0;1;0;0
2512;CO;06-12-2025;21;84;564;06-12-2025 20:45;ELTORO-2;37473.48009;1;0;0;0;0;0;1;0;0
2512;CO;06-12-2025;22;85;565;06-12-2025 21:00;ELTORO-2;107820.2063;1;0;0;0;0;0;1;0;0
2512;CO;06-12-2025;22;86;566;06-12-2025 21:15;ELTORO-2;111899.497;1;0;0;0;0;0;1;0;0
2512;CO;06-12-2025;22;87;567;06-12-2025 21:30;ELTORO-2;111859.1606;1;0;0;0;0;0;1;0;0
2512;CO;06-12-2025;22;88;568;06-12-2025 21:45;ELTORO-2;112666.201;1;0;0;0;0;0;1;0;0
2512;CO;06-12-2025;23;89;569;06-12-2025 22:00;ELTORO-2;127131.8592;1;0;0;0;0;0;1;0;0
2512;CO;06-12-2025;23;90;570;06-12-2025 22:15;ELTORO-2;126727.4045;1;0;0;0;0;0;1;0;0
2512;CO;06-12-2025;23;91;571;06-12-2025 22:30;ELTORO-2;127176.7793;1;0;0;0;0;0;1;0;0
2512;CO;06-12-2025;23;92;572;06-12-2025 22:45;ELTORO-2;127491.3358;1;0;0;0;0;0;1;0;0
2512;CO;06-12-2025;24;93;573;06-12-2025 23:00;ELTORO-2;35310.88295;1;0;0;0;0;0;1;0;0
2512;CO;06-12-2025;24;94;574;06-12-2025 23:15;ELTORO-2;35707.07282;1;0;0;0;0;0;1;0;0
2512;CO;06-12-2025;24;95;575;06-12-2025 23:30;ELTORO-2;35954.68749;1;0;0;0;0;0;1;0;0
2512;CO;06-12-2025;24;96;576;06-12-2025 23:45;ELTORO-2;35768.96849;1;0;0;0;0;0;1;0;0
2512;CO;07-12-2025;1;1;577;07-12-2025 0:00;ELTORO-2;168434.7891;1;0;0;0;0;0;1;0;0
2512;CO;07-12-2025;1;2;578;07-12-2025 0:15;ELTORO-2;145302.4603;1;0;0;0;0;0;1;0;0
2512;CO;07-12-2025;1;3;579;07-12-2025 0:30;ELTORO-2;80884.44017;1;0;0;0;0;0;1;0;0
2512;CO;07-12-2025;1;4;580;07-12-2025 0:45;ELTORO-2;46090.78667;1;0;0;0;0;0;1;0;0
2512;CO;07-12-2025;2;5;581;07-12-2025 1:00;ELTORO-2;27527.8102;1;0;0;0;0;0;1;0;0
2512;CO;07-12-2025;2;6;582;07-12-2025 1:15;ELTORO-2;26220.92835;1;0;0;0;0;0;1;0;0
2512;CO;07-12-2025;2;7;583;07-12-2025 1:30;ELTORO-2;26384.25897;1;0;0;0;0;0;1;0;0
2512;CO;07-12-2025;2;8;584;07-12-2025 1:45;ELTORO-2;26743.66925;1;0;0;0;0;0;1;0;0
2512;CO;07-12-2025;3;9;585;07-12-2025 2:00;ELTORO-2;10311.51085;1;0;0;0;0;0;1;0;0
2512;CO;07-12-2025;11;41;617;07-12-2025 10:00;ELTORO-2;1519.6933;1;0;0;0;0;0;1;0;0
2512;CO;07-12-2025;11;42;618;07-12-2025 10:15;ELTORO-2;3870.710858;0.506668393;0;0;0;0.493331607;0;0.506668393;0;0.493331607
2512;CO;07-12-2025;11;43;619;07-12-2025 10:30;ELTORO-2;5831.195273;0.506668393;0;0;0;0.493331607;0;0.506668393;0;0.493331607
2512;CO;07-12-2025;11;44;620;07-12-2025 10:45;ELTORO-2;7356.016484;0.506668393;0;0;0;0.493331607;0;0.506668393;0;0.493331607
2512;CO;07-12-2025;20;80;656;07-12-2025 19:45;ELTORO-2;6113.287488;1;0;0;0;0;0;1;0;0
2512;CO;07-12-2025;21;81;657;07-12-2025 20:00;ELTORO-2;7236.679971;1;0;0;0;0;0;1;0;0
2512;CO;07-12-2025;21;82;658;07-12-2025 20:15;ELTORO-2;6521.313167;1;0;0;0;0;0;1;0;0
2512;CO;07-12-2025;21;83;659;07-12-2025 20:30;ELTORO-2;6163.60134;1;0;0;0;0;0;1;0;0
2512;CO;07-12-2025;21;84;660;07-12-2025 20:45;ELTORO-2;5940.059873;1;0;0;0;0;0;1;0;0
2512;CO;07-12-2025;22;85;661;07-12-2025 21:00;ELTORO-2;27038.37497;1;0;0;0;0;0;1;0;0
2512;CO;07-12-2025;22;86;662;07-12-2025 21:15;ELTORO-2;27087.63236;1;0;0;0;0;0;1;0;0
2512;CO;07-12-2025;22;87;663;07-12-2025 21:30;ELTORO-2;26792.00038;1;0;0;0;0;0;1;0;0
2512;CO;07-12-2025;22;88;664;07-12-2025 21:45;ELTORO-2;26176.0639;1;0;0;0;0;0;1;0;0
2512;CO;07-12-2025;23;89;665;07-12-2025 22:00;ELTORO-2;99203.43133;1;0;0;0;0;0;1;0;0
2512;CO;07-12-2025;23;90;666;07-12-2025 22:15;ELTORO-2;64950.97462;1;0;0;0;0;0;1;0;0
2512;CO;07-12-2025;23;91;667;07-12-2025 22:30;ELTORO-2;7603.76226;1;0;0;0;0;0;1;0;0
2512;CO;07-12-2025;23;92;668;07-12-2025 22:45;ELTORO-2;16455.68027;1;0;0;0;0;0;1;0;0
2512;CO;07-12-2025;24;93;669;07-12-2025 23:00;ELTORO-2;109245.3404;1;0;0;0;0;0;1;0;0
2512;CO;07-12-2025;24;94;670;07-12-2025 23:15;ELTORO-2;110681.3707;1;0;0;0;0;0;1;0;0
2512;CO;07-12-2025;24;95;671;07-12-2025 23:30;ELTORO-2;97358.89818;1;0;0;0;0;0;1;0;0
2512;CO;07-12-2025;24;96;672;07-12-2025 23:45;ELTORO-2;86915.54534;1;0;0;0;0;0;1;0;0
2512;CO;08-12-2025;1;1;673;08-12-2025 0:00;ELTORO-2;0;1;0;0;0;0;0;1;0;0
2512;CO;08-12-2025;1;2;674;08-12-2025 0:15;ELTORO-2;0;1;0;0;0;0;0;1;0;0
2512;CO;08-12-2025;1;3;675;08-12-2025 0:30;ELTORO-2;0;1;0;0;0;0;0;1;0;0
2512;CO;08-12-2025;1;4;676;08-12-2025 0:45;ELTORO-2;0;1;0;0;0;0;0;1;0;0
2512;CO;08-12-2025;2;5;677;08-12-2025 1:00;ELTORO-2;0;1;0;0;0;0;0;1;0;0
2512;CO;08-12-2025;2;6;678;08-12-2025 1:15;ELTORO-2;0;1;0;0;0;0;0;1;0;0
2512;CO;08-12-2025;2;7;679;08-12-2025 1:30;ELTORO-2;0;1;0;0;0;0;0;1;0;0
2512;CO;08-12-2025;2;8;680;08-12-2025 1:45;ELTORO-2;0;1;0;0;0;0;0;1;0;0
2512;CO;08-12-2025;3;9;681;08-12-2025 2:00;ELTORO-2;0;1;0;0;0;0;0;1;0;0
2512;CO;08-12-2025;3;10;682;08-12-2025 2:15;ELTORO-2;0;1;0;0;0;0;0;1;0;0
2512;CO;08-12-2025;6;22;694;08-12-2025 5:15;ELTORO-2;0;1;0;0;0;0;0;1;0;0
2512;CO;08-12-2025;6;23;695;08-12-2025 5:30;ELTORO-2;0;1;0;0;0;0;0;1;0;0
2512;CO;08-12-2025;6;24;696;08-12-2025 5:45;ELTORO-2;0;1;0;0;0;0;0;1;0;0
2512;CO;08-12-2025;7;25;697;08-12-2025 6:00;ELTORO-2;0;1;0;0;0;0;0;1;0;0
2512;CO;08-12-2025;7;26;698;08-12-2025 6:15;ELTORO-2;0;1;0;0;0;0;0;1;0;0
2512;CO;08-12-2025;7;27;699;08-12-2025 6:30;ELTORO-2;0;1;0;0;0;0;0;1;0;0
2512;CO;08-12-2025;7;28;700;08-12-2025 6:45;ELTORO-2;0;1;0;0;0;0;0;1;0;0
2512;CO;08-12-2025;20;79;751;08-12-2025 19:30;ELTORO-2;0;1;0;0;0;0;0;1;0;0
2512;CO;08-12-2025;20;80;752;08-12-2025 19:45;ELTORO-2;0;1;0;0;0;0;0;1;0;0
2512;CO;08-12-2025;21;81;753;08-12-2025 20:00;ELTORO-2;0;1;0;0;0;0;0;1;0;0
2512;CO;08-12-2025;21;82;754;08-12-2025 20:15;ELTORO-2;0;1;0;0;0;0;0;1;0;0
2512;CO;08-12-2025;21;83;755;08-12-2025 20:30;ELTORO-2;0;1;0;0;0;0;0;1;0;0
2512;CO;08-12-2025;21;84;756;08-12-2025 20:45;ELTORO-2;0;1;0;0;0;0;0;1;0;0
2512;CO;08-12-2025;22;85;757;08-12-2025 21:00;ELTORO-2;0;1;0;0;0;0;0;1;0;0
2512;CO;08-12-2025;22;86;758;08-12-2025 21:15;ELTORO-2;0;1;0;0;0;0;0;1;0;0
2512;CO;08-12-2025;22;87;759;08-12-2025 21:30;ELTORO-2;0;1;0;0;0;0;0;1;0;0
2512;CO;08-12-2025;22;88;760;08-12-2025 21:45;ELTORO-2;0;1;0;0;0;0;0;1;0;0
2512;CO;08-12-2025;23;89;761;08-12-2025 22:00;ELTORO-2;0;1;0;0;0;0;0;1;0;0
2512;CO;08-12-2025;23;90;762;08-12-2025 22:15;ELTORO-2;0;1;0;0;0;0;0;1;0;0
2512;CO;08-12-2025;23;91;763;08-12-2025 22:30;ELTORO-2;0;1;0;0;0;0;0;1;0;0
2512;CO;08-12-2025;23;92;764;08-12-2025 22:45;ELTORO-2;0;1;0;0;0;0;0;1;0;0
2512;CO;08-12-2025;24;93;765;08-12-2025 23:00;ELTORO-2;0;1;0;0;0;0;0;1;0;0
2512;CO;08-12-2025;24;94;766;08-12-2025 23:15;ELTORO-2;0;1;0;0;0;0;0;1;0;0
2512;CO;08-12-2025;24;95;767;08-12-2025 23:30;ELTORO-2;0;1;0;0;0;0;0;1;0;0
2512;CO;08-12-2025;24;96;768;08-12-2025 23:45;ELTORO-2;0;1;0;0;0;0;0;1;0;0
2512;CO;09-12-2025;1;1;769;09-12-2025 0:00;ELTORO-2;43341.6596;1;0;0;0;0;0;1;0;0
2512;CO;09-12-2025;1;2;770;09-12-2025 0:15;ELTORO-2;42485.8598;1;0;0;0;0;0;1;0;0
2512;CO;09-12-2025;1;3;771;09-12-2025 0:30;ELTORO-2;127958.6207;1;0;0;0;0;0;1;0;0
2512;CO;09-12-2025;1;4;772;09-12-2025 0:45;ELTORO-2;324784.8091;1;0;0;0;0;0;1;0;0
2512;CO;09-12-2025;2;5;773;09-12-2025 1:00;ELTORO-2;443119.6238;1;0;0;0;0;0;1;0;0
2512;CO;09-12-2025;2;6;774;09-12-2025 1:15;ELTORO-2;441351.7587;1;0;0;0;0;0;1;0;0
2512;CO;09-12-2025;2;7;775;09-12-2025 1:30;ELTORO-2;329050.2567;1;0;0;0;0;0;1;0;0
2512;CO;09-12-2025;2;8;776;09-12-2025 1:45;ELTORO-2;65668.37973;1;0;0;0;0;0;1;0;0
2512;CO;09-12-2025;3;9;777;09-12-2025 2:00;ELTORO-2;79654.24456;1;0;0;0;0;0;1;0;0
2512;CO;09-12-2025;3;10;778;09-12-2025 2:15;ELTORO-2;80595.20482;1;0;0;0;0;0;1;0;0
2512;CO;09-12-2025;3;11;779;09-12-2025 2:30;ELTORO-2;80269.48992;1;0;0;0;0;0;1;0;0
2512;CO;09-12-2025;3;12;780;09-12-2025 2:45;ELTORO-2;80016.14388;1;0;0;0;0;0;1;0;0
2512;CO;09-12-2025;4;13;781;09-12-2025 3:00;ELTORO-2;50400.144;1;0;0;0;0;0;1;0;0
2512;CO;09-12-2025;4;14;782;09-12-2025 3:15;ELTORO-2;60640.91179;1;0;0;0;0;0;1;0;0
2512;CO;09-12-2025;4;15;783;09-12-2025 3:30;ELTORO-2;59987.41757;1;0;0;0;0;0;1;0;0
2512;CO;09-12-2025;4;16;784;09-12-2025 3:45;ELTORO-2;60700.31309;1;0;0;0;0;0;1;0;0
2512;CO;09-12-2025;5;17;785;09-12-2025 4:00;ELTORO-2;59154.72406;0.958316137;0.041683863;0;0;0;0;1;0;0
2512;CO;09-12-2025;5;18;786;09-12-2025 4:15;ELTORO-2;59073.4399;0.958316137;0.041683863;0;0;0;0;1;0;0
2512;CO;09-12-2025;5;19;787;09-12-2025 4:30;ELTORO-2;59276.60857;0.958316137;0.041683863;0;0;0;0;1;0;0
2512;CO;09-12-2025;5;20;788;09-12-2025 4:45;ELTORO-2;59804.85823;0.958316137;0.041683863;0;0;0;0;1;0;0
2512;CO;09-12-2025;6;21;789;09-12-2025 5:00;ELTORO-2;112823.2552;1;0;0;0;0;0;1;0;0
2512;CO;09-12-2025;6;22;790;09-12-2025 5:15;ELTORO-2;112972.9088;1;0;0;0;0;0;1;0;0
2512;CO;09-12-2025;6;23;791;09-12-2025 5:30;ELTORO-2;112075.1382;1;0;0;0;0;0;1;0;0
2512;CO;09-12-2025;6;24;792;09-12-2025 5:45;ELTORO-2;112411.7959;1;0;0;0;0;0;1;0;0
2512;CO;09-12-2025;7;25;793;09-12-2025 6:00;ELTORO-2;383106.068;0.510966975;0.489033025;0;0;0;0;1;0;0
2512;CO;09-12-2025;7;26;794;09-12-2025 6:15;ELTORO-2;678648.4588;0.510966975;0.489033025;0;0;0;0;1;0;0
2512;CO;09-12-2025;7;27;795;09-12-2025 6:30;ELTORO-2;977352.8121;0.510966975;0.489033025;0;0;0;0;1;0;0
2512;CO;09-12-2025;7;28;796;09-12-2025 6:45;ELTORO-2;720152.6424;0.510966975;0.489033025;0;0;0;0;1;0;0
2512;CO;09-12-2025;8;29;797;09-12-2025 7:00;ELTORO-2;198954.0671;1;0;0;0;0;0;1;0;0
2512;CO;09-12-2025;9;33;801;09-12-2025 8:00;ELTORO-2;0;1;0;0;0;0;0;1;0;0
2512;CO;09-12-2025;9;34;802;09-12-2025 8:15;ELTORO-2;0;1;0;0;0;0;0;1;0;0
2512;CO;09-12-2025;9;35;803;09-12-2025 8:30;ELTORO-2;0;1;0;0;0;0;0;1;0;0
2512;CO;09-12-2025;9;36;804;09-12-2025 8:45;ELTORO-2;0;1;0;0;0;0;0;1;0;0
2512;CO;09-12-2025;10;37;805;09-12-2025 9:00;ELTORO-2;105436.3782;1;0;0;0;0;0;1;0;0
2512;CO;09-12-2025;10;38;806;09-12-2025 9:15;ELTORO-2;109597.4236;1;0;0;0;0;0;1;0;0
2512;CO;09-12-2025;10;39;807;09-12-2025 9:30;ELTORO-2;109191.4759;1;0;0;0;0;0;1;0;0
2512;CO;09-12-2025;10;40;808;09-12-2025 9:45;ELTORO-2;79938.91657;1;0;0;0;0;0;1;0;0
2512;CO;09-12-2025;20;79;847;09-12-2025 19:30;ELTORO-2;0;1;0;0;0;0;0;1;0;0
2512;CO;09-12-2025;20;80;848;09-12-2025 19:45;ELTORO-2;0;1;0;0;0;0;0;1;0;0
2512;CO;09-12-2025;21;81;849;09-12-2025 20:00;ELTORO-2;29013.68373;0.975952445;0.024047555;0;0;0;0;1;0;0
2512;CO;09-12-2025;21;82;850;09-12-2025 20:15;ELTORO-2;56302.83614;0.975952445;0.024047555;0;0;0;0;1;0;0
2512;CO;09-12-2025;21;83;851;09-12-2025 20:30;ELTORO-2;102254.7585;0.975952445;0.024047555;0;0;0;0;1;0;0
2512;CO;09-12-2025;21;84;852;09-12-2025 20:45;ELTORO-2;109536.5574;0.975952445;0.024047555;0;0;0;0;1;0;0
2512;CO;09-12-2025;22;85;853;09-12-2025 21:00;ELTORO-2;45429.77194;1;0;0;0;0;0;1;0;0
2512;CO;09-12-2025;22;86;854;09-12-2025 21:15;ELTORO-2;45379.78851;1;0;0;0;0;0;1;0;0
2512;CO;09-12-2025;22;87;855;09-12-2025 21:30;ELTORO-2;45165.5814;1;0;0;0;0;0;1;0;0
2512;CO;09-12-2025;22;88;856;09-12-2025 21:45;ELTORO-2;44979.93525;1;0;0;0;0;0;1;0;0
2512;CO;09-12-2025;23;89;857;09-12-2025 22:00;ELTORO-2;646577.8756;1;0;0;0;0;0;1;0;0
2512;CO;09-12-2025;23;90;858;09-12-2025 22:15;ELTORO-2;749374.284;1;0;0;0;0;0;1;0;0
2512;CO;09-12-2025;23;91;859;09-12-2025 22:30;ELTORO-2;729979.6983;1;0;0;0;0;0;1;0;0
2512;CO;09-12-2025;23;92;860;09-12-2025 22:45;ELTORO-2;683780.4032;1;0;0;0;0;0;1;0;0
2512;CO;09-12-2025;24;93;861;09-12-2025 23:00;ELTORO-2;713141.2606;1;0;0;0;0;0;1;0;0
2512;CO;09-12-2025;24;94;862;09-12-2025 23:15;ELTORO-2;703739.754;1;0;0;0;0;0;1;0;0
2512;CO;09-12-2025;24;95;863;09-12-2025 23:30;ELTORO-2;702744.6548;1;0;0;0;0;0;1;0;0
2512;CO;09-12-2025;24;96;864;09-12-2025 23:45;ELTORO-2;507483.2555;1;0;0;0;0;0;1;0;0
2512;CO;10-12-2025;1;1;865;10-12-2025 0:00;ELTORO-2;236260.09;1;0;0;0;0;0;1;0;0
2512;CO;10-12-2025;1;2;866;10-12-2025 0:15;ELTORO-2;243689.1169;1;0;0;0;0;0;1;0;0
2512;CO;10-12-2025;1;3;867;10-12-2025 0:30;ELTORO-2;246272.4157;1;0;0;0;0;0;1;0;0
2512;CO;10-12-2025;1;4;868;10-12-2025 0:45;ELTORO-2;390275.8739;1;0;0;0;0;0;1;0;0
2512;CO;10-12-2025;2;5;869;10-12-2025 1:00;ELTORO-2;652378.3212;1;0;0;0;0;0;1;0;0
2512;CO;10-12-2025;2;6;870;10-12-2025 1:15;ELTORO-2;654653.8698;1;0;0;0;0;0;1;0;0
2512;CO;10-12-2025;2;7;871;10-12-2025 1:30;ELTORO-2;653691.131;1;0;0;0;0;0;1;0;0
2512;CO;10-12-2025;2;8;872;10-12-2025 1:45;ELTORO-2;655616.6087;1;0;0;0;0;0;1;0;0
2512;CO;10-12-2025;3;9;873;10-12-2025 2:00;ELTORO-2;522588.9565;1;0;0;0;0;0;1;0;0
2512;CO;10-12-2025;3;10;874;10-12-2025 2:15;ELTORO-2;388627.2779;1;0;0;0;0;0;1;0;0
2512;CO;10-12-2025;3;11;875;10-12-2025 2:30;ELTORO-2;278055.1212;1;0;0;0;0;0;1;0;0
2512;CO;10-12-2025;3;12;876;10-12-2025 2:45;ELTORO-2;437898.631;1;0;0;0;0;0;1;0;0
2512;CO;10-12-2025;4;13;877;10-12-2025 3:00;ELTORO-2;691095.0272;1;0;0;0;0;0;1;0;0
2512;CO;10-12-2025;4;14;878;10-12-2025 3:15;ELTORO-2;691095.0272;1;0;0;0;0;0;1;0;0
2512;CO;10-12-2025;4;15;879;10-12-2025 3:30;ELTORO-2;689582.8782;1;0;0;0;0;0;1;0;0
2512;CO;10-12-2025;4;16;880;10-12-2025 3:45;ELTORO-2;689299.3502;1;0;0;0;0;0;1;0;0
2512;CO;10-12-2025;5;17;881;10-12-2025 4:00;ELTORO-2;350004.9887;1;0;0;0;0;0;1;0;0
2512;CO;10-12-2025;5;18;882;10-12-2025 4:15;ELTORO-2;349947.0454;1;0;0;0;0;0;1;0;0
2512;CO;10-12-2025;5;19;883;10-12-2025 4:30;ELTORO-2;352264.7738;1;0;0;0;0;0;1;0;0
2512;CO;10-12-2025;5;20;884;10-12-2025 4:45;ELTORO-2;450722.2874;1;0;0;0;0;0;1;0;0
2512;CO;10-12-2025;6;21;885;10-12-2025 5:00;ELTORO-2;569812.8362;1;0;0;0;0;0;1;0;0
2512;CO;10-12-2025;6;22;886;10-12-2025 5:15;ELTORO-2;578182.1152;1;0;0;0;0;0;1;0;0
2512;CO;10-12-2025;6;23;887;10-12-2025 5:30;ELTORO-2;626180.641;1;0;0;0;0;0;1;0;0
2512;CO;10-12-2025;6;24;888;10-12-2025 5:45;ELTORO-2;656724.9856;1;0;0;0;0;0;1;0;0
2512;CO;10-12-2025;7;25;889;10-12-2025 6:00;ELTORO-2;824454.5744;1;0;0;0;0;0;1;0;0
2512;CO;10-12-2025;7;26;890;10-12-2025 6:15;ELTORO-2;823522.4153;1;0;0;0;0;0;1;0;0
2512;CO;10-12-2025;7;27;891;10-12-2025 6:30;ELTORO-2;799929.6667;1;0;0;0;0;0;1;0;0
2512;CO;10-12-2025;7;28;892;10-12-2025 6:45;ELTORO-2;680805.5163;1;0;0;0;0;0;1;0;0
2512;CO;10-12-2025;8;29;893;10-12-2025 7:00;ELTORO-2;614614.6483;1;0;0;0;0;0;1;0;0
2512;CO;10-12-2025;8;30;894;10-12-2025 7:15;ELTORO-2;127877.6508;1;0;0;0;0;0;1;0;0
2512;CO;10-12-2025;8;31;895;10-12-2025 7:30;ELTORO-2;63857.79796;1;0;0;0;0;0;1;0;0
2512;CO;10-12-2025;9;34;898;10-12-2025 8:15;ELTORO-2;0;1;0;0;0;0;0;1;0;0
2512;CO;10-12-2025;9;35;899;10-12-2025 8:30;ELTORO-2;0;1;0;0;0;0;0;1;0;0
2512;CO;10-12-2025;9;36;900;10-12-2025 8:45;ELTORO-2;0;1;0;0;0;0;0;1;0;0
2512;CO;10-12-2025;10;37;901;10-12-2025 9:00;ELTORO-2;0;1;0;0;0;0;0;1;0;0
2512;CO;10-12-2025;10;38;902;10-12-2025 9:15;ELTORO-2;0;1;0;0;0;0;0;1;0;0
2512;CO;10-12-2025;10;39;903;10-12-2025 9:30;ELTORO-2;0;1;0;0;0;0;0;1;0;0
2512;CO;10-12-2025;10;40;904;10-12-2025 9:45;ELTORO-2;0;1;0;0;0;0;0;1;0;0
2512;CO;10-12-2025;11;41;905;10-12-2025 10:00;ELTORO-2;0;0.449584646;0.550415354;0;0;0;0;1;0;0
2512;CO;10-12-2025;11;42;906;10-12-2025 10:15;ELTORO-2;0;0.449584646;0.550415354;0;0;0;0;1;0;0
2512;CO;10-12-2025;11;43;907;10-12-2025 10:30;ELTORO-2;0;0.449584646;0.550415354;0;0;0;0;1;0;0
2512;CO;10-12-2025;11;44;908;10-12-2025 10:45;ELTORO-2;0;0.449584646;0.550415354;0;0;0;0;1;0;0
2512;CO;10-12-2025;12;45;909;10-12-2025 11:00;ELTORO-2;0;1;0;0;0;0;0;1;0;0
2512;CO;10-12-2025;12;46;910;10-12-2025 11:15;ELTORO-2;0;1;0;0;0;0;0;1;0;0
2512;CO;10-12-2025;12;47;911;10-12-2025 11:30;ELTORO-2;0;1;0;0;0;0;0;1;0;0
2512;CO;10-12-2025;12;48;912;10-12-2025 11:45;ELTORO-2;0;1;0;0;0;0;0;1;0;0
2512;CO;10-12-2025;14;55;919;10-12-2025 13:30;ELTORO-2;31615.01531;1;0;0;0;0;0;1;0;0
2512;CO;10-12-2025;14;56;920;10-12-2025 13:45;ELTORO-2;31596.93321;1;0;0;0;0;0;1;0;0
2512;CO;10-12-2025;15;57;921;10-12-2025 14:00;ELTORO-2;33982.50031;1;0;0;0;0;0;1;0;0
2512;CO;10-12-2025;16;61;925;10-12-2025 15:00;ELTORO-2;37128.47046;1;0;0;0;0;0;1;0;0
2512;CO;10-12-2025;16;62;926;10-12-2025 15:15;ELTORO-2;37927.59291;1;0;0;0;0;0;1;0;0
2512;CO;10-12-2025;16;63;927;10-12-2025 15:30;ELTORO-2;41099.11486;1;0;0;0;0;0;1;0;0
2512;CO;10-12-2025;16;64;928;10-12-2025 15:45;ELTORO-2;34499.78483;1;0;0;0;0;0;1;0;0
2512;CO;10-12-2025;17;65;929;10-12-2025 16:00;ELTORO-2;20756.45492;1;0;0;0;0;0;1;0;0
2512;CO;10-12-2025;17;66;930;10-12-2025 16:15;ELTORO-2;19108.22448;1;0;0;0;0;0;1;0;0
2512;CO;10-12-2025;17;67;931;10-12-2025 16:30;ELTORO-2;19555.59609;1;0;0;0;0;0;1;0;0
2512;CO;10-12-2025;17;68;932;10-12-2025 16:45;ELTORO-2;18590.19876;1;0;0;0;0;0;1;0;0
2512;CO;10-12-2025;18;69;933;10-12-2025 17:00;ELTORO-2;0;0.466018086;0.533981914;0;0;0;0;1;0;0
2512;CO;10-12-2025;18;70;934;10-12-2025 17:15;ELTORO-2;0;0.466018086;0.533981914;0;0;0;0;1;0;0
2512;CO;10-12-2025;18;71;935;10-12-2025 17:30;ELTORO-2;0;0.466018086;0.533981914;0;0;0;0;1;0;0
2512;CO;10-12-2025;18;72;936;10-12-2025 17:45;ELTORO-2;0;0.466018086;0.533981914;0;0;0;0;1;0;0
2512;CO;10-12-2025;19;73;937;10-12-2025 18:00;ELTORO-2;143098.5256;0.425958237;0.574041763;0;0;0;0;1;0;0
2512;CO;10-12-2025;19;74;938;10-12-2025 18:15;ELTORO-2;142112.3717;0.425958237;0.574041763;0;0;0;0;1;0;0
2512;CO;10-12-2025;19;75;939;10-12-2025 18:30;ELTORO-2;141235.6951;0.425958237;0.574041763;0;0;0;0;1;0;0
2512;CO;10-12-2025;19;76;940;10-12-2025 18:45;ELTORO-2;142769.8485;0.425958237;0.574041763;0;0;0;0;1;0;0
2512;CO;10-12-2025;20;77;941;10-12-2025 19:00;ELTORO-2;0;1;0;0;0;0;0;1;0;0
2512;CO;10-12-2025;20;78;942;10-12-2025 19:15;ELTORO-2;0;1;0;0;0;0;0;1;0;0
2512;CO;10-12-2025;20;79;943;10-12-2025 19:30;ELTORO-2;0;1;0;0;0;0;0;1;0;0
2512;CO;10-12-2025;20;80;944;10-12-2025 19:45;ELTORO-2;0;1;0;0;0;0;0;1;0;0
2512;CO;10-12-2025;21;81;945;10-12-2025 20:00;ELTORO-2;217589.2541;1;0;0;0;0;0;1;0;0
2512;CO;10-12-2025;21;82;946;10-12-2025 20:15;ELTORO-2;216250.9699;1;0;0;0;0;0;1;0;0
2512;CO;10-12-2025;21;83;947;10-12-2025 20:30;ELTORO-2;140776.4029;1;0;0;0;0;0;1;0;0
2512;CO;10-12-2025;21;84;948;10-12-2025 20:45;ELTORO-2;139308.9398;1;0;0;0;0;0;1;0;0
2512;CO;10-12-2025;22;85;949;10-12-2025 21:00;ELTORO-2;126622.4227;1;0;0;0;0;0;1;0;0
2512;CO;10-12-2025;22;86;950;10-12-2025 21:15;ELTORO-2;127741.0279;1;0;0;0;0;0;1;0;0
2512;CO;10-12-2025;22;87;951;10-12-2025 21:30;ELTORO-2;128027.8416;1;0;0;0;0;0;1;0;0
2512;CO;10-12-2025;22;88;952;10-12-2025 21:45;ELTORO-2;127941.8021;1;0;0;0;0;0;1;0;0
2512;CO;10-12-2025;23;89;953;10-12-2025 22:00;ELTORO-2;87573.57887;1;0;0;0;0;0;1;0;0
2512;CO;10-12-2025;23;90;954;10-12-2025 22:15;ELTORO-2;55939.87059;1;0;0;0;0;0;1;0;0
2512;CO;10-12-2025;23;91;955;10-12-2025 22:30;ELTORO-2;47350.86568;1;0;0;0;0;0;1;0;0
2512;CO;10-12-2025;23;92;956;10-12-2025 22:45;ELTORO-2;47207.5535;1;0;0;0;0;0;1;0;0
2512;CO;10-12-2025;24;93;957;10-12-2025 23:00;ELTORO-2;106634.5433;1;0;0;0;0;0;1;0;0
2512;CO;10-12-2025;24;94;958;10-12-2025 23:15;ELTORO-2;179141.7702;1;0;0;0;0;0;1;0;0
2512;CO;10-12-2025;24;95;959;10-12-2025 23:30;ELTORO-2;110979.6253;1;0;0;0;0;0;1;0;0
2512;CO;10-12-2025;24;96;960;10-12-2025 23:45;ELTORO-2;92373.06886;1;0;0;0;0;0;1;0;0
2512;CO;11-12-2025;1;1;961;11-12-2025 0:00;ELTORO-2;187262.6564;1;0;0;0;0;0;1;0;0
2512;CO;11-12-2025;1;2;962;11-12-2025 0:15;ELTORO-2;186434.2836;1;0;0;0;0;0;1;0;0
2512;CO;11-12-2025;1;3;963;11-12-2025 0:30;ELTORO-2;186148.6338;1;0;0;0;0;0;1;0;0
2512;CO;11-12-2025;1;4;964;11-12-2025 0:45;ELTORO-2;185434.509;1;0;0;0;0;0;1;0;0
2512;CO;11-12-2025;2;5;965;11-12-2025 1:00;ELTORO-2;91617.4905;1;0;0;0;0;0;1;0;0
2512;CO;11-12-2025;2;6;966;11-12-2025 1:15;ELTORO-2;90517.75637;1;0;0;0;0;0;1;0;0
2512;CO;11-12-2025;2;7;967;11-12-2025 1:30;ELTORO-2;90389.19;1;0;0;0;0;0;1;0;0
2512;CO;11-12-2025;2;8;968;11-12-2025 1:45;ELTORO-2;90089.28154;1;0;0;0;0;0;1;0;0
2512;CO;11-12-2025;3;9;969;11-12-2025 2:00;ELTORO-2;198036.3361;1;0;0;0;0;0;1;0;0
2512;CO;11-12-2025;3;10;970;11-12-2025 2:15;ELTORO-2;198359.7883;1;0;0;0;0;0;1;0;0
2512;CO;11-12-2025;3;11;971;11-12-2025 2:30;ELTORO-2;210490.6545;1;0;0;0;0;0;1;0;0
2512;CO;11-12-2025;3;12;972;11-12-2025 2:45;ELTORO-2;260329.3707;1;0;0;0;0;0;1;0;0
2512;CO;11-12-2025;4;13;973;11-12-2025 3:00;ELTORO-2;382745.7308;0.807047783;0.192952217;0;0;0;0;1;0;0
2512;CO;11-12-2025;4;14;974;11-12-2025 3:15;ELTORO-2;271641.9659;0.807047783;0.192952217;0;0;0;0;1;0;0
2512;CO;11-12-2025;4;15;975;11-12-2025 3:30;ELTORO-2;272524.5197;0.807047783;0.192952217;0;0;0;0;1;0;0
2512;CO;11-12-2025;4;16;976;11-12-2025 3:45;ELTORO-2;273647.8029;0.807047783;0.192952217;0;0;0;0;1;0;0
2512;CO;11-12-2025;5;19;979;11-12-2025 4:30;ELTORO-2;474.7806129;1;0;0;0;0;0;1;0;0
2512;CO;11-12-2025;5;20;980;11-12-2025 4:45;ELTORO-2;902.8297786;1;0;0;0;0;0;1;0;0
2512;CO;11-12-2025;6;21;981;11-12-2025 5:00;ELTORO-2;1201.172782;1;0;0;0;0;0;1;0;0
2512;CO;11-12-2025;6;22;982;11-12-2025 5:15;ELTORO-2;1883.534644;1;0;0;0;0;0;1;0;0
2512;CO;11-12-2025;6;23;983;11-12-2025 5:30;ELTORO-2;1807.700517;1;0;0;0;0;0;1;0;0
2512;CO;11-12-2025;6;24;984;11-12-2025 5:45;ELTORO-2;1504.412437;1;0;0;0;0;0;1;0;0
2512;CO;11-12-2025;7;25;985;11-12-2025 6:00;ELTORO-2;2655.855547;1;0;0;0;0;0;1;0;0
2512;CO;11-12-2025;7;26;986;11-12-2025 6:15;ELTORO-2;3236.203093;1;0;0;0;0;0;1;0;0
2512;CO;11-12-2025;7;27;987;11-12-2025 6:30;ELTORO-2;3178.157219;1;0;0;0;0;0;1;0;0
2512;CO;11-12-2025;7;28;988;11-12-2025 6:45;ELTORO-2;2655.855547;1;0;0;0;0;0;1;0;0
2512;CO;11-12-2025;8;29;989;11-12-2025 7:00;ELTORO-2;109231.1831;1;0;0;0;0;0;1;0;0
2512;CO;11-12-2025;9;33;993;11-12-2025 8:00;ELTORO-2;8043.411394;1;0;0;0;0;0;1;0;0
2512;CO;11-12-2025;9;34;994;11-12-2025 8:15;ELTORO-2;127601.0011;1;0;0;0;0;0;1;0;0
2512;CO;11-12-2025;9;35;995;11-12-2025 8:30;ELTORO-2;277612.3732;1;0;0;0;0;0;1;0;0
2512;CO;11-12-2025;9;36;996;11-12-2025 8:45;ELTORO-2;342840.507;1;0;0;0;0;0;1;0;0
2512;CO;11-12-2025;10;37;997;11-12-2025 9:00;ELTORO-2;885487.8615;1;0;0;0;0;0;1;0;0
2512;CO;11-12-2025;10;38;998;11-12-2025 9:15;ELTORO-2;884767.7476;1;0;0;0;0;0;1;0;0
2512;CO;11-12-2025;10;39;999;11-12-2025 9:30;ELTORO-2;886688.0514;1;0;0;0;0;0;1;0;0
2512;CO;11-12-2025;10;40;1000;11-12-2025 9:45;ELTORO-2;860085.0242;1;0;0;0;0;0;1;0;0
2512;CO;11-12-2025;11;41;1001;11-12-2025 10:00;ELTORO-2;816844.809;1;0;0;0;0;0;1;0;0
2512;CO;11-12-2025;11;42;1002;11-12-2025 10:15;ELTORO-2;822749.3088;1;0;0;0;0;0;1;0;0
2512;CO;11-12-2025;11;43;1003;11-12-2025 10:30;ELTORO-2;357633.2764;1;0;0;0;0;0;1;0;0
2512;CO;11-12-2025;11;44;1004;11-12-2025 10:45;ELTORO-2;287689.2764;1;0;0;0;0;0;1;0;0
2512;CO;11-12-2025;12;45;1005;11-12-2025 11:00;ELTORO-2;157345.1567;0.447888066;0.552111934;0;0;0;0;1;0;0
2512;CO;11-12-2025;13;49;1009;11-12-2025 12:00;ELTORO-2;68.10286543;1;0;0;0;0;0;1;0;0
2512;CO;11-12-2025;13;50;1010;11-12-2025 12:15;ELTORO-2;136.7395473;1;0;0;0;0;0;1;0;0
2512;CO;11-12-2025;13;51;1011;11-12-2025 12:30;ELTORO-2;411.3323087;1;0;0;0;0;0;1;0;0
2512;CO;11-12-2025;14;53;1013;11-12-2025 13:00;ELTORO-2;0;0.620728544;0.379271456;0;0;0;0;1;0;0
2512;CO;11-12-2025;14;55;1015;11-12-2025 13:30;ELTORO-2;0;0.620728544;0.379271456;0;0;0;0;1;0;0
2512;CO;11-12-2025;14;56;1016;11-12-2025 13:45;ELTORO-2;0;0.620728544;0.379271456;0;0;0;0;1;0;0
2512;CO;11-12-2025;15;57;1017;11-12-2025 14:00;ELTORO-2;621.064072;1;0;0;0;0;0;1;0;0
2512;CO;11-12-2025;15;58;1018;11-12-2025 14:15;ELTORO-2;742.3229871;1;0;0;0;0;0;1;0;0
2512;CO;11-12-2025;15;59;1019;11-12-2025 14:30;ELTORO-2;363.3926886;1;0;0;0;0;0;1;0;0
2512;CO;11-12-2025;15;60;1020;11-12-2025 14:45;ELTORO-2;742.3229871;1;0;0;0;0;0;1;0;0
2512;CO;11-12-2025;16;61;1021;11-12-2025 15:00;ELTORO-2;2707.243169;1;0;0;0;0;0;1;0;0
2512;CO;11-12-2025;16;62;1022;11-12-2025 15:15;ELTORO-2;10123.61791;1;0;0;0;0;0;1;0;0
2512;CO;11-12-2025;16;63;1023;11-12-2025 15:30;ELTORO-2;119802.0485;1;0;0;0;0;0;1;0;0
2512;CO;11-12-2025;16;64;1024;11-12-2025 15:45;ELTORO-2;118574.5752;1;0;0;0;0;0;1;0;0
2512;CO;11-12-2025;17;65;1025;11-12-2025 16:00;ELTORO-2;125685.4205;0.530505537;0.469494463;0;0;0;0;1;0;0
2512;CO;11-12-2025;18;69;1029;11-12-2025 17:00;ELTORO-2;0;1;0;0;0;0;0;1;0;0
2512;CO;11-12-2025;18;70;1030;11-12-2025 17:15;ELTORO-2;0;1;0;0;0;0;0;1;0;0
2512;CO;11-12-2025;18;71;1031;11-12-2025 17:30;ELTORO-2;0;1;0;0;0;0;0;1;0;0
2512;CO;11-12-2025;20;79;1039;11-12-2025 19:30;ELTORO-2;57936.27467;1;0;0;0;0;0;1;0;0
2512;CO;11-12-2025;20;80;1040;11-12-2025 19:45;ELTORO-2;79668.19286;1;0;0;0;0;0;1;0;0
2512;CO;11-12-2025;21;81;1041;11-12-2025 20:00;ELTORO-2;224790.8732;1;0;0;0;0;0;1;0;0
2512;CO;11-12-2025;21;82;1042;11-12-2025 20:15;ELTORO-2;26455.5444;1;0;0;0;0;0;1;0;0
2512;CO;11-12-2025;21;83;1043;11-12-2025 20:30;ELTORO-2;5616.35737;1;0;0;0;0;0;1;0;0
2512;CO;11-12-2025;22;85;1045;11-12-2025 21:00;ELTORO-2;37138.54454;1;0;0;0;0;0;1;0;0
2512;CO;11-12-2025;22;86;1046;11-12-2025 21:15;ELTORO-2;108787.6191;1;0;0;0;0;0;1;0;0
2512;CO;11-12-2025;22;87;1047;11-12-2025 21:30;ELTORO-2;109713.273;1;0;0;0;0;0;1;0;0
2512;CO;11-12-2025;22;88;1048;11-12-2025 21:45;ELTORO-2;66172.09951;1;0;0;0;0;0;1;0;0
2512;CO;11-12-2025;23;89;1049;11-12-2025 22:00;ELTORO-2;0;1;0;0;0;0;0;1;0;0
2512;CO;11-12-2025;23;90;1050;11-12-2025 22:15;ELTORO-2;0;1;0;0;0;0;0;1;0;0
2512;CO;11-12-2025;23;91;1051;11-12-2025 22:30;ELTORO-2;0;1;0;0;0;0;0;1;0;0
2512;CO;11-12-2025;23;92;1052;11-12-2025 22:45;ELTORO-2;0;1;0;0;0;0;0;1;0;0
2512;CO;11-12-2025;24;93;1053;11-12-2025 23:00;ELTORO-2;51992.90715;1;0;0;0;0;0;1;0;0
2512;CO;11-12-2025;24;94;1054;11-12-2025 23:15;ELTORO-2;98994.2304;1;0;0;0;0;0;1;0;0
2512;CO;11-12-2025;24;95;1055;11-12-2025 23:30;ELTORO-2;46796.28405;1;0;0;0;0;0;1;0;0
2512;CO;11-12-2025;24;96;1056;11-12-2025 23:45;ELTORO-2;11337.92208;1;0;0;0;0;0;1;0;0
2512;CO;12-12-2025;3;9;1065;12-12-2025 2:00;ELTORO-2;13151.05778;1;0;0;0;0;0;1;0;0
2512;CO;12-12-2025;3;10;1066;12-12-2025 2:15;ELTORO-2;11374.31044;1;0;0;0;0;0;1;0;0
2512;CO;12-12-2025;3;11;1067;12-12-2025 2:30;ELTORO-2;11515.35593;1;0;0;0;0;0;1;0;0
2512;CO;12-12-2025;3;12;1068;12-12-2025 2:45;ELTORO-2;13321.09142;1;0;0;0;0;0;1;0;0
2512;CO;12-12-2025;4;13;1069;12-12-2025 3:00;ELTORO-2;10659.13868;1;0;0;0;0;0;1;0;0
2512;CO;12-12-2025;4;16;1072;12-12-2025 3:45;ELTORO-2;10173.61095;1;0;0;0;0;0;1;0;0
2512;CO;12-12-2025;5;17;1073;12-12-2025 4:00;ELTORO-2;8676.215647;1;0;0;0;0;0;1;0;0
2512;CO;12-12-2025;5;18;1074;12-12-2025 4:15;ELTORO-2;8711.257104;1;0;0;0;0;0;1;0;0
2512;CO;12-12-2025;6;22;1078;12-12-2025 5:15;ELTORO-2;8502.674922;1;0;0;0;0;0;1;0;0
2512;CO;12-12-2025;6;23;1079;12-12-2025 5:30;ELTORO-2;8899.450273;1;0;0;0;0;0;1;0;0
2512;CO;12-12-2025;6;24;1080;12-12-2025 5:45;ELTORO-2;8956.135701;1;0;0;0;0;0;1;0;0
2512;CO;12-12-2025;7;25;1081;12-12-2025 6:00;ELTORO-2;49850.31674;1;0;0;0;0;0;1;0;0
2512;CO;12-12-2025;7;26;1082;12-12-2025 6:15;ELTORO-2;49680.55009;1;0;0;0;0;0;1;0;0
2512;CO;12-12-2025;7;27;1083;12-12-2025 6:30;ELTORO-2;64400.18852;1;0;0;0;0;0;1;0;0
2512;CO;12-12-2025;7;28;1084;12-12-2025 6:45;ELTORO-2;64294.1833;1;0;0;0;0;0;1;0;0
2512;CO;12-12-2025;20;80;1136;12-12-2025 19:45;ELTORO-2;0;1;0;0;0;0;0;1;0;0
2512;CO;12-12-2025;21;81;1137;12-12-2025 20:00;ELTORO-2;8068.289852;1;0;0;0;0;0;1;0;0
2512;CO;12-12-2025;22;86;1142;12-12-2025 21:15;ELTORO-2;6296.747673;1;0;0;0;0;0;1;0;0
2512;CO;12-12-2025;22;87;1143;12-12-2025 21:30;ELTORO-2;12272.96065;1;0;0;0;0;0;1;0;0
2512;CO;12-12-2025;22;88;1144;12-12-2025 21:45;ELTORO-2;11238.96084;1;0;0;0;0;0;1;0;0
2512;CO;12-12-2025;23;89;1145;12-12-2025 22:00;ELTORO-2;6766.296475;1;0;0;0;0;0;1;0;0
2512;CO;12-12-2025;23;91;1147;12-12-2025 22:30;ELTORO-2;5547.933443;1;0;0;0;0;0;1;0;0
2512;CO;12-12-2025;23;92;1148;12-12-2025 22:45;ELTORO-2;13402.63955;1;0;0;0;0;0;1;0;0
2512;CO;12-12-2025;24;93;1149;12-12-2025 23:00;ELTORO-2;10474.89464;1;0;0;0;0;0;1;0;0
2512;CO;12-12-2025;24;94;1150;12-12-2025 23:15;ELTORO-2;9677.017167;1;0;0;0;0;0;1;0;0
2512;CO;12-12-2025;24;95;1151;12-12-2025 23:30;ELTORO-2;100394.1693;1;0;0;0;0;0;1;0;0
2512;CO;12-12-2025;24;96;1152;12-12-2025 23:45;ELTORO-2;235931.5038;1;0;0;0;0;0;1;0;0
2512;CO;13-12-2025;1;1;1153;13-12-2025 0:00;ELTORO-2;390289.477;1;0;0;0;0;0;1;0;0
2512;CO;13-12-2025;1;2;1154;13-12-2025 0:15;ELTORO-2;324088.6877;1;0;0;0;0;0;1;0;0
2512;CO;13-12-2025;1;3;1155;13-12-2025 0:30;ELTORO-2;193473.7331;1;0;0;0;0;0;1;0;0
2512;CO;13-12-2025;1;4;1156;13-12-2025 0:45;ELTORO-2;192974.783;1;0;0;0;0;0;1;0;0
2512;CO;13-12-2025;2;5;1157;13-12-2025 1:00;ELTORO-2;221564.6531;1;0;0;0;0;0;1;0;0
2512;CO;13-12-2025;2;6;1158;13-12-2025 1:15;ELTORO-2;219927.42;1;0;0;0;0;0;1;0;0
2512;CO;13-12-2025;2;7;1159;13-12-2025 1:30;ELTORO-2;220717.8268;1;0;0;0;0;0;1;0;0
2512;CO;13-12-2025;2;8;1160;13-12-2025 1:45;ELTORO-2;221451.6956;1;0;0;0;0;0;1;0;0
2512;CO;13-12-2025;3;9;1161;13-12-2025 2:00;ELTORO-2;57469.82346;1;0;0;0;0;0;1;0;0
2512;CO;13-12-2025;3;10;1162;13-12-2025 2:15;ELTORO-2;49714.32031;1;0;0;0;0;0;1;0;0
2512;CO;13-12-2025;3;11;1163;13-12-2025 2:30;ELTORO-2;79019.84262;1;0;0;0;0;0;1;0;0
2512;CO;13-12-2025;3;12;1164;13-12-2025 2:45;ELTORO-2;140774.7155;1;0;0;0;0;0;1;0;0
2512;CO;13-12-2025;4;13;1165;13-12-2025 3:00;ELTORO-2;378484.0147;1;0;0;0;0;0;1;0;0
2512;CO;13-12-2025;4;14;1166;13-12-2025 3:15;ELTORO-2;378076.0122;1;0;0;0;0;0;1;0;0
2512;CO;13-12-2025;4;15;1167;13-12-2025 3:30;ELTORO-2;378756.0163;1;0;0;0;0;0;1;0;0
2512;CO;13-12-2025;4;16;1168;13-12-2025 3:45;ELTORO-2;378756.0163;1;0;0;0;0;0;1;0;0
2512;CO;13-12-2025;5;17;1169;13-12-2025 4:00;ELTORO-2;152753.6619;1;0;0;0;0;0;1;0;0
2512;CO;13-12-2025;5;18;1170;13-12-2025 4:15;ELTORO-2;68072.48623;1;0;0;0;0;0;1;0;0
2512;CO;13-12-2025;5;19;1171;13-12-2025 4:30;ELTORO-2;68553.15763;1;0;0;0;0;0;1;0;0
2512;CO;13-12-2025;5;20;1172;13-12-2025 4:45;ELTORO-2;68183.39038;1;0;0;0;0;0;1;0;0
2512;CO;13-12-2025;6;21;1173;13-12-2025 5:00;ELTORO-2;9784.538413;1;0;0;0;0;0;1;0;0
2512;CO;13-12-2025;7;25;1177;13-12-2025 6:00;ELTORO-2;0;1;0;0;0;0;0;1;0;0
2512;CO;13-12-2025;7;26;1178;13-12-2025 6:15;ELTORO-2;0;1;0;0;0;0;0;1;0;0
2512;CO;13-12-2025;7;27;1179;13-12-2025 6:30;ELTORO-2;0;1;0;0;0;0;0;1;0;0
2512;CO;13-12-2025;7;28;1180;13-12-2025 6:45;ELTORO-2;0;1;0;0;0;0;0;1;0;0
2512;CO;13-12-2025;20;80;1232;13-12-2025 19:45;ELTORO-2;4688.823796;1;0;0;0;0;0;1;0;0
2512;CO;13-12-2025;21;81;1233;13-12-2025 20:00;ELTORO-2;69873.12593;0.688018764;0.311981236;0;0;0;0;1;0;0
2512;CO;13-12-2025;22;87;1239;13-12-2025 21:30;ELTORO-2;15841.18078;1;0;0;0;0;0;1;0;0
2512;CO;13-12-2025;22;88;1240;13-12-2025 21:45;ELTORO-2;16610.52955;1;0;0;0;0;0;1;0;0
2512;CO;13-12-2025;23;89;1241;13-12-2025 22:00;ELTORO-2;42150.09253;1;0;0;0;0;0;1;0;0
2512;CO;13-12-2025;23;90;1242;13-12-2025 22:15;ELTORO-2;43275.68565;1;0;0;0;0;0;1;0;0
2512;CO;13-12-2025;23;91;1243;13-12-2025 22:30;ELTORO-2;43918.88172;1;0;0;0;0;0;1;0;0
2512;CO;13-12-2025;23;92;1244;13-12-2025 22:45;ELTORO-2;43886.74982;1;0;0;0;0;0;1;0;0
2512;CO;13-12-2025;24;93;1245;13-12-2025 23:00;ELTORO-2;42168.56605;1;0;0;0;0;0;1;0;0
2512;CO;13-12-2025;24;94;1246;13-12-2025 23:15;ELTORO-2;45659.88412;1;0;0;0;0;0;1;0;0
2512;CO;13-12-2025;24;95;1247;13-12-2025 23:30;ELTORO-2;51178.18305;1;0;0;0;0;0;1;0;0
2512;CO;13-12-2025;24;96;1248;13-12-2025 23:45;ELTORO-2;44469.26185;1;0;0;0;0;0;1;0;0
2512;CO;14-12-2025;2;6;1254;14-12-2025 1:15;ELTORO-2;44180.73497;1;0;0;0;0;0;1;0;0
2512;CO;14-12-2025;3;9;1257;14-12-2025 2:00;ELTORO-2;29128.9911;1;0;0;0;0;0;1;0;0
2512;CO;14-12-2025;5;17;1265;14-12-2025 4:00;ELTORO-2;29734.93186;1;0;0;0;0;0;1;0;0
2512;CO;14-12-2025;5;18;1266;14-12-2025 4:15;ELTORO-2;8847.129853;1;0;0;0;0;0;1;0;0
2512;CO;14-12-2025;6;21;1269;14-12-2025 5:00;ELTORO-2;31680.61856;1;0;0;0;0;0;1;0;0
2512;CO;14-12-2025;6;22;1270;14-12-2025 5:15;ELTORO-2;32696.51569;1;0;0;0;0;0;1;0;0
2512;CO;14-12-2025;6;23;1271;14-12-2025 5:30;ELTORO-2;33266.42824;1;0;0;0;0;0;1;0;0
2512;CO;14-12-2025;6;24;1272;14-12-2025 5:45;ELTORO-2;31631.0864;1;0;0;0;0;0;1;0;0
2512;CO;14-12-2025;7;25;1273;14-12-2025 6:00;ELTORO-2;10915.39623;1;0;0;0;0;0;1;0;0
2512;CO;14-12-2025;21;83;1331;14-12-2025 20:30;ELTORO-2;95306.85415;1;0;0;0;0;0;1;0;0
2512;CO;14-12-2025;21;84;1332;14-12-2025 20:45;ELTORO-2;93960.26422;1;0;0;0;0;0;1;0;0
2512;CO;14-12-2025;22;85;1333;14-12-2025 21:00;ELTORO-2;59268.61816;1;0;0;0;0;0;1;0;0
2512;CO;15-12-2025;2;7;1351;15-12-2025 1:30;ELTORO-2;10481.35653;1;0;0;0;0;0;1;0;0
2512;CO;15-12-2025;2;8;1352;15-12-2025 1:45;ELTORO-2;39475.34384;1;0;0;0;0;0;1;0;0
2512;CO;15-12-2025;3;9;1353;15-12-2025 2:00;ELTORO-2;45086.3696;1;0;0;0;0;0;1;0;0
2512;CO;15-12-2025;3;10;1354;15-12-2025 2:15;ELTORO-2;4535.73364;1;0;0;0;0;0;1;0;0
2512;CO;15-12-2025;5;19;1363;15-12-2025 4:30;ELTORO-2;36913.21479;1;0;0;0;0;0;1;0;0
2512;CO;15-12-2025;5;20;1364;15-12-2025 4:45;ELTORO-2;37145.1869;1;0;0;0;0;0;1;0;0
2512;CO;15-12-2025;6;21;1365;15-12-2025 5:00;ELTORO-2;59965.82685;1;0;0;0;0;0;1;0;0
2512;CO;15-12-2025;6;24;1368;15-12-2025 5:45;ELTORO-2;18044.37876;1;0;0;0;0;0;1;0;0
2512;CO;15-12-2025;7;25;1369;15-12-2025 6:00;ELTORO-2;58272.45135;1;0;0;0;0;0;1;0;0
2512;CO;15-12-2025;7;26;1370;15-12-2025 6:15;ELTORO-2;147831.3619;1;0;0;0;0;0;1;0;0
2512;CO;15-12-2025;7;27;1371;15-12-2025 6:30;ELTORO-2;262932.2964;1;0;0;0;0;0;1;0;0
2512;CO;15-12-2025;7;28;1372;15-12-2025 6:45;ELTORO-2;122941.7391;1;0;0;0;0;0;1;0;0
2512;CO;15-12-2025;8;29;1373;15-12-2025 7:00;ELTORO-2;100641.1475;1;0;0;0;0;0;1;0;0
2512;CO;15-12-2025;21;81;1425;15-12-2025 20:00;ELTORO-2;0;1;0;0;0;0;0;1;0;0
2512;CO;15-12-2025;21;82;1426;15-12-2025 20:15;ELTORO-2;0;1;0;0;0;0;0;1;0;0
2512;CO;15-12-2025;21;83;1427;15-12-2025 20:30;ELTORO-2;0;1;0;0;0;0;0;1;0;0
2512;CO;15-12-2025;21;84;1428;15-12-2025 20:45;ELTORO-2;0;1;0;0;0;0;0;1;0;0
2512;CO;15-12-2025;24;93;1437;15-12-2025 23:00;ELTORO-2;2491.768032;1;0;0;0;0;0;1;0;0
2512;CO;15-12-2025;24;94;1438;15-12-2025 23:15;ELTORO-2;8401.648013;1;0;0;0;0;0;1;0;0
2512;CO;15-12-2025;24;95;1439;15-12-2025 23:30;ELTORO-2;12139.12471;1;0;0;0;0;0;1;0;0
2512;CO;15-12-2025;24;96;1440;15-12-2025 23:45;ELTORO-2;25318.33405;1;0;0;0;0;0;1;0;0
2512;CO;16-12-2025;1;1;1441;16-12-2025 0:00;ELTORO-2;415419.9361;1;0;0;0;0;0;1;0;0
2512;CO;16-12-2025;1;2;1442;16-12-2025 0:15;ELTORO-2;271582.8784;1;0;0;0;0;0;1;0;0
2512;CO;16-12-2025;4;16;1456;16-12-2025 3:45;ELTORO-2;0;1;0;0;0;0;0;1;0;0
2512;CO;16-12-2025;5;17;1457;16-12-2025 4:00;ELTORO-2;5131.927023;1;0;0;0;0;0;1;0;0
2512;CO;16-12-2025;5;18;1458;16-12-2025 4:15;ELTORO-2;5214.455599;1;0;0;0;0;0;1;0;0
2512;CO;16-12-2025;5;19;1459;16-12-2025 4:30;ELTORO-2;5255.719888;1;0;0;0;0;0;1;0;0
2512;CO;16-12-2025;5;20;1460;16-12-2025 4:45;ELTORO-2;11508.02188;1;0;0;0;0;0;1;0;0
2512;CO;16-12-2025;6;21;1461;16-12-2025 5:00;ELTORO-2;176129.6699;1;0;0;0;0;0;1;0;0
2512;CO;16-12-2025;6;22;1462;16-12-2025 5:15;ELTORO-2;176083.7999;1;0;0;0;0;0;1;0;0
2512;CO;16-12-2025;6;23;1463;16-12-2025 5:30;ELTORO-2;174983.0627;1;0;0;0;0;0;1;0;0
2512;CO;16-12-2025;6;24;1464;16-12-2025 5:45;ELTORO-2;174432.6703;1;0;0;0;0;0;1;0;0
2512;CO;16-12-2025;7;25;1465;16-12-2025 6:00;ELTORO-2;205711.1764;1;0;0;0;0;0;1;0;0
2512;CO;16-12-2025;7;26;1466;16-12-2025 6:15;ELTORO-2;203398.0793;1;0;0;0;0;0;1;0;0
2512;CO;16-12-2025;7;27;1467;16-12-2025 6:30;ELTORO-2;198273.2734;1;0;0;0;0;0;1;0;0
2512;CO;16-12-2025;7;28;1468;16-12-2025 6:45;ELTORO-2;38587.14162;1;0;0;0;0;0;1;0;0
2512;CO;16-12-2025;21;81;1521;16-12-2025 20:00;ELTORO-2;2204.362637;1;0;0;0;0;0;1;0;0
2512;CO;16-12-2025;21;82;1522;16-12-2025 20:15;ELTORO-2;13098.36784;1;0;0;0;0;0;1;0;0
2512;CO;16-12-2025;21;83;1523;16-12-2025 20:30;ELTORO-2;12902.38455;1;0;0;0;0;0;1;0;0
2512;CO;16-12-2025;21;84;1524;16-12-2025 20:45;ELTORO-2;13255.14247;1;0;0;0;0;0;1;0;0
2512;CO;16-12-2025;22;85;1525;16-12-2025 21:00;ELTORO-2;0;1;0;0;0;0;0;1;0;0
2512;CO;16-12-2025;22;86;1526;16-12-2025 21:15;ELTORO-2;0;1;0;0;0;0;0;1;0;0
2512;CO;16-12-2025;22;87;1527;16-12-2025 21:30;ELTORO-2;0;1;0;0;0;0;0;1;0;0
2512;CO;16-12-2025;22;88;1528;16-12-2025 21:45;ELTORO-2;0;1;0;0;0;0;0;1;0;0
2512;CO;16-12-2025;23;89;1529;16-12-2025 22:00;ELTORO-2;297413.1869;1;0;0;0;0;0;1;0;0
2512;CO;16-12-2025;23;90;1530;16-12-2025 22:15;ELTORO-2;302098.8895;1;0;0;0;0;0;1;0;0
2512;CO;16-12-2025;23;91;1531;16-12-2025 22:30;ELTORO-2;299997.8928;1;0;0;0;0;0;1;0;0
2512;CO;16-12-2025;23;92;1532;16-12-2025 22:45;ELTORO-2;300298.0352;1;0;0;0;0;0;1;0;0
2512;CO;16-12-2025;24;93;1533;16-12-2025 23:00;ELTORO-2;279882.6555;1;0;0;0;0;0;1;0;0
2512;CO;16-12-2025;24;94;1534;16-12-2025 23:15;ELTORO-2;280668.2581;1;0;0;0;0;0;1;0;0
2512;CO;16-12-2025;24;95;1535;16-12-2025 23:30;ELTORO-2;64817.31197;1;0;0;0;0;0;1;0;0
2512;CO;16-12-2025;24;96;1536;16-12-2025 23:45;ELTORO-2;63211.39403;1;0;0;0;0;0;1;0;0
2512;CO;17-12-2025;1;1;1537;17-12-2025 0:00;ELTORO-2;399343.3765;1;0;0;0;0;0;1;0;0
2512;CO;17-12-2025;1;2;1538;17-12-2025 0:15;ELTORO-2;400143.5648;1;0;0;0;0;0;1;0;0
2512;CO;17-12-2025;1;3;1539;17-12-2025 0:30;ELTORO-2;202950.6151;1;0;0;0;0;0;1;0;0
2512;CO;17-12-2025;1;4;1540;17-12-2025 0:45;ELTORO-2;72930.34546;1;0;0;0;0;0;1;0;0
2512;CO;17-12-2025;2;5;1541;17-12-2025 1:00;ELTORO-2;4849.083791;1;0;0;0;0;0;1;0;0
2512;CO;17-12-2025;2;6;1542;17-12-2025 1:15;ELTORO-2;20840.95893;1;0;0;0;0;0;1;0;0
2512;CO;17-12-2025;2;7;1543;17-12-2025 1:30;ELTORO-2;20814.42373;1;0;0;0;0;0;1;0;0
2512;CO;17-12-2025;2;8;1544;17-12-2025 1:45;ELTORO-2;20814.42373;1;0;0;0;0;0;1;0;0
2512;CO;17-12-2025;3;9;1545;17-12-2025 2:00;ELTORO-2;49850.17546;1;0;0;0;0;0;1;0;0
2512;CO;17-12-2025;3;10;1546;17-12-2025 2:15;ELTORO-2;49881.89558;1;0;0;0;0;0;1;0;0
2512;CO;17-12-2025;3;11;1547;17-12-2025 2:30;ELTORO-2;28878.67316;1;0;0;0;0;0;1;0;0
2512;CO;17-12-2025;4;14;1550;17-12-2025 3:15;ELTORO-2;10038.86114;1;0;0;0;0;0;1;0;0
2512;CO;17-12-2025;4;15;1551;17-12-2025 3:30;ELTORO-2;10397.14148;1;0;0;0;0;0;1;0;0
2512;CO;17-12-2025;4;16;1552;17-12-2025 3:45;ELTORO-2;10491.7777;1;0;0;0;0;0;1;0;0
2512;CO;17-12-2025;5;17;1553;17-12-2025 4:00;ELTORO-2;42260.83338;1;0;0;0;0;0;1;0;0
2512;CO;17-12-2025;5;18;1554;17-12-2025 4:15;ELTORO-2;17614.16668;1;0;0;0;0;0;1;0;0
2512;CO;17-12-2025;6;23;1559;17-12-2025 5:30;ELTORO-2;14470.8113;1;0;0;0;0;0;1;0;0
2512;CO;17-12-2025;6;24;1560;17-12-2025 5:45;ELTORO-2;14562.44564;1;0;0;0;0;0;1;0;0
2512;CO;17-12-2025;7;25;1561;17-12-2025 6:00;ELTORO-2;77382.4017;1;0;0;0;0;0;1;0;0
2512;CO;17-12-2025;7;26;1562;17-12-2025 6:15;ELTORO-2;65567.72226;1;0;0;0;0;0;1;0;0
2512;CO;17-12-2025;20;79;1615;17-12-2025 19:30;ELTORO-2;0;0.739701222;0.260298778;0;0;0;0;1;0;0
2512;CO;17-12-2025;20;80;1616;17-12-2025 19:45;ELTORO-2;0;0.739701222;0.260298778;0;0;0;0;1;0;0
2512;CO;17-12-2025;21;81;1617;17-12-2025 20:00;ELTORO-2;34906.11702;1;0;0;0;0;0;1;0;0
2512;CO;17-12-2025;21;82;1618;17-12-2025 20:15;ELTORO-2;34385.16937;1;0;0;0;0;0;1;0;0
2512;CO;17-12-2025;21;83;1619;17-12-2025 20:30;ELTORO-2;160074.9853;1;0;0;0;0;0;1;0;0
2512;CO;17-12-2025;21;84;1620;17-12-2025 20:45;ELTORO-2;204452.4783;1;0;0;0;0;0;1;0;0
2512;CO;17-12-2025;22;85;1621;17-12-2025 21:00;ELTORO-2;320942.2921;1;0;0;0;0;0;1;0;0
2512;CO;17-12-2025;22;86;1622;17-12-2025 21:15;ELTORO-2;146892.1178;1;0;0;0;0;0;1;0;0
2512;CO;17-12-2025;22;87;1623;17-12-2025 21:30;ELTORO-2;112285.7251;1;0;0;0;0;0;1;0;0
2512;CO;17-12-2025;22;88;1624;17-12-2025 21:45;ELTORO-2;116662.6258;1;0;0;0;0;0;1;0;0
2512;CO;17-12-2025;23;89;1625;17-12-2025 22:00;ELTORO-2;118664.3505;1;0;0;0;0;0;1;0;0
2512;CO;17-12-2025;23;90;1626;17-12-2025 22:15;ELTORO-2;121878.7604;1;0;0;0;0;0;1;0;0
2512;CO;17-12-2025;23;91;1627;17-12-2025 22:30;ELTORO-2;118443.7739;1;0;0;0;0;0;1;0;0
2512;CO;17-12-2025;23;92;1628;17-12-2025 22:45;ELTORO-2;68436.2738;1;0;0;0;0;0;1;0;0
2512;CO;17-12-2025;24;93;1629;17-12-2025 23:00;ELTORO-2;25617.89515;1;0;0;0;0;0;1;0;0
2512;CO;17-12-2025;24;94;1630;17-12-2025 23:15;ELTORO-2;25962.00863;1;0;0;0;0;0;1;0;0
2512;CO;17-12-2025;24;95;1631;17-12-2025 23:30;ELTORO-2;26330.72253;1;0;0;0;0;0;1;0;0
2512;CO;17-12-2025;24;96;1632;17-12-2025 23:45;ELTORO-2;26035.76812;1;0;0;0;0;0;1;0;0
2512;CO;18-12-2025;1;1;1633;18-12-2025 0:00;ELTORO-2;97223.31022;1;0;0;0;0;0;1;0;0
2512;CO;18-12-2025;1;2;1634;18-12-2025 0:15;ELTORO-2;97948.09402;1;0;0;0;0;0;1;0;0
2512;CO;18-12-2025;1;3;1635;18-12-2025 0:30;ELTORO-2;98589.21157;1;0;0;0;0;0;1;0;0
2512;CO;18-12-2025;1;4;1636;18-12-2025 0:45;ELTORO-2;99230.32912;1;0;0;0;0;0;1;0;0
2512;CO;18-12-2025;2;5;1637;18-12-2025 1:00;ELTORO-2;89057.69602;1;0;0;0;0;0;1;0;0
2512;CO;18-12-2025;2;6;1638;18-12-2025 1:15;ELTORO-2;89232.35472;1;0;0;0;0;0;1;0;0
2512;CO;18-12-2025;2;7;1639;18-12-2025 1:30;ELTORO-2;84969.96634;1;0;0;0;0;0;1;0;0
2512;CO;18-12-2025;2;8;1640;18-12-2025 1:45;ELTORO-2;76836.84321;1;0;0;0;0;0;1;0;0
2512;CO;18-12-2025;3;9;1641;18-12-2025 2:00;ELTORO-2;17804.83776;1;0;0;0;0;0;1;0;0
2512;CO;18-12-2025;3;10;1642;18-12-2025 2:15;ELTORO-2;17596.11274;1;0;0;0;0;0;1;0;0
2512;CO;18-12-2025;3;11;1643;18-12-2025 2:30;ELTORO-2;25874.42232;1;0;0;0;0;0;1;0;0
2512;CO;18-12-2025;3;12;1644;18-12-2025 2:45;ELTORO-2;52661.63076;1;0;0;0;0;0;1;0;0
2512;CO;18-12-2025;4;13;1645;18-12-2025 3:00;ELTORO-2;345286.4219;1;0;0;0;0;0;1;0;0
2512;CO;18-12-2025;4;14;1646;18-12-2025 3:15;ELTORO-2;253147.7312;1;0;0;0;0;0;1;0;0
2512;CO;18-12-2025;4;15;1647;18-12-2025 3:30;ELTORO-2;70753.63822;1;0;0;0;0;0;1;0;0
2512;CO;18-12-2025;4;16;1648;18-12-2025 3:45;ELTORO-2;70888.14012;1;0;0;0;0;0;1;0;0
2512;CO;18-12-2025;5;17;1649;18-12-2025 4:00;ELTORO-2;40030.21405;1;0;0;0;0;0;1;0;0
2512;CO;18-12-2025;5;18;1650;18-12-2025 4:15;ELTORO-2;39953.85038;1;0;0;0;0;0;1;0;0
2512;CO;18-12-2025;5;19;1651;18-12-2025 4:30;ELTORO-2;39941.12723;1;0;0;0;0;0;1;0;0
2512;CO;18-12-2025;5;20;1652;18-12-2025 4:45;ELTORO-2;40170.19349;1;0;0;0;0;0;1;0;0
2512;CO;18-12-2025;6;21;1653;18-12-2025 5:00;ELTORO-2;50142.70064;1;0;0;0;0;0;1;0;0
2512;CO;18-12-2025;6;22;1654;18-12-2025 5:15;ELTORO-2;49790.91853;1;0;0;0;0;0;1;0;0
2512;CO;18-12-2025;6;23;1655;18-12-2025 5:30;ELTORO-2;49758.93266;1;0;0;0;0;0;1;0;0
2512;CO;18-12-2025;6;24;1656;18-12-2025 5:45;ELTORO-2;49774.9256;1;0;0;0;0;0;1;0;0
2512;CO;18-12-2025;7;25;1657;18-12-2025 6:00;ELTORO-2;93733.9608;1;0;0;0;0;0;1;0;0
2512;CO;18-12-2025;7;26;1658;18-12-2025 6:15;ELTORO-2;92315.9551;1;0;0;0;0;0;1;0;0
2512;CO;18-12-2025;7;27;1659;18-12-2025 6:30;ELTORO-2;76225.3624;1;0;0;0;0;0;1;0;0
2512;CO;18-12-2025;7;28;1660;18-12-2025 6:45;ELTORO-2;43904.85174;1;0;0;0;0;0;1;0;0
2512;CO;18-12-2025;8;29;1661;18-12-2025 7:00;ELTORO-2;20000.52526;1;0;0;0;0;0;1;0;0
2512;CO;18-12-2025;8;30;1662;18-12-2025 7:15;ELTORO-2;21892.61988;1;0;0;0;0;0;1;0;0
2512;CO;18-12-2025;8;31;1663;18-12-2025 7:30;ELTORO-2;21726.64957;1;0;0;0;0;0;1;0;0
2512;CO;18-12-2025;8;32;1664;18-12-2025 7:45;ELTORO-2;22506.70593;1;0;0;0;0;0;1;0;0
2512;CO;18-12-2025;16;63;1695;18-12-2025 15:30;ELTORO-2;26009.211;1;0;0;0;0;0;1;0;0
2512;CO;18-12-2025;16;64;1696;18-12-2025 15:45;ELTORO-2;31076.47734;1;0;0;0;0;0;1;0;0
2512;CO;18-12-2025;17;65;1697;18-12-2025 16:00;ELTORO-2;150319.2374;1;0;0;0;0;0;1;0;0
2512;CO;18-12-2025;17;66;1698;18-12-2025 16:15;ELTORO-2;150705.8638;1;0;0;0;0;0;1;0;0
2512;CO;18-12-2025;17;67;1699;18-12-2025 16:30;ELTORO-2;149997.0826;1;0;0;0;0;0;1;0;0
2512;CO;18-12-2025;17;68;1700;18-12-2025 16:45;ELTORO-2;151156.8604;1;0;0;0;0;0;1;0;0
2512;CO;18-12-2025;18;69;1701;18-12-2025 17:00;ELTORO-2;390694.9481;0.430855789;0.569144211;0;0;0;0;1;0;0
2512;CO;18-12-2025;18;70;1702;18-12-2025 17:15;ELTORO-2;384399.4382;0.430855789;0.569144211;0;0;0;0;1;0;0
2512;CO;18-12-2025;18;71;1703;18-12-2025 17:30;ELTORO-2;352869.6107;0.430855789;0.569144211;0;0;0;0;1;0;0
2512;CO;18-12-2025;18;72;1704;18-12-2025 17:45;ELTORO-2;220176.1524;0.430855789;0.569144211;0;0;0;0;1;0;0
2512;CO;18-12-2025;19;73;1705;18-12-2025 18:00;ELTORO-2;139954.4125;0.436083854;0.563916146;0;0;0;0;1;0;0
2512;CO;18-12-2025;19;74;1706;18-12-2025 18:15;ELTORO-2;89631.11769;0.436083854;0.563916146;0;0;0;0;1;0;0
2512;CO;18-12-2025;19;75;1707;18-12-2025 18:30;ELTORO-2;47001.60991;0.436083854;0.563916146;0;0;0;0;1;0;0
2512;CO;18-12-2025;19;76;1708;18-12-2025 18:45;ELTORO-2;46314.1824;0.436083854;0.563916146;0;0;0;0;1;0;0
2512;CO;18-12-2025;20;77;1709;18-12-2025 19:00;ELTORO-2;29383.2836;0.562324274;0.437675726;0;0;0;0;1;0;0
2512;CO;18-12-2025;20;78;1710;18-12-2025 19:15;ELTORO-2;87021.05979;0.562324274;0.437675726;0;0;0;0;1;0;0
2512;CO;18-12-2025;20;79;1711;18-12-2025 19:30;ELTORO-2;201504.1429;0.562324274;0.437675726;0;0;0;0;1;0;0
2512;CO;18-12-2025;20;80;1712;18-12-2025 19:45;ELTORO-2;202910.6284;0.562324274;0.437675726;0;0;0;0;1;0;0
2512;CO;18-12-2025;21;81;1713;18-12-2025 20:00;ELTORO-2;217061.0672;1;0;0;0;0;0;1;0;0
2512;CO;18-12-2025;21;82;1714;18-12-2025 20:15;ELTORO-2;217344.0675;1;0;0;0;0;0;1;0;0
2512;CO;18-12-2025;21;83;1715;18-12-2025 20:30;ELTORO-2;215039.5964;1;0;0;0;0;0;1;0;0
2512;CO;18-12-2025;21;84;1716;18-12-2025 20:45;ELTORO-2;213867.1267;1;0;0;0;0;0;1;0;0
2512;CO;18-12-2025;22;85;1717;18-12-2025 21:00;ELTORO-2;0;1;0;0;0;0;0;1;0;0
2512;CO;18-12-2025;22;86;1718;18-12-2025 21:15;ELTORO-2;0;1;0;0;0;0;0;1;0;0
2512;CO;18-12-2025;22;87;1719;18-12-2025 21:30;ELTORO-2;0;1;0;0;0;0;0;1;0;0
2512;CO;18-12-2025;22;88;1720;18-12-2025 21:45;ELTORO-2;0;1;0;0;0;0;0;1;0;0
2512;CO;18-12-2025;23;89;1721;18-12-2025 22:00;ELTORO-2;208074.9352;1;0;0;0;0;0;1;0;0
2512;CO;18-12-2025;23;90;1722;18-12-2025 22:15;ELTORO-2;166784.6188;1;0;0;0;0;0;1;0;0
2512;CO;18-12-2025;23;91;1723;18-12-2025 22:30;ELTORO-2;132811.9517;1;0;0;0;0;0;1;0;0
2512;CO;18-12-2025;23;92;1724;18-12-2025 22:45;ELTORO-2;159147.7757;1;0;0;0;0;0;1;0;0
2512;CO;18-12-2025;24;93;1725;18-12-2025 23:00;ELTORO-2;419667.8058;1;0;0;0;0;0;1;0;0
2512;CO;18-12-2025;24;94;1726;18-12-2025 23:15;ELTORO-2;421611.3435;1;0;0;0;0;0;1;0;0
2512;CO;18-12-2025;24;95;1727;18-12-2025 23:30;ELTORO-2;406294.8451;1;0;0;0;0;0;1;0;0
2512;CO;18-12-2025;24;96;1728;18-12-2025 23:45;ELTORO-2;202682.7498;1;0;0;0;0;0;1;0;0
2512;CO;19-12-2025;1;1;1729;19-12-2025 0:00;ELTORO-2;125219.842;1;0;0;0;0;0;1;0;0
2512;CO;19-12-2025;1;2;1730;19-12-2025 0:15;ELTORO-2;126196.105;1;0;0;0;0;0;1;0;0
2512;CO;19-12-2025;1;3;1731;19-12-2025 0:30;ELTORO-2;126268.4302;1;0;0;0;0;0;1;0;0
2512;CO;19-12-2025;1;4;1732;19-12-2025 0:45;ELTORO-2;31119.47537;1;0;0;0;0;0;1;0;0
2512;CO;19-12-2025;2;5;1733;19-12-2025 1:00;ELTORO-2;35465.27888;1;0;0;0;0;0;1;0;0
2512;CO;19-12-2025;2;6;1734;19-12-2025 1:15;ELTORO-2;23433.35608;1;0;0;0;0;0;1;0;0
2512;CO;19-12-2025;2;7;1735;19-12-2025 1:30;ELTORO-2;19849.98217;1;0;0;0;0;0;1;0;0
2512;CO;19-12-2025;2;8;1736;19-12-2025 1:45;ELTORO-2;20547.72078;1;0;0;0;0;0;1;0;0
2512;CO;19-12-2025;3;9;1737;19-12-2025 2:00;ELTORO-2;10127.8169;1;0;0;0;0;0;1;0;0
2512;CO;19-12-2025;3;10;1738;19-12-2025 2:15;ELTORO-2;9346.965073;1;0;0;0;0;0;1;0;0
2512;CO;19-12-2025;3;11;1739;19-12-2025 2:30;ELTORO-2;9301.915929;1;0;0;0;0;0;1;0;0
2512;CO;19-12-2025;3;12;1740;19-12-2025 2:45;ELTORO-2;16255.7159;1;0;0;0;0;0;1;0;0
2512;CO;19-12-2025;4;13;1741;19-12-2025 3:00;ELTORO-2;56417.7171;1;0;0;0;0;0;1;0;0
2512;CO;19-12-2025;4;14;1742;19-12-2025 3:15;ELTORO-2;57545.45881;1;0;0;0;0;0;1;0;0
2512;CO;19-12-2025;4;15;1743;19-12-2025 3:30;ELTORO-2;57836.46274;1;0;0;0;0;0;1;0;0
2512;CO;19-12-2025;4;16;1744;19-12-2025 3:45;ELTORO-2;57854.67223;1;0;0;0;0;0;1;0;0
2512;CO;19-12-2025;5;17;1745;19-12-2025 4:00;ELTORO-2;9509.942312;1;0;0;0;0;0;1;0;0
2512;CO;19-12-2025;5;18;1746;19-12-2025 4:15;ELTORO-2;11858.10111;1;0;0;0;0;0;1;0;0
2512;CO;19-12-2025;5;19;1747;19-12-2025 4:30;ELTORO-2;11932.15692;1;0;0;0;0;0;1;0;0
2512;CO;19-12-2025;5;20;1748;19-12-2025 4:45;ELTORO-2;12100.99652;1;0;0;0;0;0;1;0;0
2512;CO;19-12-2025;6;21;1749;19-12-2025 5:00;ELTORO-2;27288.79528;1;0;0;0;0;0;1;0;0
2512;CO;19-12-2025;6;22;1750;19-12-2025 5:15;ELTORO-2;34153.11831;1;0;0;0;0;0;1;0;0
2512;CO;19-12-2025;6;23;1751;19-12-2025 5:30;ELTORO-2;34142.20161;1;0;0;0;0;0;1;0;0
2512;CO;19-12-2025;6;24;1752;19-12-2025 5:45;ELTORO-2;34245.91974;1;0;0;0;0;0;1;0;0
2512;CO;19-12-2025;7;25;1753;19-12-2025 6:00;ELTORO-2;328482.2742;1;0;0;0;0;0;1;0;0
2512;CO;19-12-2025;7;26;1754;19-12-2025 6:15;ELTORO-2;353117.3269;1;0;0;0;0;0;1;0;0
2512;CO;19-12-2025;7;27;1755;19-12-2025 6:30;ELTORO-2;264892.799;1;0;0;0;0;0;1;0;0
2512;CO;19-12-2025;7;28;1756;19-12-2025 6:45;ELTORO-2;265563.3754;1;0;0;0;0;0;1;0;0
2512;CO;19-12-2025;8;29;1757;19-12-2025 7:00;ELTORO-2;211910.3044;1;0;0;0;0;0;1;0;0
2512;CO;19-12-2025;8;30;1758;19-12-2025 7:15;ELTORO-2;30776.05919;1;0;0;0;0;0;1;0;0
2512;CO;19-12-2025;8;31;1759;19-12-2025 7:30;ELTORO-2;31467.1666;1;0;0;0;0;0;1;0;0
2512;CO;19-12-2025;8;32;1760;19-12-2025 7:45;ELTORO-2;31743.59323;1;0;0;0;0;0;1;0;0
2512;CO;19-12-2025;20;78;1806;19-12-2025 19:15;ELTORO-2;56380.41405;1;0;0;0;0;0;1;0;0
2512;CO;19-12-2025;20;79;1807;19-12-2025 19:30;ELTORO-2;81156.38383;1;0;0;0;0;0;1;0;0
2512;CO;19-12-2025;20;80;1808;19-12-2025 19:45;ELTORO-2;76199.30928;1;0;0;0;0;0;1;0;0
2512;CO;19-12-2025;21;81;1809;19-12-2025 20:00;ELTORO-2;100375.0283;1;0;0;0;0;0;1;0;0
2512;CO;19-12-2025;21;82;1810;19-12-2025 20:15;ELTORO-2;107185.9419;1;0;0;0;0;0;1;0;0
2512;CO;19-12-2025;21;83;1811;19-12-2025 20:30;ELTORO-2;137274.8465;1;0;0;0;0;0;1;0;0
2512;CO;19-12-2025;21;84;1812;19-12-2025 20:45;ELTORO-2;137566.1428;1;0;0;0;0;0;1;0;0
2512;CO;19-12-2025;22;85;1813;19-12-2025 21:00;ELTORO-2;142010.4879;1;0;0;0;0;0;1;0;0
2512;CO;19-12-2025;22;86;1814;19-12-2025 21:15;ELTORO-2;101448.2207;1;0;0;0;0;0;1;0;0
2512;CO;19-12-2025;22;87;1815;19-12-2025 21:30;ELTORO-2;95776.18616;1;0;0;0;0;0;1;0;0
2512;CO;19-12-2025;22;88;1816;19-12-2025 21:45;ELTORO-2;79785.03829;1;0;0;0;0;0;1;0;0
2512;CO;19-12-2025;23;89;1817;19-12-2025 22:00;ELTORO-2;38407.41995;1;0;0;0;0;0;1;0;0
2512;CO;19-12-2025;23;90;1818;19-12-2025 22:15;ELTORO-2;23402.52174;1;0;0;0;0;0;1;0;0
2512;CO;19-12-2025;23;91;1819;19-12-2025 22:30;ELTORO-2;59038.18267;1;0;0;0;0;0;1;0;0
2512;CO;19-12-2025;23;92;1820;19-12-2025 22:45;ELTORO-2;103118.3034;1;0;0;0;0;0;1;0;0
2512;CO;19-12-2025;24;93;1821;19-12-2025 23:00;ELTORO-2;179824.9302;1;0;0;0;0;0;1;0;0
2512;CO;19-12-2025;24;94;1822;19-12-2025 23:15;ELTORO-2;164049.3791;1;0;0;0;0;0;1;0;0
2512;CO;19-12-2025;24;95;1823;19-12-2025 23:30;ELTORO-2;104502.2507;1;0;0;0;0;0;1;0;0
2512;CO;19-12-2025;24;96;1824;19-12-2025 23:45;ELTORO-2;55022.01424;1;0;0;0;0;0;1;0;0
2512;CO;20-12-2025;1;1;1825;20-12-2025 0:00;ELTORO-2;131596.7156;1;0;0;0;0;0;1;0;0
2512;CO;20-12-2025;1;2;1826;20-12-2025 0:15;ELTORO-2;134683.041;1;0;0;0;0;0;1;0;0
2512;CO;20-12-2025;1;3;1827;20-12-2025 0:30;ELTORO-2;89331.45851;1;0;0;0;0;0;1;0;0
2512;CO;20-12-2025;1;4;1828;20-12-2025 0:45;ELTORO-2;72519.6855;1;0;0;0;0;0;1;0;0
2512;CO;20-12-2025;2;5;1829;20-12-2025 1:00;ELTORO-2;93345.59078;1;0;0;0;0;0;1;0;0
2512;CO;20-12-2025;2;6;1830;20-12-2025 1:15;ELTORO-2;101435.8794;1;0;0;0;0;0;1;0;0
2512;CO;20-12-2025;2;7;1831;20-12-2025 1:30;ELTORO-2;90508.81807;1;0;0;0;0;0;1;0;0
2512;CO;20-12-2025;2;8;1832;20-12-2025 1:45;ELTORO-2;80406.76891;1;0;0;0;0;0;1;0;0
2512;CO;20-12-2025;3;9;1833;20-12-2025 2:00;ELTORO-2;98661.50921;1;0;0;0;0;0;1;0;0
2512;CO;20-12-2025;3;10;1834;20-12-2025 2:15;ELTORO-2;107342.4892;1;0;0;0;0;0;1;0;0
2512;CO;20-12-2025;3;11;1835;20-12-2025 2:30;ELTORO-2;107043.0672;1;0;0;0;0;0;1;0;0
2512;CO;20-12-2025;3;12;1836;20-12-2025 2:45;ELTORO-2;92661.01373;1;0;0;0;0;0;1;0;0
2512;CO;20-12-2025;4;13;1837;20-12-2025 3:00;ELTORO-2;16578.26352;1;0;0;0;0;0;1;0;0
2512;CO;20-12-2025;4;14;1838;20-12-2025 3:15;ELTORO-2;18662.76422;1;0;0;0;0;0;1;0;0
2512;CO;20-12-2025;4;15;1839;20-12-2025 3:30;ELTORO-2;18803.35535;1;0;0;0;0;0;1;0;0
2512;CO;20-12-2025;4;16;1840;20-12-2025 3:45;ELTORO-2;18733.05979;1;0;0;0;0;0;1;0;0
2512;CO;20-12-2025;5;17;1841;20-12-2025 4:00;ELTORO-2;45253.2383;1;0;0;0;0;0;1;0;0
2512;CO;20-12-2025;5;18;1842;20-12-2025 4:15;ELTORO-2;49603.4598;1;0;0;0;0;0;1;0;0
2512;CO;20-12-2025;5;19;1843;20-12-2025 4:30;ELTORO-2;61835.96655;1;0;0;0;0;0;1;0;0
2512;CO;20-12-2025;5;20;1844;20-12-2025 4:45;ELTORO-2;62205.99043;1;0;0;0;0;0;1;0;0
2512;CO;20-12-2025;6;21;1845;20-12-2025 5:00;ELTORO-2;115655.5914;1;0;0;0;0;0;1;0;0
2512;CO;20-12-2025;6;22;1846;20-12-2025 5:15;ELTORO-2;88760.54823;1;0;0;0;0;0;1;0;0
2512;CO;20-12-2025;6;23;1847;20-12-2025 5:30;ELTORO-2;88790.29273;1;0;0;0;0;0;1;0;0
2512;CO;20-12-2025;6;24;1848;20-12-2025 5:45;ELTORO-2;88849.78172;1;0;0;0;0;0;1;0;0
2512;CO;20-12-2025;7;25;1849;20-12-2025 6:00;ELTORO-2;42490.87262;1;0;0;0;0;0;1;0;0
2512;CO;20-12-2025;7;26;1850;20-12-2025 6:15;ELTORO-2;42319.57266;1;0;0;0;0;0;1;0;0
2512;CO;20-12-2025;7;27;1851;20-12-2025 6:30;ELTORO-2;42276.74058;1;0;0;0;0;0;1;0;0
2512;CO;20-12-2025;7;28;1852;20-12-2025 6:45;ELTORO-2;41976.97273;1;0;0;0;0;0;1;0;0
2512;CO;20-12-2025;8;29;1853;20-12-2025 7:00;ELTORO-2;63073.40997;1;0;0;0;0;0;1;0;0
2512;CO;20-12-2025;10;40;1864;20-12-2025 9:45;ELTORO-2;17041.95871;1;0;0;0;0;0;1;0;0
2512;CO;20-12-2025;11;41;1865;20-12-2025 10:00;ELTORO-2;15696.40592;1;0;0;0;0;0;1;0;0
2512;CO;20-12-2025;21;81;1905;20-12-2025 20:00;ELTORO-2;31990.20558;1;0;0;0;0;0;1;0;0
2512;CO;20-12-2025;21;82;1906;20-12-2025 20:15;ELTORO-2;32244.76888;1;0;0;0;0;0;1;0;0
2512;CO;20-12-2025;21;83;1907;20-12-2025 20:30;ELTORO-2;33263.02209;1;0;0;0;0;0;1;0;0
2512;CO;20-12-2025;21;84;1908;20-12-2025 20:45;ELTORO-2;45639.10446;1;0;0;0;0;0;1;0;0
2512;CO;20-12-2025;22;85;1909;20-12-2025 21:00;ELTORO-2;175313.3668;1;0;0;0;0;0;1;0;0
2512;CO;20-12-2025;22;86;1910;20-12-2025 21:15;ELTORO-2;176478.2781;1;0;0;0;0;0;1;0;0
2512;CO;20-12-2025;22;87;1911;20-12-2025 21:30;ELTORO-2;176478.2781;1;0;0;0;0;0;1;0;0
2512;CO;20-12-2025;22;88;1912;20-12-2025 21:45;ELTORO-2;175895.8225;1;0;0;0;0;0;1;0;0
2512;CO;20-12-2025;23;89;1913;20-12-2025 22:00;ELTORO-2;115487.1562;1;0;0;0;0;0;1;0;0
2512;CO;20-12-2025;23;90;1914;20-12-2025 22:15;ELTORO-2;101339.5973;1;0;0;0;0;0;1;0;0
2512;CO;20-12-2025;23;91;1915;20-12-2025 22:30;ELTORO-2;72939.63915;1;0;0;0;0;0;1;0;0
2512;CO;20-12-2025;23;92;1916;20-12-2025 22:45;ELTORO-2;72685.07585;1;0;0;0;0;0;1;0;0
2512;CO;20-12-2025;24;93;1917;20-12-2025 23:00;ELTORO-2;139028.5882;1;0;0;0;0;0;1;0;0
2512;CO;20-12-2025;24;94;1918;20-12-2025 23:15;ELTORO-2;165360.0617;1;0;0;0;0;0;1;0;0
2512;CO;20-12-2025;24;95;1919;20-12-2025 23:30;ELTORO-2;145150.7489;1;0;0;0;0;0;1;0;0
2512;CO;20-12-2025;24;96;1920;20-12-2025 23:45;ELTORO-2;102491.3536;1;0;0;0;0;0;1;0;0
2512;CO;21-12-2025;1;1;1921;21-12-2025 0:00;ELTORO-2;41087.21319;1;0;0;0;0;0;1;0;0
2512;CO;21-12-2025;1;2;1922;21-12-2025 0:15;ELTORO-2;35064.46829;1;0;0;0;0;0;1;0;0
2512;CO;21-12-2025;1;3;1923;21-12-2025 0:30;ELTORO-2;35207.29268;1;0;0;0;0;0;1;0;0
2512;CO;21-12-2025;1;4;1924;21-12-2025 0:45;ELTORO-2;36492.71218;1;0;0;0;0;0;1;0;0
2512;CO;21-12-2025;2;5;1925;21-12-2025 1:00;ELTORO-2;22511.12225;1;0;0;0;0;0;1;0;0
2512;CO;21-12-2025;2;6;1926;21-12-2025 1:15;ELTORO-2;26282.05437;1;0;0;0;0;0;1;0;0
2512;CO;21-12-2025;2;7;1927;21-12-2025 1:30;ELTORO-2;53647.25409;1;0;0;0;0;0;1;0;0
2512;CO;21-12-2025;2;8;1928;21-12-2025 1:45;ELTORO-2;71234.9302;1;0;0;0;0;0;1;0;0
2512;CO;21-12-2025;3;9;1929;21-12-2025 2:00;ELTORO-2;159828.2899;1;0;0;0;0;0;1;0;0
2512;CO;21-12-2025;3;10;1930;21-12-2025 2:15;ELTORO-2;158481.6292;1;0;0;0;0;0;1;0;0
2512;CO;21-12-2025;3;11;1931;21-12-2025 2:30;ELTORO-2;158442.0265;1;0;0;0;0;0;1;0;0
2512;CO;21-12-2025;3;12;1932;21-12-2025 2:45;ELTORO-2;157649.8598;1;0;0;0;0;0;1;0;0
2512;CO;21-12-2025;4;13;1933;21-12-2025 3:00;ELTORO-2;93716.45787;1;0;0;0;0;0;1;0;0
2512;CO;21-12-2025;4;14;1934;21-12-2025 3:15;ELTORO-2;40655.47528;1;0;0;0;0;0;1;0;0
2512;CO;21-12-2025;4;15;1935;21-12-2025 3:30;ELTORO-2;101022.5462;1;0;0;0;0;0;1;0;0
2512;CO;21-12-2025;4;16;1936;21-12-2025 3:45;ELTORO-2;100664.3989;1;0;0;0;0;0;1;0;0
2512;CO;21-12-2025;5;17;1937;21-12-2025 4:00;ELTORO-2;202769.3471;0.709112204;0.290887796;0;0;0;0;1;0;0
2512;CO;21-12-2025;5;18;1938;21-12-2025 4:15;ELTORO-2;201121.0258;0.709112204;0.290887796;0;0;0;0;1;0;0
2512;CO;21-12-2025;5;19;1939;21-12-2025 4:30;ELTORO-2;197279.8197;0.709112204;0.290887796;0;0;0;0;1;0;0
2512;CO;21-12-2025;5;20;1940;21-12-2025 4:45;ELTORO-2;202359.72;0.709112204;0.290887796;0;0;0;0;1;0;0
2512;CO;21-12-2025;6;21;1941;21-12-2025 5:00;ELTORO-2;161419.4224;1;0;0;0;0;0;1;0;0
2512;CO;21-12-2025;6;22;1942;21-12-2025 5:15;ELTORO-2;161500.2779;1;0;0;0;0;0;1;0;0
2512;CO;21-12-2025;6;23;1943;21-12-2025 5:30;ELTORO-2;161783.3298;1;0;0;0;0;0;1;0;0
2512;CO;21-12-2025;6;24;1944;21-12-2025 5:45;ELTORO-2;65634.51436;1;0;0;0;0;0;1;0;0
2512;CO;21-12-2025;7;25;1945;21-12-2025 6:00;ELTORO-2;58400.67268;1;0;0;0;0;0;1;0;0
2512;CO;21-12-2025;7;26;1946;21-12-2025 6:15;ELTORO-2;58454.21867;1;0;0;0;0;0;1;0;0
2512;CO;21-12-2025;7;27;1947;21-12-2025 6:30;ELTORO-2;54886.32991;1;0;0;0;0;0;1;0;0
2512;CO;21-12-2025;7;28;1948;21-12-2025 6:45;ELTORO-2;47534.08448;1;0;0;0;0;0;1;0;0
2512;CO;21-12-2025;8;29;1949;21-12-2025 7:00;ELTORO-2;36267.77483;1;0;0;0;0;0;1;0;0
2512;CO;21-12-2025;8;30;1950;21-12-2025 7:15;ELTORO-2;1687.257042;1;0;0;0;0;0;1;0;0
2512;CO;21-12-2025;8;31;1951;21-12-2025 7:30;ELTORO-2;1051.494431;1;0;0;0;0;0;1;0;0
2512;CO;21-12-2025;20;80;2000;21-12-2025 19:45;ELTORO-2;0;1;0;0;0;0;0;1;0;0
2512;CO;21-12-2025;21;81;2001;21-12-2025 20:00;ELTORO-2;43254.65503;1;0;0;0;0;0;1;0;0
2512;CO;21-12-2025;21;82;2002;21-12-2025 20:15;ELTORO-2;35766.39876;1;0;0;0;0;0;1;0;0
2512;CO;21-12-2025;21;83;2003;21-12-2025 20:30;ELTORO-2;30037.69461;1;0;0;0;0;0;1;0;0
2512;CO;21-12-2025;21;84;2004;21-12-2025 20:45;ELTORO-2;29874.13235;1;0;0;0;0;0;1;0;0
2512;CO;21-12-2025;22;85;2005;21-12-2025 21:00;ELTORO-2;22183.37995;1;0;0;0;0;0;1;0;0
2512;CO;21-12-2025;22;86;2006;21-12-2025 21:15;ELTORO-2;17128.26055;1;0;0;0;0;0;1;0;0
2512;CO;21-12-2025;22;87;2007;21-12-2025 21:30;ELTORO-2;40671.41071;1;0;0;0;0;0;1;0;0
2512;CO;21-12-2025;22;88;2008;21-12-2025 21:45;ELTORO-2;58358.12477;1;0;0;0;0;0;1;0;0
2512;CO;21-12-2025;23;89;2009;21-12-2025 22:00;ELTORO-2;52324.13623;1;0;0;0;0;0;1;0;0
2512;CO;21-12-2025;23;90;2010;21-12-2025 22:15;ELTORO-2;47450.88366;1;0;0;0;0;0;1;0;0
2512;CO;21-12-2025;23;91;2011;21-12-2025 22:30;ELTORO-2;47332.55525;1;0;0;0;0;0;1;0;0
2512;CO;21-12-2025;23;92;2012;21-12-2025 22:45;ELTORO-2;34428.27823;1;0;0;0;0;0;1;0;0
2512;CO;21-12-2025;24;93;2013;21-12-2025 23:00;ELTORO-2;11482.06769;1;0;0;0;0;0;1;0;0
2512;CO;21-12-2025;24;94;2014;21-12-2025 23:15;ELTORO-2;11340.21123;1;0;0;0;0;0;1;0;0
2512;CO;21-12-2025;24;95;2015;21-12-2025 23:30;ELTORO-2;10536.28835;1;0;0;0;0;0;1;0;0
2512;CO;21-12-2025;24;96;2016;21-12-2025 23:45;ELTORO-2;24327.18001;1;0;0;0;0;0;1;0;0
2512;CO;22-12-2025;1;1;2017;22-12-2025 0:00;ELTORO-2;30361.94635;1;0;0;0;0;0;1;0;0
2512;CO;22-12-2025;1;2;2018;22-12-2025 0:15;ELTORO-2;33154.10791;1;0;0;0;0;0;1;0;0
2512;CO;22-12-2025;1;3;2019;22-12-2025 0:30;ELTORO-2;21275.59329;1;0;0;0;0;0;1;0;0
2512;CO;22-12-2025;1;4;2020;22-12-2025 0:45;ELTORO-2;14899.84677;1;0;0;0;0;0;1;0;0
2512;CO;22-12-2025;2;5;2021;22-12-2025 1:00;ELTORO-2;3258.883747;1;0;0;0;0;0;1;0;0
2512;CO;22-12-2025;2;6;2022;22-12-2025 1:15;ELTORO-2;9009.239408;1;0;0;0;0;0;1;0;0
2512;CO;22-12-2025;2;7;2023;22-12-2025 1:30;ELTORO-2;16477.74923;1;0;0;0;0;0;1;0;0
2512;CO;22-12-2025;2;8;2024;22-12-2025 1:45;ELTORO-2;16886.83872;1;0;0;0;0;0;1;0;0
2512;CO;22-12-2025;3;9;2025;22-12-2025 2:00;ELTORO-2;31583.86892;1;0;0;0;0;0;1;0;0
2512;CO;22-12-2025;3;10;2026;22-12-2025 2:15;ELTORO-2;25214.48192;1;0;0;0;0;0;1;0;0
2512;CO;22-12-2025;3;11;2027;22-12-2025 2:30;ELTORO-2;18559.79565;1;0;0;0;0;0;1;0;0
2512;CO;22-12-2025;3;12;2028;22-12-2025 2:45;ELTORO-2;18372.40533;1;0;0;0;0;0;1;0;0
2512;CO;22-12-2025;4;13;2029;22-12-2025 3:00;ELTORO-2;18895.58508;1;0;0;0;0;0;1;0;0
2512;CO;22-12-2025;4;14;2030;22-12-2025 3:15;ELTORO-2;43069.07302;1;0;0;0;0;0;1;0;0
2512;CO;22-12-2025;4;15;2031;22-12-2025 3:30;ELTORO-2;43766.68175;1;0;0;0;0;0;1;0;0
2512;CO;22-12-2025;4;16;2032;22-12-2025 3:45;ELTORO-2;28934.41054;1;0;0;0;0;0;1;0;0
2512;CO;22-12-2025;5;17;2033;22-12-2025 4:00;ELTORO-2;16703.62251;1;0;0;0;0;0;1;0;0
2512;CO;22-12-2025;5;18;2034;22-12-2025 4:15;ELTORO-2;28451.09629;1;0;0;0;0;0;1;0;0
2512;CO;22-12-2025;5;19;2035;22-12-2025 4:30;ELTORO-2;28396.32038;1;0;0;0;0;0;1;0;0
2512;CO;22-12-2025;5;20;2036;22-12-2025 4:45;ELTORO-2;28582.54748;1;0;0;0;0;0;1;0;0
2512;CO;22-12-2025;6;21;2037;22-12-2025 5:00;ELTORO-2;98622.3603;1;0;0;0;0;0;1;0;0
2512;CO;22-12-2025;6;22;2038;22-12-2025 5:15;ELTORO-2;69726.6989;1;0;0;0;0;0;1;0;0
2512;CO;22-12-2025;6;23;2039;22-12-2025 5:30;ELTORO-2;35777.7134;1;0;0;0;0;0;1;0;0
2512;CO;22-12-2025;6;24;2040;22-12-2025 5:45;ELTORO-2;20339.09888;1;0;0;0;0;0;1;0;0
2512;CO;22-12-2025;7;25;2041;22-12-2025 6:00;ELTORO-2;95235.03929;1;0;0;0;0;0;1;0;0
2512;CO;22-12-2025;7;26;2042;22-12-2025 6:15;ELTORO-2;134749.1216;1;0;0;0;0;0;1;0;0
2512;CO;22-12-2025;7;27;2043;22-12-2025 6:30;ELTORO-2;72663.38187;1;0;0;0;0;0;1;0;0
2512;CO;22-12-2025;7;28;2044;22-12-2025 6:45;ELTORO-2;43365.76725;1;0;0;0;0;0;1;0;0
2512;CO;22-12-2025;8;29;2045;22-12-2025 7:00;ELTORO-2;33182.39724;1;0;0;0;0;0;1;0;0
2512;CO;22-12-2025;20;80;2096;22-12-2025 19:45;ELTORO-2;45081.27781;1;0;0;0;0;0;1;0;0
2512;CO;22-12-2025;21;81;2097;22-12-2025 20:00;ELTORO-2;56356.19839;1;0;0;0;0;0;1;0;0
2512;CO;22-12-2025;21;82;2098;22-12-2025 20:15;ELTORO-2;59738.65206;1;0;0;0;0;0;1;0;0
2512;CO;22-12-2025;21;83;2099;22-12-2025 20:30;ELTORO-2;74484.24639;1;0;0;0;0;0;1;0;0
2512;CO;22-12-2025;21;84;2100;22-12-2025 20:45;ELTORO-2;76477.95084;1;0;0;0;0;0;1;0;0
2512;CO;22-12-2025;22;85;2101;22-12-2025 21:00;ELTORO-2;86176.28737;1;0;0;0;0;0;1;0;0
2512;CO;22-12-2025;22;86;2102;22-12-2025 21:15;ELTORO-2;85927.85592;1;0;0;0;0;0;1;0;0
2512;CO;22-12-2025;22;87;2103;22-12-2025 21:30;ELTORO-2;85679.39496;1;0;0;0;0;0;1;0;0
2512;CO;22-12-2025;22;88;2104;22-12-2025 21:45;ELTORO-2;86548.9493;1;0;0;0;0;0;1;0;0
2512;CO;22-12-2025;23;89;2105;22-12-2025 22:00;ELTORO-2;154930.9893;1;0;0;0;0;0;1;0;0
2512;CO;22-12-2025;23;90;2106;22-12-2025 22:15;ELTORO-2;154707.3744;1;0;0;0;0;0;1;0;0
2512;CO;22-12-2025;23;91;2107;22-12-2025 22:30;ELTORO-2;154781.895;1;0;0;0;0;0;1;0;0
2512;CO;22-12-2025;23;92;2108;22-12-2025 22:45;ELTORO-2;153713.8551;1;0;0;0;0;0;1;0;0
2512;CO;22-12-2025;24;93;2109;22-12-2025 23:00;ELTORO-2;130990.557;1;0;0;0;0;0;1;0;0
2512;CO;22-12-2025;24;94;2110;22-12-2025 23:15;ELTORO-2;130894.9904;1;0;0;0;0;0;1;0;0
2512;CO;22-12-2025;24;95;2111;22-12-2025 23:30;ELTORO-2;130926.8459;1;0;0;0;0;0;1;0;0
2512;CO;22-12-2025;24;96;2112;22-12-2025 23:45;ELTORO-2;130640.1916;1;0;0;0;0;0;1;0;0
2512;CO;23-12-2025;1;1;2113;23-12-2025 0:00;ELTORO-2;100885.8246;1;0;0;0;0;0;1;0;0
2512;CO;23-12-2025;1;2;2114;23-12-2025 0:15;ELTORO-2;114706.9029;1;0;0;0;0;0;1;0;0
2512;CO;23-12-2025;1;3;2115;23-12-2025 0:30;ELTORO-2;165207.8691;1;0;0;0;0;0;1;0;0
2512;CO;23-12-2025;1;4;2116;23-12-2025 0:45;ELTORO-2;166432.1638;1;0;0;0;0;0;1;0;0
2512;CO;23-12-2025;2;5;2117;23-12-2025 1:00;ELTORO-2;257922.0153;1;0;0;0;0;0;1;0;0
2512;CO;23-12-2025;2;6;2118;23-12-2025 1:15;ELTORO-2;240752.3278;1;0;0;0;0;0;1;0;0
2512;CO;23-12-2025;2;7;2119;23-12-2025 1:30;ELTORO-2;124746.6032;1;0;0;0;0;0;1;0;0
2512;CO;23-12-2025;2;8;2120;23-12-2025 1:45;ELTORO-2;123946.3848;1;0;0;0;0;0;1;0;0
2512;CO;23-12-2025;3;9;2121;23-12-2025 2:00;ELTORO-2;108905.1759;1;0;0;0;0;0;1;0;0
2512;CO;23-12-2025;3;10;2122;23-12-2025 2:15;ELTORO-2;108435.6628;1;0;0;0;0;0;1;0;0
2512;CO;23-12-2025;3;11;2123;23-12-2025 2:30;ELTORO-2;107563.828;1;0;0;0;0;0;1;0;0
2512;CO;23-12-2025;3;12;2124;23-12-2025 2:45;ELTORO-2;106054.7858;1;0;0;0;0;0;1;0;0
2512;CO;23-12-2025;4;13;2125;23-12-2025 3:00;ELTORO-2;62728.18619;1;0;0;0;0;0;1;0;0
2512;CO;23-12-2025;4;14;2126;23-12-2025 3:15;ELTORO-2;62906.53365;1;0;0;0;0;0;1;0;0
2512;CO;23-12-2025;4;15;2127;23-12-2025 3:30;ELTORO-2;63203.7489;1;0;0;0;0;0;1;0;0
2512;CO;23-12-2025;4;16;2128;23-12-2025 3:45;ELTORO-2;63124.49353;1;0;0;0;0;0;1;0;0
2512;CO;23-12-2025;5;17;2129;23-12-2025 4:00;ELTORO-2;73422.27657;1;0;0;0;0;0;1;0;0
2512;CO;23-12-2025;5;18;2130;23-12-2025 4:15;ELTORO-2;73120.08864;1;0;0;0;0;0;1;0;0
2512;CO;23-12-2025;5;19;2131;23-12-2025 4:30;ELTORO-2;151808.5227;1;0;0;0;0;0;1;0;0
2512;CO;23-12-2025;5;20;2132;23-12-2025 4:45;ELTORO-2;152185.1389;1;0;0;0;0;0;1;0;0
2512;CO;23-12-2025;6;21;2133;23-12-2025 5:00;ELTORO-2;182406.8034;1;0;0;0;0;0;1;0;0
2512;CO;23-12-2025;6;22;2134;23-12-2025 5:15;ELTORO-2;149616.9283;1;0;0;0;0;0;1;0;0
2512;CO;23-12-2025;6;23;2135;23-12-2025 5:30;ELTORO-2;205714.6558;1;0;0;0;0;0;1;0;0
2512;CO;23-12-2025;6;24;2136;23-12-2025 5:45;ELTORO-2;207207.0446;1;0;0;0;0;0;1;0;0
2512;CO;23-12-2025;7;25;2137;23-12-2025 6:00;ELTORO-2;223435.4743;1;0;0;0;0;0;1;0;0
2512;CO;23-12-2025;7;26;2138;23-12-2025 6:15;ELTORO-2;430430.6408;1;0;0;0;0;0;1;0;0
2512;CO;23-12-2025;7;27;2139;23-12-2025 6:30;ELTORO-2;289675.5549;1;0;0;0;0;0;1;0;0
2512;CO;23-12-2025;7;28;2140;23-12-2025 6:45;ELTORO-2;200294.3382;1;0;0;0;0;0;1;0;0
2512;CO;23-12-2025;8;29;2141;23-12-2025 7:00;ELTORO-2;211438.0859;0.480106136;0.519893864;0;0;0;0;1;0;0
2512;CO;23-12-2025;8;30;2142;23-12-2025 7:15;ELTORO-2;61246.15816;0.480106136;0.519893864;0;0;0;0;1;0;0
2512;CO;23-12-2025;21;81;2193;23-12-2025 20:00;ELTORO-2;111521.6344;1;0;0;0;0;0;1;0;0
2512;CO;23-12-2025;21;82;2194;23-12-2025 20:15;ELTORO-2;110999.7589;1;0;0;0;0;0;1;0;0
2512;CO;23-12-2025;21;83;2195;23-12-2025 20:30;ELTORO-2;110999.7589;1;0;0;0;0;0;1;0;0
2512;CO;23-12-2025;21;84;2196;23-12-2025 20:45;ELTORO-2;112182.6767;1;0;0;0;0;0;1;0;0
2512;CO;23-12-2025;22;85;2197;23-12-2025 21:00;ELTORO-2;87744.80467;0.951430113;0.048569887;0;0;0;0;1;0;0
2512;CO;23-12-2025;22;86;2198;23-12-2025 21:15;ELTORO-2;84395.46001;0.951430113;0.048569887;0;0;0;0;1;0;0
2512;CO;23-12-2025;22;87;2199;23-12-2025 21:30;ELTORO-2;36574.64628;0.951430113;0.048569887;0;0;0;0;1;0;0
2512;CO;23-12-2025;22;88;2200;23-12-2025 21:45;ELTORO-2;51149.05271;0.951430113;0.048569887;0;0;0;0;1;0;0
2512;CO;23-12-2025;23;89;2201;23-12-2025 22:00;ELTORO-2;52487.64426;1;0;0;0;0;0;1;0;0
2512;CO;23-12-2025;23;90;2202;23-12-2025 22:15;ELTORO-2;51150.1322;1;0;0;0;0;0;1;0;0
2512;CO;23-12-2025;23;91;2203;23-12-2025 22:30;ELTORO-2;50676.40057;1;0;0;0;0;0;1;0;0
2512;CO;23-12-2025;23;92;2204;23-12-2025 22:45;ELTORO-2;49924.01219;1;0;0;0;0;0;1;0;0
2512;CO;23-12-2025;24;93;2205;23-12-2025 23:00;ELTORO-2;53496.49599;1;0;0;0;0;0;1;0;0
2512;CO;23-12-2025;24;94;2206;23-12-2025 23:15;ELTORO-2;53824.4523;1;0;0;0;0;0;1;0;0
2512;CO;23-12-2025;24;95;2207;23-12-2025 23:30;ELTORO-2;53973.47427;1;0;0;0;0;0;1;0;0
2512;CO;23-12-2025;24;96;2208;23-12-2025 23:45;ELTORO-2;21060.02927;1;0;0;0;0;0;1;0;0
2512;CO;24-12-2025;7;25;2233;24-12-2025 6:00;ELTORO-2;11166.96966;1;0;0;0;0;0;1;0;0
2512;CO;24-12-2025;20;80;2288;24-12-2025 19:45;ELTORO-2;56222.98317;1;0;0;0;0;0;1;0;0
2512;CO;24-12-2025;21;81;2289;24-12-2025 20:00;ELTORO-2;56080.15016;1;0;0;0;0;0;1;0;0
2512;CO;24-12-2025;21;82;2290;24-12-2025 20:15;ELTORO-2;53335.31182;1;0;0;0;0;0;1;0;0
2512;CO;24-12-2025;21;83;2291;24-12-2025 20:30;ELTORO-2;53204.60523;1;0;0;0;0;0;1;0;0
2512;CO;24-12-2025;21;84;2292;24-12-2025 20:45;ELTORO-2;37775.34999;1;0;0;0;0;0;1;0;0
2512;CO;24-12-2025;23;89;2297;24-12-2025 22:00;ELTORO-2;48125.29323;1;0;0;0;0;0;1;0;0
2512;CO;24-12-2025;23;90;2298;24-12-2025 22:15;ELTORO-2;32082.43829;1;0;0;0;0;0;1;0;0
2512;CO;25-12-2025;1;1;2301;25-12-2025 0:00;ELTORO-2;6481.690567;1;0;0;0;0;0;1;0;0
2512;CO;25-12-2025;1;2;2302;25-12-2025 0:15;ELTORO-2;6649.829844;1;0;0;0;0;0;1;0;0
2512;CO;25-12-2025;1;3;2303;25-12-2025 0:30;ELTORO-2;3593.422077;1;0;0;0;0;0;1;0;0
2512;CO;25-12-2025;2;8;2308;25-12-2025 1:45;ELTORO-2;1870.637966;1;0;0;0;0;0;1;0;0
2512;CO;25-12-2025;4;15;2315;25-12-2025 3:30;ELTORO-2;28193.74264;1;0;0;0;0;0;1;0;0
2512;CO;25-12-2025;4;16;2316;25-12-2025 3:45;ELTORO-2;25237.06886;1;0;0;0;0;0;1;0;0
2512;CO;25-12-2025;5;17;2317;25-12-2025 4:00;ELTORO-2;1750.556743;1;0;0;0;0;0;1;0;0
2512;CO;25-12-2025;6;22;2322;25-12-2025 5:15;ELTORO-2;7852.930013;1;0;0;0;0;0;1;0;0
2512;CO;25-12-2025;6;23;2323;25-12-2025 5:30;ELTORO-2;46858.25152;1;0;0;0;0;0;1;0;0
2512;CO;25-12-2025;6;24;2324;25-12-2025 5:45;ELTORO-2;47097.83037;1;0;0;0;0;0;1;0;0
2512;CO;25-12-2025;20;80;2380;25-12-2025 19:45;ELTORO-2;18688.85011;1;0;0;0;0;0;1;0;0
2512;CO;25-12-2025;21;81;2381;25-12-2025 20:00;ELTORO-2;20943.13282;1;0;0;0;0;0;1;0;0
2512;CO;25-12-2025;21;82;2382;25-12-2025 20:15;ELTORO-2;25567.7853;1;0;0;0;0;0;1;0;0
2512;CO;25-12-2025;21;83;2383;25-12-2025 20:30;ELTORO-2;25771.53423;1;0;0;0;0;0;1;0;0
2512;CO;25-12-2025;21;84;2384;25-12-2025 20:45;ELTORO-2;31151.4308;1;0;0;0;0;0;1;0;0
2512;CO;25-12-2025;22;85;2385;25-12-2025 21:00;ELTORO-2;49997.51543;1;0;0;0;0;0;1;0;0
2512;CO;25-12-2025;22;86;2386;25-12-2025 21:15;ELTORO-2;56829.68121;1;0;0;0;0;0;1;0;0
2512;CO;25-12-2025;22;87;2387;25-12-2025 21:30;ELTORO-2;63912.75031;1;0;0;0;0;0;1;0;0
2512;CO;25-12-2025;22;88;2388;25-12-2025 21:45;ELTORO-2;63961.87682;1;0;0;0;0;0;1;0;0
2512;CO;25-12-2025;23;89;2389;25-12-2025 22:00;ELTORO-2;78401.61461;1;0;0;0;0;0;1;0;0
2512;CO;25-12-2025;23;90;2390;25-12-2025 22:15;ELTORO-2;78371.43654;1;0;0;0;0;0;1;0;0
2512;CO;25-12-2025;23;91;2391;25-12-2025 22:30;ELTORO-2;79306.95687;1;0;0;0;0;0;1;0;0
2512;CO;25-12-2025;23;92;2392;25-12-2025 22:45;ELTORO-2;79035.35419;1;0;0;0;0;0;1;0;0
2512;CO;25-12-2025;24;93;2393;25-12-2025 23:00;ELTORO-2;105388.1182;1;0;0;0;0;0;1;0;0
2512;CO;25-12-2025;24;94;2394;25-12-2025 23:15;ELTORO-2;104903.5688;1;0;0;0;0;0;1;0;0
2512;CO;25-12-2025;24;95;2395;25-12-2025 23:30;ELTORO-2;78813.66196;1;0;0;0;0;0;1;0;0
2512;CO;25-12-2025;24;96;2396;25-12-2025 23:45;ELTORO-2;72642.7668;1;0;0;0;0;0;1;0;0
2512;CO;26-12-2025;4;14;2410;26-12-2025 3:15;ELTORO-2;16716.58125;1;0;0;0;0;0;1;0;0
2512;CO;26-12-2025;4;15;2411;26-12-2025 3:30;ELTORO-2;81482.35898;1;0;0;0;0;0;1;0;0
2512;CO;26-12-2025;4;16;2412;26-12-2025 3:45;ELTORO-2;80405.88856;1;0;0;0;0;0;1;0;0
2512;CO;26-12-2025;5;17;2413;26-12-2025 4:00;ELTORO-2;87133.83543;1;0;0;0;0;0;1;0;0
2512;CO;26-12-2025;5;18;2414;26-12-2025 4:15;ELTORO-2;177926.6739;1;0;0;0;0;0;1;0;0
2512;CO;26-12-2025;5;19;2415;26-12-2025 4:30;ELTORO-2;278133.4441;1;0;0;0;0;0;1;0;0
2512;CO;26-12-2025;5;20;2416;26-12-2025 4:45;ELTORO-2;282835.5953;1;0;0;0;0;0;1;0;0
2512;CO;26-12-2025;6;21;2417;26-12-2025 5:00;ELTORO-2;316954.2268;1;0;0;0;0;0;1;0;0
2512;CO;26-12-2025;6;22;2418;26-12-2025 5:15;ELTORO-2;276048.3496;1;0;0;0;0;0;1;0;0
2512;CO;26-12-2025;6;23;2419;26-12-2025 5:30;ELTORO-2;336386.2792;1;0;0;0;0;0;1;0;0
2512;CO;26-12-2025;6;24;2420;26-12-2025 5:45;ELTORO-2;335240.0111;1;0;0;0;0;0;1;0;0
2512;CO;26-12-2025;7;25;2421;26-12-2025 6:00;ELTORO-2;534922.5641;1;0;0;0;0;0;1;0;0
2512;CO;26-12-2025;7;26;2422;26-12-2025 6:15;ELTORO-2;529295.4683;1;0;0;0;0;0;1;0;0
2512;CO;26-12-2025;7;27;2423;26-12-2025 6:30;ELTORO-2;533184.7531;1;0;0;0;0;0;1;0;0
2512;CO;26-12-2025;7;28;2424;26-12-2025 6:45;ELTORO-2;531281.477;1;0;0;0;0;0;1;0;0
2512;CO;26-12-2025;8;29;2425;26-12-2025 7:00;ELTORO-2;508923.0709;1;0;0;0;0;0;1;0;0
2512;CO;26-12-2025;8;30;2426;26-12-2025 7:15;ELTORO-2;515863.7558;1;0;0;0;0;0;1;0;0
2512;CO;26-12-2025;8;31;2427;26-12-2025 7:30;ELTORO-2;258763.9123;1;0;0;0;0;0;1;0;0
2512;CO;26-12-2025;20;80;2476;26-12-2025 19:45;ELTORO-2;46307.61661;1;0;0;0;0;0;1;0;0
2512;CO;26-12-2025;21;81;2477;26-12-2025 20:00;ELTORO-2;44668.5855;1;0;0;0;0;0;1;0;0
2512;CO;26-12-2025;21;82;2478;26-12-2025 20:15;ELTORO-2;62131.97935;1;0;0;0;0;0;1;0;0
2512;CO;26-12-2025;21;83;2479;26-12-2025 20:30;ELTORO-2;79741.394;1;0;0;0;0;0;1;0;0
2512;CO;26-12-2025;21;84;2480;26-12-2025 20:45;ELTORO-2;57527.03438;1;0;0;0;0;0;1;0;0
2512;CO;26-12-2025;22;85;2481;26-12-2025 21:00;ELTORO-2;10822.32354;1;0;0;0;0;0;1;0;0
2512;CO;26-12-2025;22;86;2482;26-12-2025 21:15;ELTORO-2;10534.81127;1;0;0;0;0;0;1;0;0
2512;CO;26-12-2025;22;87;2483;26-12-2025 21:30;ELTORO-2;11798.83044;1;0;0;0;0;0;1;0;0
2512;CO;26-12-2025;22;88;2484;26-12-2025 21:45;ELTORO-2;31677.70861;1;0;0;0;0;0;1;0;0
2512;CO;26-12-2025;23;89;2485;26-12-2025 22:00;ELTORO-2;37852.41621;1;0;0;0;0;0;1;0;0
2512;CO;26-12-2025;24;96;2492;26-12-2025 23:45;ELTORO-2;6411.723178;1;0;0;0;0;0;1;0;0
2512;CO;27-12-2025;5;18;2510;27-12-2025 4:15;ELTORO-2;24568.25481;1;0;0;0;0;0;1;0;0
2512;CO;27-12-2025;5;19;2511;27-12-2025 4:30;ELTORO-2;25152.64073;1;0;0;0;0;0;1;0;0
2512;CO;27-12-2025;5;20;2512;27-12-2025 4:45;ELTORO-2;24982.19484;1;0;0;0;0;0;1;0;0
2512;CO;27-12-2025;7;25;2517;27-12-2025 6:00;ELTORO-2;77942.44155;1;0;0;0;0;0;1;0;0
2512;CO;27-12-2025;7;26;2518;27-12-2025 6:15;ELTORO-2;51413.12976;1;0;0;0;0;0;1;0;0
2512;CO;27-12-2025;7;27;2519;27-12-2025 6:30;ELTORO-2;6172.843302;1;0;0;0;0;0;1;0;0
2512;CO;28-12-2025;5;20;2608;28-12-2025 4:45;ELTORO-2;1744.961971;1;0;0;0;0;0;1;0;0
2512;CO;28-12-2025;6;21;2609;28-12-2025 5:00;ELTORO-2;1351.987437;0.092812848;0.907187152;0;0;0;0;1;0;0
2512;CO;28-12-2025;6;22;2610;28-12-2025 5:15;ELTORO-2;1912.735168;0.092812848;0.907187152;0;0;0;0;1;0;0
2512;CO;28-12-2025;6;23;2611;28-12-2025 5:30;ELTORO-2;3383.15352;0.092812848;0.907187152;0;0;0;0;1;0;0
2512;CO;28-12-2025;6;24;2612;28-12-2025 5:45;ELTORO-2;4118.873082;0.092812848;0.907187152;0;0;0;0;1;0;0
2512;CO;28-12-2025;7;25;2613;28-12-2025 6:00;ELTORO-2;3894.999666;0.457307809;0.542692191;0;0;0;0;1;0;0
2512;CO;28-12-2025;7;26;2614;28-12-2025 6:15;ELTORO-2;3716.570288;0.457307809;0.542692191;0;0;0;0;1;0;0
2512;CO;28-12-2025;7;27;2615;28-12-2025 6:30;ELTORO-2;3811.581512;0.457307809;0.542692191;0;0;0;0;1;0;0
2512;CO;29-12-2025;8;29;2713;29-12-2025 7:00;ELTORO-2;969.9098128;1;0;0;0;0;0;1;0;0
2512;CO;29-12-2025;8;30;2714;29-12-2025 7:15;ELTORO-2;37199.75249;1;0;0;0;0;0;1;0;0
2512;CO;29-12-2025;20;80;2764;29-12-2025 19:45;ELTORO-2;1382.31861;0;1;0;0;0;0;1;0;0
2512;CO;30-12-2025;8;29;2809;30-12-2025 7:00;ELTORO-2;33851.46456;0;1;0;0;0;0;1;0;0
2512;CO;30-12-2025;8;30;2810;30-12-2025 7:15;ELTORO-2;20516.61069;0;1;0;0;0;0;1;0;0
2512;CO;31-12-2025;24;93;2969;31-12-2025 23:00;ELTORO-2;23047.04102;0;1;0;0;0;0;1;0;0
2512;CO;31-12-2025;24;94;2970;31-12-2025 23:15;ELTORO-2;34997.62277;0;1;0;0;0;0;1;0;0
2512;CO;31-12-2025;24;95;2971;31-12-2025 23:30;ELTORO-2;19295.15191;0;1;0;0;0;0;1;0;0
2512;CO;31-12-2025;24;96;2972;31-12-2025 23:45;ELTORO-2;8573.416445;0;1;0;0;0;0;1;0;0
2512;CO;01-12-2025;2;5;5;01-12-2025 1:00;ELTORO-3;218525.3495;1;0;0;0;0;0;1;0;0
2512;CO;01-12-2025;2;6;6;01-12-2025 1:15;ELTORO-3;217900.896;1;0;0;0;0;0;1;0;0
2512;CO;01-12-2025;2;7;7;01-12-2025 1:30;ELTORO-3;211730.5911;1;0;0;0;0;0;1;0;0
2512;CO;01-12-2025;2;8;8;01-12-2025 1:45;ELTORO-3;209423.4938;1;0;0;0;0;0;1;0;0
2512;CO;01-12-2025;3;9;9;01-12-2025 2:00;ELTORO-3;103083.2358;1;0;0;0;0;0;1;0;0
2512;CO;01-12-2025;3;10;10;01-12-2025 2:15;ELTORO-3;106552.9495;1;0;0;0;0;0;1;0;0
2512;CO;01-12-2025;3;11;11;01-12-2025 2:30;ELTORO-3;109021.5548;1;0;0;0;0;0;1;0;0
2512;CO;01-12-2025;3;12;12;01-12-2025 2:45;ELTORO-3;114775.2081;1;0;0;0;0;0;1;0;0
2512;CO;01-12-2025;4;13;13;01-12-2025 3:00;ELTORO-3;223842.5493;1;0;0;0;0;0;1;0;0
2512;CO;01-12-2025;4;14;14;01-12-2025 3:15;ELTORO-3;223567.7211;1;0;0;0;0;0;1;0;0
2512;CO;01-12-2025;4;15;15;01-12-2025 3:30;ELTORO-3;220598.2608;1;0;0;0;0;0;1;0;0
2512;CO;01-12-2025;4;16;16;01-12-2025 3:45;ELTORO-3;204835.8479;1;0;0;0;0;0;1;0;0
2512;CO;01-12-2025;5;17;17;01-12-2025 4:00;ELTORO-3;159689.0605;1;0;0;0;0;0;1;0;0
2512;CO;01-12-2025;5;18;18;01-12-2025 4:15;ELTORO-3;167292.8527;1;0;0;0;0;0;1;0;0
2512;CO;01-12-2025;5;19;19;01-12-2025 4:30;ELTORO-3;166738.2867;1;0;0;0;0;0;1;0;0
2512;CO;01-12-2025;5;20;20;01-12-2025 4:45;ELTORO-3;167046.3836;1;0;0;0;0;0;1;0;0
2512;CO;01-12-2025;6;21;21;01-12-2025 5:00;ELTORO-3;168961.7216;1;0;0;0;0;0;1;0;0
2512;CO;01-12-2025;6;22;22;01-12-2025 5:15;ELTORO-3;175516.9089;1;0;0;0;0;0;1;0;0
2512;CO;01-12-2025;6;23;23;01-12-2025 5:30;ELTORO-3;179428.9172;1;0;0;0;0;0;1;0;0
2512;CO;01-12-2025;6;24;24;01-12-2025 5:45;ELTORO-3;179167.1997;1;0;0;0;0;0;1;0;0
2512;CO;01-12-2025;7;25;25;01-12-2025 6:00;ELTORO-3;241870.2859;1;0;0;0;0;0;1;0;0
2512;CO;01-12-2025;7;26;26;01-12-2025 6:15;ELTORO-3;241079.5863;1;0;0;0;0;0;1;0;0
2512;CO;01-12-2025;7;27;27;01-12-2025 6:30;ELTORO-3;241108.848;1;0;0;0;0;0;1;0;0
2512;CO;01-12-2025;7;28;28;01-12-2025 6:45;ELTORO-3;57738.05897;1;0;0;0;0;0;1;0;0
2512;CO;01-12-2025;16;61;61;01-12-2025 15:00;ELTORO-3;0;1;0;0;0;0;0;1;0;0
2512;CO;01-12-2025;16;62;62;01-12-2025 15:15;ELTORO-3;0;1;0;0;0;0;0;1;0;0
2512;CO;01-12-2025;20;78;78;01-12-2025 19:15;ELTORO-3;183398.627;1;0;0;0;0;0;1;0;0
2512;CO;01-12-2025;20;79;79;01-12-2025 19:30;ELTORO-3;195677.6291;1;0;0;0;0;0;1;0;0
2512;CO;01-12-2025;20;80;80;01-12-2025 19:45;ELTORO-3;33921.13862;1;0;0;0;0;0;1;0;0
2512;CO;01-12-2025;21;81;81;01-12-2025 20:00;ELTORO-3;68156.34082;1;0;0;0;0;0;1;0;0
2512;CO;01-12-2025;21;82;82;01-12-2025 20:15;ELTORO-3;149975.453;1;0;0;0;0;0;1;0;0
2512;CO;01-12-2025;21;83;83;01-12-2025 20:30;ELTORO-3;280765.4486;1;0;0;0;0;0;1;0;0
2512;CO;01-12-2025;21;84;84;01-12-2025 20:45;ELTORO-3;248459.3825;1;0;0;0;0;0;1;0;0
2512;CO;01-12-2025;22;85;85;01-12-2025 21:00;ELTORO-3;272402.3442;0.790151566;0.209848434;0;0;0;0;1;0;0
2512;CO;01-12-2025;22;86;86;01-12-2025 21:15;ELTORO-3;218635.9839;0.790151566;0.209848434;0;0;0;0;1;0;0
2512;CO;01-12-2025;22;87;87;01-12-2025 21:30;ELTORO-3;263074.2826;0.790151566;0.209848434;0;0;0;0;1;0;0
2512;CO;01-12-2025;22;88;88;01-12-2025 21:45;ELTORO-3;278779.0671;0.790151566;0.209848434;0;0;0;0;1;0;0
2512;CO;01-12-2025;23;89;89;01-12-2025 22:00;ELTORO-3;266737.9928;1;0;0;0;0;0;1;0;0
2512;CO;01-12-2025;23;90;90;01-12-2025 22:15;ELTORO-3;245742.8896;1;0;0;0;0;0;1;0;0
2512;CO;01-12-2025;23;91;91;01-12-2025 22:30;ELTORO-3;244561.7438;1;0;0;0;0;0;1;0;0
2512;CO;01-12-2025;23;92;92;01-12-2025 22:45;ELTORO-3;244638.7891;1;0;0;0;0;0;1;0;0
2512;CO;01-12-2025;24;93;93;01-12-2025 23:00;ELTORO-3;95317.03355;0.742312478;0.257687522;0;0;0;0;1;0;0
2512;CO;01-12-2025;24;94;94;01-12-2025 23:15;ELTORO-3;98337.18246;0.742312478;0.257687522;0;0;0;0;1;0;0
2512;CO;01-12-2025;24;95;95;01-12-2025 23:30;ELTORO-3;100286.7091;0.742312478;0.257687522;0;0;0;0;1;0;0
2512;CO;01-12-2025;24;96;96;01-12-2025 23:45;ELTORO-3;108981.7228;0.742312478;0.257687522;0;0;0;0;1;0;0
2512;CO;02-12-2025;1;2;98;02-12-2025 0:15;ELTORO-3;1370.599239;1;0;0;0;0;0;1;0;0
2512;CO;02-12-2025;1;3;99;02-12-2025 0:30;ELTORO-3;903.251565;1;0;0;0;0;0;1;0;0
2512;CO;02-12-2025;1;4;100;02-12-2025 0:45;ELTORO-3;918.3218393;1;0;0;0;0;0;1;0;0
2512;CO;02-12-2025;4;13;109;02-12-2025 3:00;ELTORO-3;4261.550318;0.516794058;0.483205942;0;0;0;0;1;0;0
2512;CO;02-12-2025;4;14;110;02-12-2025 3:15;ELTORO-3;4093.072308;0.516794058;0.483205942;0;0;0;0;1;0;0
2512;CO;02-12-2025;4;15;111;02-12-2025 3:30;ELTORO-3;5890.171074;0.516794058;0.483205942;0;0;0;0;1;0;0
2512;CO;02-12-2025;4;16;112;02-12-2025 3:45;ELTORO-3;8866.615906;0.516794058;0.483205942;0;0;0;0;1;0;0
2512;CO;02-12-2025;7;25;121;02-12-2025 6:00;ELTORO-3;1813.640064;1;0;0;0;0;0;1;0;0
2512;CO;02-12-2025;7;26;122;02-12-2025 6:15;ELTORO-3;1416.153734;1;0;0;0;0;0;1;0;0
2512;CO;02-12-2025;7;27;123;02-12-2025 6:30;ELTORO-3;1363.155557;1;0;0;0;0;0;1;0;0
2512;CO;02-12-2025;21;84;180;02-12-2025 20:45;ELTORO-3;13468.35499;1;0;0;0;0;0;1;0;0
2512;CO;02-12-2025;22;85;181;02-12-2025 21:00;ELTORO-3;8724.372181;1;0;0;0;0;0;1;0;0
2512;CO;02-12-2025;22;88;184;02-12-2025 21:45;ELTORO-3;14511.3495;1;0;0;0;0;0;1;0;0
2512;CO;02-12-2025;24;93;189;02-12-2025 23:00;ELTORO-3;260.1036026;1;0;0;0;0;0;1;0;0
2512;CO;02-12-2025;24;94;190;02-12-2025 23:15;ELTORO-3;260.1036026;1;0;0;0;0;0;1;0;0
2512;CO;02-12-2025;24;95;191;02-12-2025 23:30;ELTORO-3;168.8816408;1;0;0;0;0;0;1;0;0
2512;CO;02-12-2025;24;96;192;02-12-2025 23:45;ELTORO-3;199.3082432;1;0;0;0;0;0;1;0;0
2512;CO;03-12-2025;1;4;196;03-12-2025 0:45;ELTORO-3;0;1;0;0;0;0;0;1;0;0
2512;CO;03-12-2025;7;27;219;03-12-2025 6:30;ELTORO-3;0;1;0;0;0;0;0;1;0;0
2512;CO;03-12-2025;7;28;220;03-12-2025 6:45;ELTORO-3;0;1;0;0;0;0;0;1;0;0
2512;CO;03-12-2025;8;29;221;03-12-2025 7:00;ELTORO-3;0;1;0;0;0;0;0;1;0;0
2512;CO;03-12-2025;20;79;271;03-12-2025 19:30;ELTORO-3;46905.26499;1;0;0;0;0;0;1;0;0
2512;CO;03-12-2025;20;80;272;03-12-2025 19:45;ELTORO-3;142806.2127;1;0;0;0;0;0;1;0;0
2512;CO;03-12-2025;21;81;273;03-12-2025 20:00;ELTORO-3;80700.6571;1;0;0;0;0;0;1;0;0
2512;CO;03-12-2025;21;82;274;03-12-2025 20:15;ELTORO-3;52556.72458;1;0;0;0;0;0;1;0;0
2512;CO;03-12-2025;21;83;275;03-12-2025 20:30;ELTORO-3;71303.84028;1;0;0;0;0;0;1;0;0
2512;CO;03-12-2025;21;84;276;03-12-2025 20:45;ELTORO-3;188947.1155;1;0;0;0;0;0;1;0;0
2512;CO;03-12-2025;22;85;277;03-12-2025 21:00;ELTORO-3;310917.7665;1;0;0;0;0;0;1;0;0
2512;CO;03-12-2025;22;86;278;03-12-2025 21:15;ELTORO-3;310595.1632;1;0;0;0;0;0;1;0;0
2512;CO;03-12-2025;22;87;279;03-12-2025 21:30;ELTORO-3;308552.1687;1;0;0;0;0;0;1;0;0
2512;CO;03-12-2025;22;88;280;03-12-2025 21:45;ELTORO-3;311455.3988;1;0;0;0;0;0;1;0;0
2512;CO;03-12-2025;23;89;281;03-12-2025 22:00;ELTORO-3;442835.5442;1;0;0;0;0;0;1;0;0
2512;CO;03-12-2025;23;90;282;03-12-2025 22:15;ELTORO-3;446875.8274;1;0;0;0;0;0;1;0;0
2512;CO;03-12-2025;23;91;283;03-12-2025 22:30;ELTORO-3;197581.2435;1;0;0;0;0;0;1;0;0
2512;CO;03-12-2025;23;92;284;03-12-2025 22:45;ELTORO-3;114590.9287;1;0;0;0;0;0;1;0;0
2512;CO;03-12-2025;24;93;285;03-12-2025 23:00;ELTORO-3;120490.8645;1;0;0;0;0;0;1;0;0
2512;CO;03-12-2025;24;94;286;03-12-2025 23:15;ELTORO-3;120447.1029;1;0;0;0;0;0;1;0;0
2512;CO;03-12-2025;24;95;287;03-12-2025 23:30;ELTORO-3;118392.0339;1;0;0;0;0;0;1;0;0
2512;CO;03-12-2025;24;96;288;03-12-2025 23:45;ELTORO-3;117648.682;1;0;0;0;0;0;1;0;0
2512;CO;04-12-2025;1;1;289;04-12-2025 0:00;ELTORO-3;83124.4131;1;0;0;0;0;0;1;0;0
2512;CO;04-12-2025;1;2;290;04-12-2025 0:15;ELTORO-3;67984.64327;1;0;0;0;0;0;1;0;0
2512;CO;04-12-2025;1;3;291;04-12-2025 0:30;ELTORO-3;36195.37198;1;0;0;0;0;0;1;0;0
2512;CO;04-12-2025;1;4;292;04-12-2025 0:45;ELTORO-3;37352.3759;1;0;0;0;0;0;1;0;0
2512;CO;04-12-2025;2;5;293;04-12-2025 1:00;ELTORO-3;29000.39459;1;0;0;0;0;0;1;0;0
2512;CO;04-12-2025;2;6;294;04-12-2025 1:15;ELTORO-3;71475.54425;1;0;0;0;0;0;1;0;0
2512;CO;04-12-2025;2;7;295;04-12-2025 1:30;ELTORO-3;73241.79244;1;0;0;0;0;0;1;0;0
2512;CO;04-12-2025;2;8;296;04-12-2025 1:45;ELTORO-3;46487.62092;1;0;0;0;0;0;1;0;0
2512;CO;04-12-2025;3;9;297;04-12-2025 2:00;ELTORO-3;25114.07889;1;0;0;0;0;0;1;0;0
2512;CO;04-12-2025;3;10;298;04-12-2025 2:15;ELTORO-3;31977.70581;1;0;0;0;0;0;1;0;0
2512;CO;04-12-2025;3;11;299;04-12-2025 2:30;ELTORO-3;32580.6065;1;0;0;0;0;0;1;0;0
2512;CO;04-12-2025;3;12;300;04-12-2025 2:45;ELTORO-3;51641.03175;1;0;0;0;0;0;1;0;0
2512;CO;04-12-2025;4;13;301;04-12-2025 3:00;ELTORO-3;35053.10198;1;0;0;0;0;0;1;0;0
2512;CO;04-12-2025;4;14;302;04-12-2025 3:15;ELTORO-3;4353.598623;1;0;0;0;0;0;1;0;0
2512;CO;04-12-2025;4;15;303;04-12-2025 3:30;ELTORO-3;4561.788113;1;0;0;0;0;0;1;0;0
2512;CO;04-12-2025;5;18;306;04-12-2025 4:15;ELTORO-3;5814.612948;1;0;0;0;0;0;1;0;0
2512;CO;04-12-2025;5;19;307;04-12-2025 4:30;ELTORO-3;1348.403384;1;0;0;0;0;0;1;0;0
2512;CO;04-12-2025;5;20;308;04-12-2025 4:45;ELTORO-3;1997.243774;1;0;0;0;0;0;1;0;0
2512;CO;04-12-2025;6;21;309;04-12-2025 5:00;ELTORO-3;243.795854;1;0;0;0;0;0;1;0;0
2512;CO;04-12-2025;6;22;310;04-12-2025 5:15;ELTORO-3;1398.262564;1;0;0;0;0;0;1;0;0
2512;CO;04-12-2025;6;23;311;04-12-2025 5:30;ELTORO-3;3016.59736;1;0;0;0;0;0;1;0;0
2512;CO;04-12-2025;6;24;312;04-12-2025 5:45;ELTORO-3;1882.813863;1;0;0;0;0;0;1;0;0
2512;CO;04-12-2025;7;25;313;04-12-2025 6:00;ELTORO-3;30018.90626;1;0;0;0;0;0;1;0;0
2512;CO;04-12-2025;7;26;314;04-12-2025 6:15;ELTORO-3;28012.95742;1;0;0;0;0;0;1;0;0
2512;CO;04-12-2025;7;27;315;04-12-2025 6:30;ELTORO-3;28156.25413;1;0;0;0;0;0;1;0;0
2512;CO;04-12-2025;7;28;316;04-12-2025 6:45;ELTORO-3;66910.69183;1;0;0;0;0;0;1;0;0
2512;CO;04-12-2025;8;29;317;04-12-2025 7:00;ELTORO-3;49609.85724;1;0;0;0;0;0;1;0;0
2512;CO;04-12-2025;10;39;327;04-12-2025 9:30;ELTORO-3;6755.763245;1;0;0;0;0;0;1;0;0
2512;CO;04-12-2025;10;40;328;04-12-2025 9:45;ELTORO-3;19524.91486;1;0;0;0;0;0;1;0;0
2512;CO;04-12-2025;11;41;329;04-12-2025 10:00;ELTORO-3;30306.99407;1;0;0;0;0;0;1;0;0
2512;CO;04-12-2025;11;42;330;04-12-2025 10:15;ELTORO-3;6306.003902;1;0;0;0;0;0;1;0;0
2512;CO;04-12-2025;15;60;348;04-12-2025 14:45;ELTORO-3;3824.391954;1;0;0;0;0;0;1;0;0
2512;CO;04-12-2025;16;61;349;04-12-2025 15:00;ELTORO-3;19288.8613;1;0;0;0;0;0;1;0;0
2512;CO;04-12-2025;16;62;350;04-12-2025 15:15;ELTORO-3;20425.46951;1;0;0;0;0;0;1;0;0
2512;CO;04-12-2025;16;63;351;04-12-2025 15:30;ELTORO-3;13601.67745;1;0;0;0;0;0;1;0;0
2512;CO;04-12-2025;17;65;353;04-12-2025 16:00;ELTORO-3;70621.19023;1;0;0;0;0;0;1;0;0
2512;CO;04-12-2025;17;66;354;04-12-2025 16:15;ELTORO-3;263326.5024;1;0;0;0;0;0;1;0;0
2512;CO;04-12-2025;17;67;355;04-12-2025 16:30;ELTORO-3;261354.2645;1;0;0;0;0;0;1;0;0
2512;CO;04-12-2025;17;68;356;04-12-2025 16:45;ELTORO-3;211951.3788;1;0;0;0;0;0;1;0;0
2512;CO;04-12-2025;18;69;357;04-12-2025 17:00;ELTORO-3;0;1;0;0;0;0;0;1;0;0
2512;CO;04-12-2025;18;70;358;04-12-2025 17:15;ELTORO-3;0;1;0;0;0;0;0;1;0;0
2512;CO;04-12-2025;18;71;359;04-12-2025 17:30;ELTORO-3;0;1;0;0;0;0;0;1;0;0
2512;CO;04-12-2025;18;72;360;04-12-2025 17:45;ELTORO-3;0;1;0;0;0;0;0;1;0;0
2512;CO;04-12-2025;19;73;361;04-12-2025 18:00;ELTORO-3;215007.9696;1;0;0;0;0;0;1;0;0
2512;CO;04-12-2025;19;74;362;04-12-2025 18:15;ELTORO-3;27638.57216;1;0;0;0;0;0;1;0;0
2512;CO;04-12-2025;19;75;363;04-12-2025 18:30;ELTORO-3;27034.298;1;0;0;0;0;0;1;0;0
2512;CO;04-12-2025;19;76;364;04-12-2025 18:45;ELTORO-3;363357.851;1;0;0;0;0;0;1;0;0
2512;CO;04-12-2025;20;77;365;04-12-2025 19:00;ELTORO-3;171652.1667;1;0;0;0;0;0;1;0;0
2512;CO;04-12-2025;20;78;366;04-12-2025 19:15;ELTORO-3;168160.9559;1;0;0;0;0;0;1;0;0
2512;CO;04-12-2025;20;79;367;04-12-2025 19:30;ELTORO-3;166133.8012;1;0;0;0;0;0;1;0;0
2512;CO;04-12-2025;20;80;368;04-12-2025 19:45;ELTORO-3;164134.8015;1;0;0;0;0;0;1;0;0
2512;CO;04-12-2025;21;81;369;04-12-2025 20:00;ELTORO-3;408176.9457;1;0;0;0;0;0;1;0;0
2512;CO;04-12-2025;21;82;370;04-12-2025 20:15;ELTORO-3;405359.8443;1;0;0;0;0;0;1;0;0
2512;CO;04-12-2025;21;83;371;04-12-2025 20:30;ELTORO-3;305358.6771;1;0;0;0;0;0;1;0;0
2512;CO;04-12-2025;21;84;372;04-12-2025 20:45;ELTORO-3;98438.77619;1;0;0;0;0;0;1;0;0
2512;CO;04-12-2025;22;85;373;04-12-2025 21:00;ELTORO-3;75814.97151;1;0;0;0;0;0;1;0;0
2512;CO;04-12-2025;22;86;374;04-12-2025 21:15;ELTORO-3;76240.28837;1;0;0;0;0;0;1;0;0
2512;CO;04-12-2025;22;87;375;04-12-2025 21:30;ELTORO-3;77034.19723;1;0;0;0;0;0;1;0;0
2512;CO;04-12-2025;22;88;376;04-12-2025 21:45;ELTORO-3;111583.4139;1;0;0;0;0;0;1;0;0
2512;CO;04-12-2025;23;89;377;04-12-2025 22:00;ELTORO-3;454659.8435;1;0;0;0;0;0;1;0;0
2512;CO;04-12-2025;23;90;378;04-12-2025 22:15;ELTORO-3;160671.821;1;0;0;0;0;0;1;0;0
2512;CO;04-12-2025;23;91;379;04-12-2025 22:30;ELTORO-3;117968.1362;1;0;0;0;0;0;1;0;0
2512;CO;04-12-2025;23;92;380;04-12-2025 22:45;ELTORO-3;117555.1002;1;0;0;0;0;0;1;0;0
2512;CO;04-12-2025;24;93;381;04-12-2025 23:00;ELTORO-3;123993.4094;1;0;0;0;0;0;1;0;0
2512;CO;04-12-2025;24;94;382;04-12-2025 23:15;ELTORO-3;124162.0893;1;0;0;0;0;0;1;0;0
2512;CO;04-12-2025;24;95;383;04-12-2025 23:30;ELTORO-3;125005.5467;1;0;0;0;0;0;1;0;0
2512;CO;04-12-2025;24;96;384;04-12-2025 23:45;ELTORO-3;124246.4583;1;0;0;0;0;0;1;0;0
2512;CO;05-12-2025;17;68;452;05-12-2025 16:45;ELTORO-3;0;1;0;0;0;0;0;1;0;0
2512;CO;05-12-2025;18;69;453;05-12-2025 17:00;ELTORO-3;1026484.009;1;0;0;0;0;0;1;0;0
2512;CO;05-12-2025;19;73;457;05-12-2025 18:00;ELTORO-3;0;1;0;0;0;0;0;1;0;0
2512;CO;05-12-2025;20;79;463;05-12-2025 19:30;ELTORO-3;337420.1862;0.883915664;0.116084336;0;0;0;0;1;0;0
2512;CO;05-12-2025;20;80;464;05-12-2025 19:45;ELTORO-3;12239.73009;0.883915664;0.116084336;0;0;0;0;1;0;0
2512;CO;05-12-2025;21;81;465;05-12-2025 20:00;ELTORO-3;17258.59725;1;0;0;0;0;0;1;0;0
2512;CO;05-12-2025;21;82;466;05-12-2025 20:15;ELTORO-3;22541.44604;1;0;0;0;0;0;1;0;0
2512;CO;05-12-2025;21;83;467;05-12-2025 20:30;ELTORO-3;23106.71758;1;0;0;0;0;0;1;0;0
2512;CO;05-12-2025;21;84;468;05-12-2025 20:45;ELTORO-3;24830.68197;1;0;0;0;0;0;1;0;0
2512;CO;05-12-2025;22;85;469;05-12-2025 21:00;ELTORO-3;133228.2444;1;0;0;0;0;0;1;0;0
2512;CO;05-12-2025;22;86;470;05-12-2025 21:15;ELTORO-3;150247.7816;1;0;0;0;0;0;1;0;0
2512;CO;05-12-2025;22;87;471;05-12-2025 21:30;ELTORO-3;149274.3115;1;0;0;0;0;0;1;0;0
2512;CO;05-12-2025;22;88;472;05-12-2025 21:45;ELTORO-3;153826.5317;1;0;0;0;0;0;1;0;0
2512;CO;05-12-2025;23;89;473;05-12-2025 22:00;ELTORO-3;155879.3758;1;0;0;0;0;0;1;0;0
2512;CO;05-12-2025;23;90;474;05-12-2025 22:15;ELTORO-3;156909.6074;1;0;0;0;0;0;1;0;0
2512;CO;05-12-2025;23;91;475;05-12-2025 22:30;ELTORO-3;222220.1111;1;0;0;0;0;0;1;0;0
2512;CO;05-12-2025;23;92;476;05-12-2025 22:45;ELTORO-3;220650.3219;1;0;0;0;0;0;1;0;0
2512;CO;05-12-2025;24;93;477;05-12-2025 23:00;ELTORO-3;210479.0344;1;0;0;0;0;0;1;0;0
2512;CO;05-12-2025;24;94;478;05-12-2025 23:15;ELTORO-3;223080.7673;1;0;0;0;0;0;1;0;0
2512;CO;05-12-2025;24;95;479;05-12-2025 23:30;ELTORO-3;26828.36456;1;0;0;0;0;0;1;0;0
2512;CO;05-12-2025;24;96;480;05-12-2025 23:45;ELTORO-3;3246.958115;1;0;0;0;0;0;1;0;0
2512;CO;06-12-2025;13;51;531;06-12-2025 12:30;ELTORO-3;0;1;0;0;0;0;0;1;0;0
2512;CO;06-12-2025;13;52;532;06-12-2025 12:45;ELTORO-3;0;1;0;0;0;0;0;1;0;0
2512;CO;06-12-2025;14;53;533;06-12-2025 13:00;ELTORO-3;0;1;0;0;0;0;0;1;0;0
2512;CO;06-12-2025;14;54;534;06-12-2025 13:15;ELTORO-3;0;1;0;0;0;0;0;1;0;0
2512;CO;06-12-2025;14;55;535;06-12-2025 13:30;ELTORO-3;0;1;0;0;0;0;0;1;0;0
2512;CO;06-12-2025;14;56;536;06-12-2025 13:45;ELTORO-3;0;1;0;0;0;0;0;1;0;0
2512;CO;06-12-2025;15;57;537;06-12-2025 14:00;ELTORO-3;0;1;0;0;0;0;0;1;0;0
2512;CO;06-12-2025;16;64;544;06-12-2025 15:45;ELTORO-3;0;1;0;0;0;0;0;1;0;0
2512;CO;06-12-2025;17;65;545;06-12-2025 16:00;ELTORO-3;0;1;0;0;0;0;0;1;0;0
2512;CO;06-12-2025;17;66;546;06-12-2025 16:15;ELTORO-3;0;1;0;0;0;0;0;1;0;0
2512;CO;06-12-2025;17;67;547;06-12-2025 16:30;ELTORO-3;0;1;0;0;0;0;0;1;0;0
2512;CO;06-12-2025;17;68;548;06-12-2025 16:45;ELTORO-3;0;1;0;0;0;0;0;1;0;0
2512;CO;06-12-2025;18;69;549;06-12-2025 17:00;ELTORO-3;0;1;0;0;0;0;0;1;0;0
2512;CO;06-12-2025;18;70;550;06-12-2025 17:15;ELTORO-3;0;1;0;0;0;0;0;1;0;0
2512;CO;06-12-2025;18;71;551;06-12-2025 17:30;ELTORO-3;0;1;0;0;0;0;0;1;0;0
2512;CO;06-12-2025;18;72;552;06-12-2025 17:45;ELTORO-3;0;1;0;0;0;0;0;1;0;0
2512;CO;06-12-2025;19;73;553;06-12-2025 18:00;ELTORO-3;0;1;0;0;0;0;0;1;0;0
2512;CO;06-12-2025;19;75;555;06-12-2025 18:30;ELTORO-3;0;1;0;0;0;0;0;1;0;0
2512;CO;06-12-2025;19;76;556;06-12-2025 18:45;ELTORO-3;0;1;0;0;0;0;0;1;0;0
2512;CO;06-12-2025;21;81;561;06-12-2025 20:00;ELTORO-3;0;1;0;0;0;0;0;1;0;0
2512;CO;06-12-2025;21;82;562;06-12-2025 20:15;ELTORO-3;0;1;0;0;0;0;0;1;0;0
2512;CO;06-12-2025;21;83;563;06-12-2025 20:30;ELTORO-3;0;1;0;0;0;0;0;1;0;0
2512;CO;06-12-2025;21;84;564;06-12-2025 20:45;ELTORO-3;0;1;0;0;0;0;0;1;0;0
2512;CO;06-12-2025;22;85;565;06-12-2025 21:00;ELTORO-3;0;1;0;0;0;0;0;1;0;0
2512;CO;06-12-2025;22;86;566;06-12-2025 21:15;ELTORO-3;0;1;0;0;0;0;0;1;0;0
2512;CO;06-12-2025;22;87;567;06-12-2025 21:30;ELTORO-3;0;1;0;0;0;0;0;1;0;0
2512;CO;06-12-2025;22;88;568;06-12-2025 21:45;ELTORO-3;0;1;0;0;0;0;0;1;0;0
2512;CO;06-12-2025;23;89;569;06-12-2025 22:00;ELTORO-3;0;1;0;0;0;0;0;1;0;0
2512;CO;06-12-2025;23;90;570;06-12-2025 22:15;ELTORO-3;0;1;0;0;0;0;0;1;0;0
2512;CO;06-12-2025;23;91;571;06-12-2025 22:30;ELTORO-3;0;1;0;0;0;0;0;1;0;0
2512;CO;06-12-2025;23;92;572;06-12-2025 22:45;ELTORO-3;0;1;0;0;0;0;0;1;0;0
2512;CO;06-12-2025;24;93;573;06-12-2025 23:00;ELTORO-3;0;1;0;0;0;0;0;1;0;0
2512;CO;06-12-2025;24;94;574;06-12-2025 23:15;ELTORO-3;0;1;0;0;0;0;0;1;0;0
2512;CO;06-12-2025;24;95;575;06-12-2025 23:30;ELTORO-3;0;1;0;0;0;0;0;1;0;0
2512;CO;06-12-2025;24;96;576;06-12-2025 23:45;ELTORO-3;0;1;0;0;0;0;0;1;0;0
2512;CO;07-12-2025;1;1;577;07-12-2025 0:00;ELTORO-3;0;1;0;0;0;0;0;1;0;0
2512;CO;07-12-2025;1;2;578;07-12-2025 0:15;ELTORO-3;0;1;0;0;0;0;0;1;0;0
2512;CO;07-12-2025;1;3;579;07-12-2025 0:30;ELTORO-3;0;1;0;0;0;0;0;1;0;0
2512;CO;07-12-2025;1;4;580;07-12-2025 0:45;ELTORO-3;0;1;0;0;0;0;0;1;0;0
2512;CO;07-12-2025;2;5;581;07-12-2025 1:00;ELTORO-3;0;1;0;0;0;0;0;1;0;0
2512;CO;07-12-2025;2;6;582;07-12-2025 1:15;ELTORO-3;0;1;0;0;0;0;0;1;0;0
2512;CO;07-12-2025;2;7;583;07-12-2025 1:30;ELTORO-3;0;1;0;0;0;0;0;1;0;0
2512;CO;07-12-2025;2;8;584;07-12-2025 1:45;ELTORO-3;0;1;0;0;0;0;0;1;0;0
2512;CO;07-12-2025;3;9;585;07-12-2025 2:00;ELTORO-3;0;1;0;0;0;0;0;1;0;0
2512;CO;07-12-2025;11;41;617;07-12-2025 10:00;ELTORO-3;0;1;0;0;0;0;0;1;0;0
2512;CO;07-12-2025;11;42;618;07-12-2025 10:15;ELTORO-3;0;1;0;0;0;0;0;1;0;0
2512;CO;07-12-2025;11;43;619;07-12-2025 10:30;ELTORO-3;0;1;0;0;0;0;0;1;0;0
2512;CO;07-12-2025;11;44;620;07-12-2025 10:45;ELTORO-3;0;1;0;0;0;0;0;1;0;0
2512;CO;07-12-2025;20;80;656;07-12-2025 19:45;ELTORO-3;0;1;0;0;0;0;0;1;0;0
2512;CO;07-12-2025;21;81;657;07-12-2025 20:00;ELTORO-3;0;1;0;0;0;0;0;1;0;0
2512;CO;07-12-2025;21;82;658;07-12-2025 20:15;ELTORO-3;0;1;0;0;0;0;0;1;0;0
2512;CO;07-12-2025;21;83;659;07-12-2025 20:30;ELTORO-3;0;1;0;0;0;0;0;1;0;0
2512;CO;07-12-2025;21;84;660;07-12-2025 20:45;ELTORO-3;0;1;0;0;0;0;0;1;0;0
2512;CO;07-12-2025;22;85;661;07-12-2025 21:00;ELTORO-3;0;1;0;0;0;0;0;1;0;0
2512;CO;07-12-2025;22;86;662;07-12-2025 21:15;ELTORO-3;0;1;0;0;0;0;0;1;0;0
2512;CO;07-12-2025;22;87;663;07-12-2025 21:30;ELTORO-3;0;1;0;0;0;0;0;1;0;0
2512;CO;07-12-2025;22;88;664;07-12-2025 21:45;ELTORO-3;0;1;0;0;0;0;0;1;0;0
2512;CO;07-12-2025;23;89;665;07-12-2025 22:00;ELTORO-3;0;1;0;0;0;0;0;1;0;0
2512;CO;07-12-2025;23;90;666;07-12-2025 22:15;ELTORO-3;0;1;0;0;0;0;0;1;0;0
2512;CO;07-12-2025;23;91;667;07-12-2025 22:30;ELTORO-3;0;1;0;0;0;0;0;1;0;0
2512;CO;07-12-2025;23;92;668;07-12-2025 22:45;ELTORO-3;0;1;0;0;0;0;0;1;0;0
2512;CO;07-12-2025;24;93;669;07-12-2025 23:00;ELTORO-3;0;1;0;0;0;0;0;1;0;0
2512;CO;07-12-2025;24;94;670;07-12-2025 23:15;ELTORO-3;0;1;0;0;0;0;0;1;0;0
2512;CO;07-12-2025;24;95;671;07-12-2025 23:30;ELTORO-3;0;1;0;0;0;0;0;1;0;0
2512;CO;07-12-2025;24;96;672;07-12-2025 23:45;ELTORO-3;0;1;0;0;0;0;0;1;0;0
2512;CO;08-12-2025;1;1;673;08-12-2025 0:00;ELTORO-3;0;1;0;0;0;0;0;1;0;0
2512;CO;08-12-2025;1;2;674;08-12-2025 0:15;ELTORO-3;0;1;0;0;0;0;0;1;0;0
2512;CO;08-12-2025;1;3;675;08-12-2025 0:30;ELTORO-3;0;1;0;0;0;0;0;1;0;0
2512;CO;08-12-2025;1;4;676;08-12-2025 0:45;ELTORO-3;0;1;0;0;0;0;0;1;0;0
2512;CO;08-12-2025;2;5;677;08-12-2025 1:00;ELTORO-3;0;1;0;0;0;0;0;1;0;0
2512;CO;08-12-2025;2;6;678;08-12-2025 1:15;ELTORO-3;0;1;0;0;0;0;0;1;0;0
2512;CO;08-12-2025;2;7;679;08-12-2025 1:30;ELTORO-3;0;1;0;0;0;0;0;1;0;0
2512;CO;08-12-2025;2;8;680;08-12-2025 1:45;ELTORO-3;0;1;0;0;0;0;0;1;0;0
2512;CO;08-12-2025;3;9;681;08-12-2025 2:00;ELTORO-3;0;1;0;0;0;0;0;1;0;0
2512;CO;08-12-2025;3;10;682;08-12-2025 2:15;ELTORO-3;0;1;0;0;0;0;0;1;0;0
2512;CO;08-12-2025;6;22;694;08-12-2025 5:15;ELTORO-3;0;1;0;0;0;0;0;1;0;0
2512;CO;08-12-2025;6;23;695;08-12-2025 5:30;ELTORO-3;0;1;0;0;0;0;0;1;0;0
2512;CO;08-12-2025;6;24;696;08-12-2025 5:45;ELTORO-3;0;1;0;0;0;0;0;1;0;0
2512;CO;08-12-2025;7;25;697;08-12-2025 6:00;ELTORO-3;0;1;0;0;0;0;0;1;0;0
2512;CO;08-12-2025;7;26;698;08-12-2025 6:15;ELTORO-3;0;1;0;0;0;0;0;1;0;0
2512;CO;08-12-2025;7;27;699;08-12-2025 6:30;ELTORO-3;0;1;0;0;0;0;0;1;0;0
2512;CO;08-12-2025;7;28;700;08-12-2025 6:45;ELTORO-3;0;1;0;0;0;0;0;1;0;0
2512;CO;08-12-2025;20;79;751;08-12-2025 19:30;ELTORO-3;0;1;0;0;0;0;0;1;0;0
2512;CO;08-12-2025;20;80;752;08-12-2025 19:45;ELTORO-3;0;1;0;0;0;0;0;1;0;0
2512;CO;08-12-2025;21;81;753;08-12-2025 20:00;ELTORO-3;0;1;0;0;0;0;0;1;0;0
2512;CO;08-12-2025;21;82;754;08-12-2025 20:15;ELTORO-3;0;1;0;0;0;0;0;1;0;0
2512;CO;08-12-2025;21;83;755;08-12-2025 20:30;ELTORO-3;0;1;0;0;0;0;0;1;0;0
2512;CO;08-12-2025;21;84;756;08-12-2025 20:45;ELTORO-3;0;1;0;0;0;0;0;1;0;0
2512;CO;08-12-2025;22;85;757;08-12-2025 21:00;ELTORO-3;0;1;0;0;0;0;0;1;0;0
2512;CO;08-12-2025;22;86;758;08-12-2025 21:15;ELTORO-3;0;1;0;0;0;0;0;1;0;0
2512;CO;08-12-2025;22;87;759;08-12-2025 21:30;ELTORO-3;0;1;0;0;0;0;0;1;0;0
2512;CO;08-12-2025;22;88;760;08-12-2025 21:45;ELTORO-3;0;1;0;0;0;0;0;1;0;0
2512;CO;08-12-2025;23;89;761;08-12-2025 22:00;ELTORO-3;0;1;0;0;0;0;0;1;0;0
2512;CO;08-12-2025;23;90;762;08-12-2025 22:15;ELTORO-3;0;1;0;0;0;0;0;1;0;0
2512;CO;08-12-2025;23;91;763;08-12-2025 22:30;ELTORO-3;0;1;0;0;0;0;0;1;0;0
2512;CO;08-12-2025;23;92;764;08-12-2025 22:45;ELTORO-3;0;1;0;0;0;0;0;1;0;0
2512;CO;08-12-2025;24;93;765;08-12-2025 23:00;ELTORO-3;0;1;0;0;0;0;0;1;0;0
2512;CO;08-12-2025;24;94;766;08-12-2025 23:15;ELTORO-3;0;1;0;0;0;0;0;1;0;0
2512;CO;08-12-2025;24;95;767;08-12-2025 23:30;ELTORO-3;0;1;0;0;0;0;0;1;0;0
2512;CO;08-12-2025;24;96;768;08-12-2025 23:45;ELTORO-3;0;1;0;0;0;0;0;1;0;0
2512;CO;09-12-2025;1;1;769;09-12-2025 0:00;ELTORO-3;43684.70896;1;0;0;0;0;0;1;0;0
2512;CO;09-12-2025;1;2;770;09-12-2025 0:15;ELTORO-3;42822.1355;1;0;0;0;0;0;1;0;0
2512;CO;09-12-2025;1;3;771;09-12-2025 0:30;ELTORO-3;128971.4136;1;0;0;0;0;0;1;0;0
2512;CO;09-12-2025;1;4;772;09-12-2025 0:45;ELTORO-3;327355.4818;1;0;0;0;0;0;1;0;0
2512;CO;09-12-2025;2;5;773;09-12-2025 1:00;ELTORO-3;441402.1059;1;0;0;0;0;0;1;0;0
2512;CO;09-12-2025;2;6;774;09-12-2025 1:15;ELTORO-3;439641.093;1;0;0;0;0;0;1;0;0
2512;CO;09-12-2025;2;7;775;09-12-2025 1:30;ELTORO-3;327774.8681;1;0;0;0;0;0;1;0;0
2512;CO;09-12-2025;2;8;776;09-12-2025 1:45;ELTORO-3;65413.85113;1;0;0;0;0;0;1;0;0
2512;CO;09-12-2025;3;9;777;09-12-2025 2:00;ELTORO-3;79345.50717;1;0;0;0;0;0;1;0;0
2512;CO;09-12-2025;3;10;778;09-12-2025 2:15;ELTORO-3;80282.82031;1;0;0;0;0;0;1;0;0
2512;CO;09-12-2025;3;11;779;09-12-2025 2:30;ELTORO-3;79958.36787;1;0;0;0;0;0;1;0;0
2512;CO;09-12-2025;3;12;780;09-12-2025 2:45;ELTORO-3;79706.00378;1;0;0;0;0;0;1;0;0
2512;CO;09-12-2025;4;13;781;09-12-2025 3:00;ELTORO-3;50204.7946;1;0;0;0;0;0;1;0;0
2512;CO;09-12-2025;4;14;782;09-12-2025 3:15;ELTORO-3;60405.8695;1;0;0;0;0;0;1;0;0
2512;CO;09-12-2025;4;15;783;09-12-2025 3:30;ELTORO-3;59754.9082;1;0;0;0;0;0;1;0;0
2512;CO;09-12-2025;4;16;784;09-12-2025 3:45;ELTORO-3;60465.04056;1;0;0;0;0;0;1;0;0
2512;CO;09-12-2025;5;17;785;09-12-2025 4:00;ELTORO-3;56469.20212;1;0;0;0;0;0;1;0;0
2512;CO;09-12-2025;5;18;786;09-12-2025 4:15;ELTORO-3;56391.60813;1;0;0;0;0;0;1;0;0
2512;CO;09-12-2025;5;19;787;09-12-2025 4:30;ELTORO-3;56585.55329;1;0;0;0;0;0;1;0;0
2512;CO;09-12-2025;5;20;788;09-12-2025 4:45;ELTORO-3;57089.82133;1;0;0;0;0;0;1;0;0
2512;CO;09-12-2025;6;21;789;09-12-2025 5:00;ELTORO-3;112385.9558;1;0;0;0;0;0;1;0;0
2512;CO;09-12-2025;6;22;790;09-12-2025 5:15;ELTORO-3;112535.0293;1;0;0;0;0;0;1;0;0
2512;CO;09-12-2025;6;23;791;09-12-2025 5:30;ELTORO-3;111640.7384;1;0;0;0;0;0;1;0;0
2512;CO;09-12-2025;6;24;792;09-12-2025 5:45;ELTORO-3;111976.0913;1;0;0;0;0;0;1;0;0
2512;CO;09-12-2025;7;25;793;09-12-2025 6:00;ELTORO-3;198245.7404;1;0;0;0;0;0;1;0;0
2512;CO;09-12-2025;7;26;794;09-12-2025 6:15;ELTORO-3;351179.9405;1;0;0;0;0;0;1;0;0
2512;CO;09-12-2025;7;27;795;09-12-2025 6:30;ELTORO-3;505750.3601;1;0;0;0;0;0;1;0;0
2512;CO;09-12-2025;7;28;796;09-12-2025 6:45;ELTORO-3;372657.0935;1;0;0;0;0;0;1;0;0
2512;CO;09-12-2025;8;29;797;09-12-2025 7:00;ELTORO-3;198182.9273;1;0;0;0;0;0;1;0;0
2512;CO;09-12-2025;9;33;801;09-12-2025 8:00;ELTORO-3;0;0.423153353;0.576846647;0;0;0;0;1;0;0
2512;CO;09-12-2025;9;34;802;09-12-2025 8:15;ELTORO-3;0;0.423153353;0.576846647;0;0;0;0;1;0;0
2512;CO;09-12-2025;9;35;803;09-12-2025 8:30;ELTORO-3;0;0.423153353;0.576846647;0;0;0;0;1;0;0
2512;CO;09-12-2025;9;36;804;09-12-2025 8:45;ELTORO-3;0;0.423153353;0.576846647;0;0;0;0;1;0;0
2512;CO;09-12-2025;10;37;805;09-12-2025 9:00;ELTORO-3;0;1;0;0;0;0;0;1;0;0
2512;CO;09-12-2025;10;38;806;09-12-2025 9:15;ELTORO-3;0;1;0;0;0;0;0;1;0;0
2512;CO;09-12-2025;10;39;807;09-12-2025 9:30;ELTORO-3;0;1;0;0;0;0;0;1;0;0
2512;CO;09-12-2025;10;40;808;09-12-2025 9:45;ELTORO-3;0;1;0;0;0;0;0;1;0;0
2512;CO;09-12-2025;20;79;847;09-12-2025 19:30;ELTORO-3;16319.02885;1;0;0;0;0;0;1;0;0
2512;CO;09-12-2025;20;80;848;09-12-2025 19:45;ELTORO-3;49748.68589;1;0;0;0;0;0;1;0;0
2512;CO;09-12-2025;21;81;849;09-12-2025 20:00;ELTORO-3;28206.22374;1;0;0;0;0;0;1;0;0
2512;CO;09-12-2025;21;82;850;09-12-2025 20:15;ELTORO-3;54735.91041;1;0;0;0;0;0;1;0;0
2512;CO;09-12-2025;21;83;851;09-12-2025 20:30;ELTORO-3;99408.97622;1;0;0;0;0;0;1;0;0
2512;CO;09-12-2025;21;84;852;09-12-2025 20:45;ELTORO-3;106488.1204;1;0;0;0;0;0;1;0;0
2512;CO;09-12-2025;22;85;853;09-12-2025 21:00;ELTORO-3;45253.68755;1;0;0;0;0;0;1;0;0
2512;CO;09-12-2025;22;86;854;09-12-2025 21:15;ELTORO-3;45203.89785;1;0;0;0;0;0;1;0;0
2512;CO;09-12-2025;22;87;855;09-12-2025 21:30;ELTORO-3;44990.52101;1;0;0;0;0;0;1;0;0
2512;CO;09-12-2025;22;88;856;09-12-2025 21:45;ELTORO-3;44805.59441;1;0;0;0;0;0;1;0;0
2512;CO;09-12-2025;23;89;857;09-12-2025 22:00;ELTORO-3;644071.7598;1;0;0;0;0;0;1;0;0
2512;CO;09-12-2025;23;90;858;09-12-2025 22:15;ELTORO-3;746469.7325;1;0;0;0;0;0;1;0;0
2512;CO;09-12-2025;23;91;859;09-12-2025 22:30;ELTORO-3;727150.3197;1;0;0;0;0;0;1;0;0
2512;CO;09-12-2025;23;92;860;09-12-2025 22:45;ELTORO-3;681130.0915;1;0;0;0;0;0;1;0;0
2512;CO;09-12-2025;24;93;861;09-12-2025 23:00;ELTORO-3;710377.1472;1;0;0;0;0;0;1;0;0
2512;CO;09-12-2025;24;94;862;09-12-2025 23:15;ELTORO-3;701012.0806;1;0;0;0;0;0;1;0;0
2512;CO;09-12-2025;24;95;863;09-12-2025 23:30;ELTORO-3;700020.8383;1;0;0;0;0;0;1;0;0
2512;CO;09-12-2025;24;96;864;09-12-2025 23:45;ELTORO-3;505516.2662;1;0;0;0;0;0;1;0;0
2512;CO;10-12-2025;1;1;865;10-12-2025 0:00;ELTORO-3;235344.3532;1;0;0;0;0;0;1;0;0
2512;CO;10-12-2025;1;2;866;10-12-2025 0:15;ELTORO-3;242744.5854;1;0;0;0;0;0;1;0;0
2512;CO;10-12-2025;1;3;867;10-12-2025 0:30;ELTORO-3;245317.8715;1;0;0;0;0;0;1;0;0
2512;CO;10-12-2025;1;4;868;10-12-2025 0:45;ELTORO-3;388763.1767;1;0;0;0;0;0;1;0;0
2512;CO;10-12-2025;2;5;869;10-12-2025 1:00;ELTORO-3;649849.7231;1;0;0;0;0;0;1;0;0
2512;CO;10-12-2025;2;6;870;10-12-2025 1:15;ELTORO-3;652116.4517;1;0;0;0;0;0;1;0;0
2512;CO;10-12-2025;2;7;871;10-12-2025 1:30;ELTORO-3;651157.4444;1;0;0;0;0;0;1;0;0
2512;CO;10-12-2025;2;8;872;10-12-2025 1:45;ELTORO-3;653075.459;1;0;0;0;0;0;1;0;0
2512;CO;10-12-2025;3;9;873;10-12-2025 2:00;ELTORO-3;520563.4179;1;0;0;0;0;0;1;0;0
2512;CO;10-12-2025;3;10;874;10-12-2025 2:15;ELTORO-3;387120.9706;1;0;0;0;0;0;1;0;0
2512;CO;10-12-2025;3;11;875;10-12-2025 2:30;ELTORO-3;276977.3882;1;0;0;0;0;0;1;0;0
2512;CO;10-12-2025;3;12;876;10-12-2025 2:45;ELTORO-3;436201.3495;1;0;0;0;0;0;1;0;0
2512;CO;10-12-2025;4;13;877;10-12-2025 3:00;ELTORO-3;688416.3643;1;0;0;0;0;0;1;0;0
2512;CO;10-12-2025;4;14;878;10-12-2025 3:15;ELTORO-3;688416.3643;1;0;0;0;0;0;1;0;0
2512;CO;10-12-2025;4;15;879;10-12-2025 3:30;ELTORO-3;686910.0763;1;0;0;0;0;0;1;0;0
2512;CO;10-12-2025;4;16;880;10-12-2025 3:45;ELTORO-3;686627.6473;1;0;0;0;0;0;1;0;0
2512;CO;10-12-2025;5;17;881;10-12-2025 4:00;ELTORO-3;348648.3802;1;0;0;0;0;0;1;0;0
2512;CO;10-12-2025;5;18;882;10-12-2025 4:15;ELTORO-3;348590.6616;1;0;0;0;0;0;1;0;0
2512;CO;10-12-2025;5;19;883;10-12-2025 4:30;ELTORO-3;350899.4065;1;0;0;0;0;0;1;0;0
2512;CO;10-12-2025;5;20;884;10-12-2025 4:45;ELTORO-3;448975.3018;1;0;0;0;0;0;1;0;0
2512;CO;10-12-2025;6;21;885;10-12-2025 5:00;ELTORO-3;567604.2593;1;0;0;0;0;0;1;0;0
2512;CO;10-12-2025;6;22;886;10-12-2025 5:15;ELTORO-3;575941.0992;1;0;0;0;0;0;1;0;0
2512;CO;10-12-2025;6;23;887;10-12-2025 5:30;ELTORO-3;623753.5843;1;0;0;0;0;0;1;0;0
2512;CO;10-12-2025;6;24;888;10-12-2025 5:45;ELTORO-3;654179.5399;1;0;0;0;0;0;1;0;0
2512;CO;10-12-2025;7;25;889;10-12-2025 6:00;ELTORO-3;821259.0141;1;0;0;0;0;0;1;0;0
2512;CO;10-12-2025;7;26;890;10-12-2025 6:15;ELTORO-3;820330.468;1;0;0;0;0;0;1;0;0
2512;CO;10-12-2025;7;27;891;10-12-2025 6:30;ELTORO-3;796829.1641;1;0;0;0;0;0;1;0;0
2512;CO;10-12-2025;7;28;892;10-12-2025 6:45;ELTORO-3;678166.7352;1;0;0;0;0;0;1;0;0
2512;CO;10-12-2025;8;29;893;10-12-2025 7:00;ELTORO-3;978857.2054;0.625456315;0.374543685;0;0;0;0;1;0;0
2512;CO;10-12-2025;8;30;894;10-12-2025 7:15;ELTORO-3;203662.5067;0.625456315;0.374543685;0;0;0;0;1;0;0
2512;CO;10-12-2025;8;31;895;10-12-2025 7:30;ELTORO-3;101702.2061;0.625456315;0.374543685;0;0;0;0;1;0;0
2512;CO;10-12-2025;9;34;898;10-12-2025 8:15;ELTORO-3;0;1;0;0;0;0;0;1;0;0
2512;CO;10-12-2025;9;35;899;10-12-2025 8:30;ELTORO-3;0;1;0;0;0;0;0;1;0;0
2512;CO;10-12-2025;9;36;900;10-12-2025 8:45;ELTORO-3;0;1;0;0;0;0;0;1;0;0
2512;CO;10-12-2025;10;37;901;10-12-2025 9:00;ELTORO-3;0;0.423585897;0.576414103;0;0;0;0;1;0;0
2512;CO;10-12-2025;10;38;902;10-12-2025 9:15;ELTORO-3;0;0.423585897;0.576414103;0;0;0;0;1;0;0
2512;CO;10-12-2025;10;39;903;10-12-2025 9:30;ELTORO-3;0;0.423585897;0.576414103;0;0;0;0;1;0;0
2512;CO;10-12-2025;10;40;904;10-12-2025 9:45;ELTORO-3;0;0.423585897;0.576414103;0;0;0;0;1;0;0
2512;CO;10-12-2025;11;41;905;10-12-2025 10:00;ELTORO-3;28881.96703;1;0;0;0;0;0;1;0;0
2512;CO;10-12-2025;11;42;906;10-12-2025 10:15;ELTORO-3;21532.96707;1;0;0;0;0;0;1;0;0
2512;CO;10-12-2025;11;43;907;10-12-2025 10:30;ELTORO-3;23054.59242;1;0;0;0;0;0;1;0;0
2512;CO;10-12-2025;11;44;908;10-12-2025 10:45;ELTORO-3;22198.69617;1;0;0;0;0;0;1;0;0
2512;CO;10-12-2025;12;45;909;10-12-2025 11:00;ELTORO-3;0;0.460711703;0.539288297;0;0;0;0;1;0;0
2512;CO;10-12-2025;12;46;910;10-12-2025 11:15;ELTORO-3;0;0.460711703;0.539288297;0;0;0;0;1;0;0
2512;CO;10-12-2025;12;47;911;10-12-2025 11:30;ELTORO-3;0;0.460711703;0.539288297;0;0;0;0;1;0;0
2512;CO;10-12-2025;12;48;912;10-12-2025 11:45;ELTORO-3;0;0.460711703;0.539288297;0;0;0;0;1;0;0
2512;CO;10-12-2025;14;55;919;10-12-2025 13:30;ELTORO-3;0;0.497900668;0.502099332;0;0;0;0;1;0;0
2512;CO;10-12-2025;14;56;920;10-12-2025 13:45;ELTORO-3;0;0.497900668;0.502099332;0;0;0;0;1;0;0
2512;CO;10-12-2025;15;57;921;10-12-2025 14:00;ELTORO-3;70052.97157;0.483216978;0.516783022;0;0;0;0;1;0;0
2512;CO;10-12-2025;16;61;925;10-12-2025 15:00;ELTORO-3;36984.56166;1;0;0;0;0;0;1;0;0
2512;CO;10-12-2025;16;62;926;10-12-2025 15:15;ELTORO-3;37780.58674;1;0;0;0;0;0;1;0;0
2512;CO;10-12-2025;16;63;927;10-12-2025 15:30;ELTORO-3;40939.81596;1;0;0;0;0;0;1;0;0
2512;CO;10-12-2025;16;64;928;10-12-2025 15:45;ELTORO-3;34366.06474;1;0;0;0;0;0;1;0;0
2512;CO;10-12-2025;17;65;929;10-12-2025 16:00;ELTORO-3;20676.00355;1;0;0;0;0;0;1;0;0
2512;CO;10-12-2025;17;66;930;10-12-2025 16:15;ELTORO-3;19034.1616;1;0;0;0;0;0;1;0;0
2512;CO;10-12-2025;17;67;931;10-12-2025 16:30;ELTORO-3;19479.79921;1;0;0;0;0;0;1;0;0
2512;CO;10-12-2025;17;68;932;10-12-2025 16:45;ELTORO-3;18518.14372;1;0;0;0;0;0;1;0;0
2512;CO;10-12-2025;18;69;933;10-12-2025 17:00;ELTORO-3;0;1;0;0;0;0;0;1;0;0
2512;CO;10-12-2025;18;70;934;10-12-2025 17:15;ELTORO-3;0;1;0;0;0;0;0;1;0;0
2512;CO;10-12-2025;18;71;935;10-12-2025 17:30;ELTORO-3;0;1;0;0;0;0;0;1;0;0
2512;CO;10-12-2025;18;72;936;10-12-2025 17:45;ELTORO-3;0;1;0;0;0;0;0;1;0;0
2512;CO;10-12-2025;19;73;937;10-12-2025 18:00;ELTORO-3;60717.73992;1;0;0;0;0;0;1;0;0
2512;CO;10-12-2025;19;74;938;10-12-2025 18:15;ELTORO-3;60299.30768;1;0;0;0;0;0;1;0;0
2512;CO;10-12-2025;19;75;939;10-12-2025 18:30;ELTORO-3;59927.32746;1;0;0;0;0;0;1;0;0
2512;CO;10-12-2025;19;76;940;10-12-2025 18:45;ELTORO-3;60578.27985;1;0;0;0;0;0;1;0;0
2512;CO;10-12-2025;20;77;941;10-12-2025 19:00;ELTORO-3;0;0.696035405;0.303964595;0;0;0;0;1;0;0
2512;CO;10-12-2025;20;78;942;10-12-2025 19:15;ELTORO-3;0;0.696035405;0.303964595;0;0;0;0;1;0;0
2512;CO;10-12-2025;20;79;943;10-12-2025 19:30;ELTORO-3;0;0.696035405;0.303964595;0;0;0;0;1;0;0
2512;CO;10-12-2025;20;80;944;10-12-2025 19:45;ELTORO-3;0;0.696035405;0.303964595;0;0;0;0;1;0;0
2512;CO;10-12-2025;21;81;945;10-12-2025 20:00;ELTORO-3;216745.8849;1;0;0;0;0;0;1;0;0
2512;CO;10-12-2025;21;82;946;10-12-2025 20:15;ELTORO-3;215412.7879;1;0;0;0;0;0;1;0;0
2512;CO;10-12-2025;21;83;947;10-12-2025 20:30;ELTORO-3;140230.7579;1;0;0;0;0;0;1;0;0
2512;CO;10-12-2025;21;84;948;10-12-2025 20:45;ELTORO-3;138768.9827;1;0;0;0;0;0;1;0;0
2512;CO;10-12-2025;22;85;949;10-12-2025 21:00;ELTORO-3;126131.6381;1;0;0;0;0;0;1;0;0
2512;CO;10-12-2025;22;86;950;10-12-2025 21:15;ELTORO-3;127245.9077;1;0;0;0;0;0;1;0;0
2512;CO;10-12-2025;22;87;951;10-12-2025 21:30;ELTORO-3;127531.6097;1;0;0;0;0;0;1;0;0
2512;CO;10-12-2025;22;88;952;10-12-2025 21:45;ELTORO-3;127445.9036;1;0;0;0;0;0;1;0;0
2512;CO;10-12-2025;23;89;953;10-12-2025 22:00;ELTORO-3;87234.14639;1;0;0;0;0;0;1;0;0
2512;CO;10-12-2025;23;90;954;10-12-2025 22:15;ELTORO-3;55723.04938;1;0;0;0;0;0;1;0;0
2512;CO;10-12-2025;23;91;955;10-12-2025 22:30;ELTORO-3;47167.33519;1;0;0;0;0;0;1;0;0
2512;CO;10-12-2025;23;92;956;10-12-2025 22:45;ELTORO-3;47024.57848;1;0;0;0;0;0;1;0;0
2512;CO;10-12-2025;24;93;957;10-12-2025 23:00;ELTORO-3;106221.2311;1;0;0;0;0;0;1;0;0
2512;CO;10-12-2025;24;94;958;10-12-2025 23:15;ELTORO-3;178447.4222;1;0;0;0;0;0;1;0;0
2512;CO;10-12-2025;24;95;959;10-12-2025 23:30;ELTORO-3;110549.4717;1;0;0;0;0;0;1;0;0
2512;CO;10-12-2025;24;96;960;10-12-2025 23:45;ELTORO-3;92015.03371;1;0;0;0;0;0;1;0;0
2512;CO;11-12-2025;1;1;961;11-12-2025 0:00;ELTORO-3;186536.8321;1;0;0;0;0;0;1;0;0
2512;CO;11-12-2025;1;2;962;11-12-2025 0:15;ELTORO-3;185711.6701;1;0;0;0;0;0;1;0;0
2512;CO;11-12-2025;1;3;963;11-12-2025 0:30;ELTORO-3;185427.1274;1;0;0;0;0;0;1;0;0
2512;CO;11-12-2025;1;4;964;11-12-2025 0:45;ELTORO-3;184715.7706;1;0;0;0;0;0;1;0;0
2512;CO;11-12-2025;2;5;965;11-12-2025 1:00;ELTORO-3;91262.38395;1;0;0;0;0;0;1;0;0
2512;CO;11-12-2025;2;6;966;11-12-2025 1:15;ELTORO-3;90166.91235;1;0;0;0;0;0;1;0;0
2512;CO;11-12-2025;2;7;967;11-12-2025 1:30;ELTORO-3;90038.84431;1;0;0;0;0;0;1;0;0
2512;CO;11-12-2025;2;8;968;11-12-2025 1:45;ELTORO-3;89740.09828;1;0;0;0;0;0;1;0;0
2512;CO;11-12-2025;3;9;969;11-12-2025 2:00;ELTORO-3;197268.7534;1;0;0;0;0;0;1;0;0
2512;CO;11-12-2025;3;10;970;11-12-2025 2:15;ELTORO-3;197590.9519;1;0;0;0;0;0;1;0;0
2512;CO;11-12-2025;3;11;971;11-12-2025 2:30;ELTORO-3;209674.7992;1;0;0;0;0;0;1;0;0
2512;CO;11-12-2025;3;12;972;11-12-2025 2:45;ELTORO-3;259320.3421;1;0;0;0;0;0;1;0;0
2512;CO;11-12-2025;4;13;973;11-12-2025 3:00;ELTORO-3;307696.8297;1;0;0;0;0;0;1;0;0
2512;CO;11-12-2025;4;14;974;11-12-2025 3:15;ELTORO-3;218378.3253;1;0;0;0;0;0;1;0;0
2512;CO;11-12-2025;4;15;975;11-12-2025 3:30;ELTORO-3;219087.8276;1;0;0;0;0;0;1;0;0
2512;CO;11-12-2025;4;16;976;11-12-2025 3:45;ELTORO-3;219990.8571;1;0;0;0;0;0;1;0;0
2512;CO;11-12-2025;5;19;979;11-12-2025 4:30;ELTORO-3;472.940378;1;0;0;0;0;0;1;0;0
2512;CO;11-12-2025;5;20;980;11-12-2025 4:45;ELTORO-3;899.3304384;1;0;0;0;0;0;1;0;0
2512;CO;11-12-2025;6;21;981;11-12-2025 5:00;ELTORO-3;1196.517074;1;0;0;0;0;0;1;0;0
2512;CO;11-12-2025;6;22;982;11-12-2025 5:15;ELTORO-3;1876.234122;1;0;0;0;0;0;1;0;0
2512;CO;11-12-2025;6;23;983;11-12-2025 5:30;ELTORO-3;1800.693926;1;0;0;0;0;0;1;0;0
2512;CO;11-12-2025;6;24;984;11-12-2025 5:45;ELTORO-3;1498.581381;1;0;0;0;0;0;1;0;0
2512;CO;11-12-2025;7;25;985;11-12-2025 6:00;ELTORO-3;2645.561534;1;0;0;0;0;0;1;0;0
2512;CO;11-12-2025;7;26;986;11-12-2025 6:15;ELTORO-3;3223.659671;1;0;0;0;0;0;1;0;0
2512;CO;11-12-2025;7;27;987;11-12-2025 6:30;ELTORO-3;3165.83878;1;0;0;0;0;0;1;0;0
2512;CO;11-12-2025;7;28;988;11-12-2025 6:45;ELTORO-3;2645.561534;1;0;0;0;0;0;1;0;0
2512;CO;11-12-2025;8;29;989;11-12-2025 7:00;ELTORO-3;108807.8064;1;0;0;0;0;0;1;0;0
2512;CO;11-12-2025;9;33;993;11-12-2025 8:00;ELTORO-3;8012.23538;1;0;0;0;0;0;1;0;0
2512;CO;11-12-2025;9;34;994;11-12-2025 8:15;ELTORO-3;127106.4235;1;0;0;0;0;0;1;0;0
2512;CO;11-12-2025;9;35;995;11-12-2025 8:30;ELTORO-3;276536.3563;1;0;0;0;0;0;1;0;0
2512;CO;11-12-2025;9;36;996;11-12-2025 8:45;ELTORO-3;341511.6679;1;0;0;0;0;0;1;0;0
2512;CO;11-12-2025;10;37;997;11-12-2025 9:00;ELTORO-3;882055.738;1;0;0;0;0;0;1;0;0
2512;CO;11-12-2025;10;38;998;11-12-2025 9:15;ELTORO-3;881338.4153;1;0;0;0;0;0;1;0;0
2512;CO;11-12-2025;10;39;999;11-12-2025 9:30;ELTORO-3;883251.276;1;0;0;0;0;0;1;0;0
2512;CO;11-12-2025;10;40;1000;11-12-2025 9:45;ELTORO-3;856751.3614;1;0;0;0;0;0;1;0;0
2512;CO;11-12-2025;11;41;1001;11-12-2025 10:00;ELTORO-3;1976373.616;0.411702897;0.588297103;0;0;0;0;1;0;0
2512;CO;11-12-2025;11;42;1002;11-12-2025 10:15;ELTORO-3;1990659.68;0.411702897;0.588297103;0;0;0;0;1;0;0
2512;CO;11-12-2025;11;43;1003;11-12-2025 10:30;ELTORO-3;865301.4181;0.411702897;0.588297103;0;0;0;0;1;0;0
2512;CO;11-12-2025;11;44;1004;11-12-2025 10:45;ELTORO-3;696070.403;0.411702897;0.588297103;0;0;0;0;1;0;0
2512;CO;11-12-2025;12;45;1005;11-12-2025 11:00;ELTORO-3;70199.86669;1;0;0;0;0;0;1;0;0
2512;CO;11-12-2025;13;49;1009;11-12-2025 12:00;ELTORO-3;68.71992552;1;0;0;0;0;0;1;0;0
2512;CO;11-12-2025;13;50;1010;11-12-2025 12:15;ELTORO-3;137.9785042;1;0;0;0;0;0;1;0;0
2512;CO;11-12-2025;13;51;1011;11-12-2025 12:30;ELTORO-3;415.0592701;1;0;0;0;0;0;1;0;0
2512;CO;11-12-2025;14;53;1013;11-12-2025 13:00;ELTORO-3;302.6764179;1;0;0;0;0;0;1;0;0
2512;CO;11-12-2025;14;55;1015;11-12-2025 13:30;ELTORO-3;454.2546696;1;0;0;0;0;0;1;0;0
2512;CO;11-12-2025;14;56;1016;11-12-2025 13:45;ELTORO-3;852.1237593;1;0;0;0;0;0;1;0;0
2512;CO;11-12-2025;15;57;1017;11-12-2025 14:00;ELTORO-3;630.7873733;1;0;0;0;0;0;1;0;0
2512;CO;11-12-2025;15;58;1018;11-12-2025 14:15;ELTORO-3;753.9447029;1;0;0;0;0;0;1;0;0
2512;CO;11-12-2025;15;59;1019;11-12-2025 14:30;ELTORO-3;369.081919;1;0;0;0;0;0;1;0;0
2512;CO;11-12-2025;15;60;1020;11-12-2025 14:45;ELTORO-3;753.9447029;1;0;0;0;0;0;1;0;0
2512;CO;11-12-2025;16;61;1021;11-12-2025 15:00;ELTORO-3;0;0.622118846;0.377881154;0;0;0;0;1;0;0
2512;CO;11-12-2025;16;62;1022;11-12-2025 15:15;ELTORO-3;0;0.622118846;0.377881154;0;0;0;0;1;0;0
2512;CO;11-12-2025;16;63;1023;11-12-2025 15:30;ELTORO-3;0;0.622118846;0.377881154;0;0;0;0;1;0;0
2512;CO;11-12-2025;16;64;1024;11-12-2025 15:45;ELTORO-3;0;0.622118846;0.377881154;0;0;0;0;1;0;0
2512;CO;11-12-2025;17;65;1025;11-12-2025 16:00;ELTORO-3;125198.2677;1;0;0;0;0;0;1;0;0
2512;CO;11-12-2025;18;69;1029;11-12-2025 17:00;ELTORO-3;0;1;0;0;0;0;0;1;0;0
2512;CO;11-12-2025;18;70;1030;11-12-2025 17:15;ELTORO-3;0;1;0;0;0;0;0;1;0;0
2512;CO;11-12-2025;18;71;1031;11-12-2025 17:30;ELTORO-3;0;1;0;0;0;0;0;1;0;0
2512;CO;11-12-2025;20;79;1039;11-12-2025 19:30;ELTORO-3;57711.71547;1;0;0;0;0;0;1;0;0
2512;CO;11-12-2025;20;80;1040;11-12-2025 19:45;ELTORO-3;79359.40141;1;0;0;0;0;0;1;0;0
2512;CO;11-12-2025;21;81;1041;11-12-2025 20:00;ELTORO-3;257068.2504;0.75396483;0.24603517;0;0;0;0;1;0;0
2512;CO;11-12-2025;21;82;1042;11-12-2025 20:15;ELTORO-3;30254.2555;0.75396483;0.24603517;0;0;0;0;1;0;0
2512;CO;11-12-2025;21;83;1043;11-12-2025 20:30;ELTORO-3;6422.801523;0.75396483;0.24603517;0;0;0;0;1;0;0
2512;CO;11-12-2025;22;85;1045;11-12-2025 21:00;ELTORO-3;36994.5967;1;0;0;0;0;0;1;0;0
2512;CO;11-12-2025;22;86;1046;11-12-2025 21:15;ELTORO-3;108365.9616;1;0;0;0;0;0;1;0;0
2512;CO;11-12-2025;22;87;1047;11-12-2025 21:30;ELTORO-3;109288.0277;1;0;0;0;0;0;1;0;0
2512;CO;11-12-2025;22;88;1048;11-12-2025 21:45;ELTORO-3;65915.6185;1;0;0;0;0;0;1;0;0
2512;CO;11-12-2025;23;89;1049;11-12-2025 22:00;ELTORO-3;27673.96333;1;0;0;0;0;0;1;0;0
2512;CO;11-12-2025;23;90;1050;11-12-2025 22:15;ELTORO-3;1152.164266;1;0;0;0;0;0;1;0;0
2512;CO;11-12-2025;23;91;1051;11-12-2025 22:30;ELTORO-3;1478.907205;1;0;0;0;0;0;1;0;0
2512;CO;11-12-2025;23;92;1052;11-12-2025 22:45;ELTORO-3;1730.251684;1;0;0;0;0;0;1;0;0
2512;CO;11-12-2025;24;93;1053;11-12-2025 23:00;ELTORO-3;51791.38425;1;0;0;0;0;0;1;0;0
2512;CO;11-12-2025;24;94;1054;11-12-2025 23:15;ELTORO-3;98610.53183;1;0;0;0;0;0;1;0;0
2512;CO;11-12-2025;24;95;1055;11-12-2025 23:30;ELTORO-3;46614.9031;1;0;0;0;0;0;1;0;0
2512;CO;11-12-2025;24;96;1056;11-12-2025 23:45;ELTORO-3;11293.97664;1;0;0;0;0;0;1;0;0
2512;CO;12-12-2025;3;9;1065;12-12-2025 2:00;ELTORO-3;13100.08469;1;0;0;0;0;0;1;0;0
2512;CO;12-12-2025;3;10;1066;12-12-2025 2:15;ELTORO-3;11330.22397;1;0;0;0;0;0;1;0;0
2512;CO;12-12-2025;3;11;1067;12-12-2025 2:30;ELTORO-3;11470.72277;1;0;0;0;0;0;1;0;0
2512;CO;12-12-2025;3;12;1068;12-12-2025 2:45;ELTORO-3;13269.45928;1;0;0;0;0;0;1;0;0
2512;CO;12-12-2025;4;13;1069;12-12-2025 3:00;ELTORO-3;10617.82419;1;0;0;0;0;0;1;0;0
2512;CO;12-12-2025;4;16;1072;12-12-2025 3:45;ELTORO-3;10134.17835;1;0;0;0;0;0;1;0;0
2512;CO;12-12-2025;5;17;1073;12-12-2025 4:00;ELTORO-3;8642.586904;1;0;0;0;0;0;1;0;0
2512;CO;12-12-2025;5;18;1074;12-12-2025 4:15;ELTORO-3;8677.492542;1;0;0;0;0;0;1;0;0
2512;CO;12-12-2025;6;22;1078;12-12-2025 5:15;ELTORO-3;8469.718818;1;0;0;0;0;0;1;0;0
2512;CO;12-12-2025;6;23;1079;12-12-2025 5:30;ELTORO-3;8864.956279;1;0;0;0;0;0;1;0;0
2512;CO;12-12-2025;6;24;1080;12-12-2025 5:45;ELTORO-3;8921.421997;1;0;0;0;0;0;1;0;0
2512;CO;12-12-2025;7;25;1081;12-12-2025 6:00;ELTORO-3;49657.09845;1;0;0;0;0;0;1;0;0
2512;CO;12-12-2025;7;26;1082;12-12-2025 6:15;ELTORO-3;49487.98982;1;0;0;0;0;0;1;0;0
2512;CO;12-12-2025;7;27;1083;12-12-2025 6:30;ELTORO-3;64150.57538;1;0;0;0;0;0;1;0;0
2512;CO;12-12-2025;7;28;1084;12-12-2025 6:45;ELTORO-3;64044.98104;1;0;0;0;0;0;1;0;0
2512;CO;12-12-2025;20;80;1136;12-12-2025 19:45;ELTORO-3;0;1;0;0;0;0;0;1;0;0
2512;CO;12-12-2025;21;81;1137;12-12-2025 20:00;ELTORO-3;8749.797424;0.918537541;0.081462459;0;0;0;0;1;0;0
2512;CO;12-12-2025;22;86;1142;12-12-2025 21:15;ELTORO-3;6272.341674;1;0;0;0;0;0;1;0;0
2512;CO;12-12-2025;22;87;1143;12-12-2025 21:30;ELTORO-3;12225.39103;1;0;0;0;0;0;1;0;0
2512;CO;12-12-2025;22;88;1144;12-12-2025 21:45;ELTORO-3;11195.39898;1;0;0;0;0;0;1;0;0
2512;CO;12-12-2025;23;89;1145;12-12-2025 22:00;ELTORO-3;6740.07052;1;0;0;0;0;0;1;0;0
2512;CO;12-12-2025;23;91;1147;12-12-2025 22:30;ELTORO-3;5526.429825;1;0;0;0;0;0;1;0;0
2512;CO;12-12-2025;23;92;1148;12-12-2025 22:45;ELTORO-3;13350.69134;1;0;0;0;0;0;1;0;0
2512;CO;12-12-2025;24;93;1149;12-12-2025 23:00;ELTORO-3;10434.29427;1;0;0;0;0;0;1;0;0
2512;CO;12-12-2025;24;94;1150;12-12-2025 23:15;ELTORO-3;9639.509348;1;0;0;0;0;0;1;0;0
2512;CO;12-12-2025;24;95;1151;12-12-2025 23:30;ELTORO-3;100005.0446;1;0;0;0;0;0;1;0;0
2512;CO;12-12-2025;24;96;1152;12-12-2025 23:45;ELTORO-3;235017.0407;1;0;0;0;0;0;1;0;0
2512;CO;13-12-2025;1;1;1153;13-12-2025 0:00;ELTORO-3;388776.7271;1;0;0;0;0;0;1;0;0
2512;CO;13-12-2025;1;2;1154;13-12-2025 0:15;ELTORO-3;322832.53;1;0;0;0;0;0;1;0;0
2512;CO;13-12-2025;1;3;1155;13-12-2025 0:30;ELTORO-3;192723.835;1;0;0;0;0;0;1;0;0
2512;CO;13-12-2025;1;4;1156;13-12-2025 0:45;ELTORO-3;192226.8188;1;0;0;0;0;0;1;0;0
2512;CO;13-12-2025;2;5;1157;13-12-2025 1:00;ELTORO-3;220705.8754;1;0;0;0;0;0;1;0;0
2512;CO;13-12-2025;2;6;1158;13-12-2025 1:15;ELTORO-3;219074.9881;1;0;0;0;0;0;1;0;0
2512;CO;13-12-2025;2;7;1159;13-12-2025 1:30;ELTORO-3;219862.3313;1;0;0;0;0;0;1;0;0
2512;CO;13-12-2025;2;8;1160;13-12-2025 1:45;ELTORO-3;220593.3557;1;0;0;0;0;0;1;0;0
2512;CO;13-12-2025;3;9;1161;13-12-2025 2:00;ELTORO-3;57247.0722;1;0;0;0;0;0;1;0;0
2512;CO;13-12-2025;3;10;1162;13-12-2025 2:15;ELTORO-3;49521.62915;1;0;0;0;0;0;1;0;0
2512;CO;13-12-2025;3;11;1163;13-12-2025 2:30;ELTORO-3;78713.56416;1;0;0;0;0;0;1;0;0
2512;CO;13-12-2025;3;12;1164;13-12-2025 2:45;ELTORO-3;140229.0771;1;0;0;0;0;0;1;0;0
2512;CO;13-12-2025;4;13;1165;13-12-2025 3:00;ELTORO-3;372633.1035;1;0;0;0;0;0;1;0;0
2512;CO;13-12-2025;4;14;1166;13-12-2025 3:15;ELTORO-3;372231.4083;1;0;0;0;0;0;1;0;0
2512;CO;13-12-2025;4;15;1167;13-12-2025 3:30;ELTORO-3;372900.9003;1;0;0;0;0;0;1;0;0
2512;CO;13-12-2025;4;16;1168;13-12-2025 3:45;ELTORO-3;372900.9003;1;0;0;0;0;0;1;0;0
2512;CO;13-12-2025;5;17;1169;13-12-2025 4:00;ELTORO-3;152161.5934;1;0;0;0;0;0;1;0;0
2512;CO;13-12-2025;5;18;1170;13-12-2025 4:15;ELTORO-3;67808.63939;1;0;0;0;0;0;1;0;0
2512;CO;13-12-2025;5;19;1171;13-12-2025 4:30;ELTORO-3;68287.44772;1;0;0;0;0;0;1;0;0
2512;CO;13-12-2025;5;20;1172;13-12-2025 4:45;ELTORO-3;67919.11368;1;0;0;0;0;0;1;0;0
2512;CO;13-12-2025;6;21;1173;13-12-2025 5:00;ELTORO-3;9746.613845;1;0;0;0;0;0;1;0;0
2512;CO;13-12-2025;7;25;1177;13-12-2025 6:00;ELTORO-3;44600.27712;1;0;0;0;0;0;1;0;0
2512;CO;13-12-2025;7;26;1178;13-12-2025 6:15;ELTORO-3;55027.77239;1;0;0;0;0;0;1;0;0
2512;CO;13-12-2025;7;27;1179;13-12-2025 6:30;ELTORO-3;119217.5481;1;0;0;0;0;0;1;0;0
2512;CO;13-12-2025;7;28;1180;13-12-2025 6:45;ELTORO-3;59042.71713;1;0;0;0;0;0;1;0;0
2512;CO;13-12-2025;20;80;1232;13-12-2025 19:45;ELTORO-3;0;0.656890352;0.343109648;0;0;0;0;1;0;0
2512;CO;13-12-2025;21;81;1233;13-12-2025 20:00;ELTORO-3;0;1;0;0;0;0;0;1;0;0
2512;CO;13-12-2025;22;87;1239;13-12-2025 21:30;ELTORO-3;15779.78085;1;0;0;0;0;0;1;0;0
2512;CO;13-12-2025;22;88;1240;13-12-2025 21:45;ELTORO-3;16546.14765;1;0;0;0;0;0;1;0;0
2512;CO;13-12-2025;23;89;1241;13-12-2025 22:00;ELTORO-3;52331.27429;1;0;0;0;0;0;1;0;0
2512;CO;13-12-2025;23;90;1242;13-12-2025 22:15;ELTORO-3;53728.74982;1;0;0;0;0;0;1;0;0
2512;CO;13-12-2025;23;91;1243;13-12-2025 22:30;ELTORO-3;54527.30726;1;0;0;0;0;0;1;0;0
2512;CO;13-12-2025;23;92;1244;13-12-2025 22:45;ELTORO-3;54487.41402;1;0;0;0;0;0;1;0;0
2512;CO;13-12-2025;24;93;1245;13-12-2025 23:00;ELTORO-3;42005.122;1;0;0;0;0;0;1;0;0
2512;CO;13-12-2025;24;94;1246;13-12-2025 23:15;ELTORO-3;45482.90782;1;0;0;0;0;0;1;0;0
2512;CO;13-12-2025;24;95;1247;13-12-2025 23:30;ELTORO-3;50979.81799;1;0;0;0;0;0;1;0;0
2512;CO;13-12-2025;24;96;1248;13-12-2025 23:45;ELTORO-3;44296.90037;1;0;0;0;0;0;1;0;0
2512;CO;14-12-2025;2;6;1254;14-12-2025 1:15;ELTORO-3;44009.49182;1;0;0;0;0;0;1;0;0
2512;CO;14-12-2025;3;9;1257;14-12-2025 2:00;ELTORO-3;29016.08804;1;0;0;0;0;0;1;0;0
2512;CO;14-12-2025;5;17;1265;14-12-2025 4:00;ELTORO-3;29619.68018;1;0;0;0;0;0;1;0;0
2512;CO;14-12-2025;5;18;1266;14-12-2025 4:15;ELTORO-3;8812.838652;1;0;0;0;0;0;1;0;0
2512;CO;14-12-2025;6;21;1269;14-12-2025 5:00;ELTORO-3;31557.82546;1;0;0;0;0;0;1;0;0
2512;CO;14-12-2025;6;22;1270;14-12-2025 5:15;ELTORO-3;32569.78501;1;0;0;0;0;0;1;0;0
2512;CO;14-12-2025;6;23;1271;14-12-2025 5:30;ELTORO-3;33137.4886;1;0;0;0;0;0;1;0;0
2512;CO;14-12-2025;6;24;1272;14-12-2025 5:45;ELTORO-3;31508.48529;1;0;0;0;0;0;1;0;0
2512;CO;14-12-2025;7;25;1273;14-12-2025 6:00;ELTORO-3;10873.08849;1;0;0;0;0;0;1;0;0
2512;CO;14-12-2025;21;83;1331;14-12-2025 20:30;ELTORO-3;94937.44774;1;0;0;0;0;0;1;0;0
2512;CO;14-12-2025;21;84;1332;14-12-2025 20:45;ELTORO-3;93596.07715;1;0;0;0;0;0;1;0;0
2512;CO;14-12-2025;22;85;1333;14-12-2025 21:00;ELTORO-3;59038.89484;1;0;0;0;0;0;1;0;0
2512;CO;15-12-2025;2;7;1351;15-12-2025 1:30;ELTORO-3;10440.73112;1;0;0;0;0;0;1;0;0
2512;CO;15-12-2025;2;8;1352;15-12-2025 1:45;ELTORO-3;39322.33863;1;0;0;0;0;0;1;0;0
2512;CO;15-12-2025;3;9;1353;15-12-2025 2:00;ELTORO-3;44911.61623;1;0;0;0;0;0;1;0;0
2512;CO;15-12-2025;3;10;1354;15-12-2025 2:15;ELTORO-3;4518.153277;1;0;0;0;0;0;1;0;0
2512;CO;15-12-2025;5;19;1363;15-12-2025 4:30;ELTORO-3;36770.14031;1;0;0;0;0;0;1;0;0
2512;CO;15-12-2025;5;20;1364;15-12-2025 4:45;ELTORO-3;37001.21331;1;0;0;0;0;0;1;0;0
2512;CO;15-12-2025;6;21;1365;15-12-2025 5:00;ELTORO-3;59733.40117;1;0;0;0;0;0;1;0;0
2512;CO;15-12-2025;6;24;1368;15-12-2025 5:45;ELTORO-3;17974.4393;1;0;0;0;0;0;1;0;0
2512;CO;15-12-2025;7;25;1369;15-12-2025 6:00;ELTORO-3;58046.58914;1;0;0;0;0;0;1;0;0
2512;CO;15-12-2025;7;26;1370;15-12-2025 6:15;ELTORO-3;147258.3721;1;0;0;0;0;0;1;0;0
2512;CO;15-12-2025;7;27;1371;15-12-2025 6:30;ELTORO-3;261913.179;1;0;0;0;0;0;1;0;0
2512;CO;15-12-2025;7;28;1372;15-12-2025 6:45;ELTORO-3;122465.2207;1;0;0;0;0;0;1;0;0
2512;CO;15-12-2025;8;29;1373;15-12-2025 7:00;ELTORO-3;100251.0655;1;0;0;0;0;0;1;0;0
2512;CO;15-12-2025;21;81;1425;15-12-2025 20:00;ELTORO-3;16470.07094;1;0;0;0;0;0;1;0;0
2512;CO;15-12-2025;21;82;1426;15-12-2025 20:15;ELTORO-3;14891.71327;1;0;0;0;0;0;1;0;0
2512;CO;15-12-2025;21;83;1427;15-12-2025 20:30;ELTORO-3;16584.42392;1;0;0;0;0;0;1;0;0
2512;CO;15-12-2025;21;84;1428;15-12-2025 20:45;ELTORO-3;16149.82227;1;0;0;0;0;0;1;0;0
2512;CO;15-12-2025;24;93;1437;15-12-2025 23:00;ELTORO-3;2482.110016;1;0;0;0;0;0;1;0;0
2512;CO;15-12-2025;24;94;1438;15-12-2025 23:15;ELTORO-3;8369.083486;1;0;0;0;0;0;1;0;0
2512;CO;15-12-2025;24;95;1439;15-12-2025 23:30;ELTORO-3;12092.07384;1;0;0;0;0;0;1;0;0
2512;CO;15-12-2025;24;96;1440;15-12-2025 23:45;ELTORO-3;25220.20097;1;0;0;0;0;0;1;0;0
2512;CO;16-12-2025;1;1;1441;16-12-2025 0:00;ELTORO-3;413809.7813;1;0;0;0;0;0;1;0;0
2512;CO;16-12-2025;1;2;1442;16-12-2025 0:15;ELTORO-3;270530.2316;1;0;0;0;0;0;1;0;0
2512;CO;16-12-2025;4;16;1456;16-12-2025 3:45;ELTORO-3;389.7417021;1;0;0;0;0;0;1;0;0
2512;CO;16-12-2025;5;17;1457;16-12-2025 4:00;ELTORO-3;5112.035833;1;0;0;0;0;0;1;0;0
2512;CO;16-12-2025;5;18;1458;16-12-2025 4:15;ELTORO-3;5194.244531;1;0;0;0;0;0;1;0;0
2512;CO;16-12-2025;5;19;1459;16-12-2025 4:30;ELTORO-3;5235.34888;1;0;0;0;0;0;1;0;0
2512;CO;16-12-2025;5;20;1460;16-12-2025 4:45;ELTORO-3;11463.41714;1;0;0;0;0;0;1;0;0
2512;CO;16-12-2025;6;21;1461;16-12-2025 5:00;ELTORO-3;177613.0091;1;0;0;0;0;0;1;0;0
2512;CO;16-12-2025;6;22;1462;16-12-2025 5:15;ELTORO-3;177566.7527;1;0;0;0;0;0;1;0;0
2512;CO;16-12-2025;6;23;1463;16-12-2025 5:30;ELTORO-3;176456.7453;1;0;0;0;0;0;1;0;0
2512;CO;16-12-2025;6;24;1464;16-12-2025 5:45;ELTORO-3;175901.7176;1;0;0;0;0;0;1;0;0
2512;CO;16-12-2025;7;25;1465;16-12-2025 6:00;ELTORO-3;204913.8462;1;0;0;0;0;0;1;0;0
2512;CO;16-12-2025;7;26;1466;16-12-2025 6:15;ELTORO-3;202609.7146;1;0;0;0;0;0;1;0;0
2512;CO;16-12-2025;7;27;1467;16-12-2025 6:30;ELTORO-3;197504.7723;1;0;0;0;0;0;1;0;0
2512;CO;16-12-2025;7;28;1468;16-12-2025 6:45;ELTORO-3;38437.57905;1;0;0;0;0;0;1;0;0
2512;CO;16-12-2025;21;81;1521;16-12-2025 20:00;ELTORO-3;2195.818596;1;0;0;0;0;0;1;0;0
2512;CO;16-12-2025;21;82;1522;16-12-2025 20:15;ELTORO-3;13047.59898;1;0;0;0;0;0;1;0;0
2512;CO;16-12-2025;21;83;1523;16-12-2025 20:30;ELTORO-3;12852.37531;1;0;0;0;0;0;1;0;0
2512;CO;16-12-2025;21;84;1524;16-12-2025 20:45;ELTORO-3;13203.76595;1;0;0;0;0;0;1;0;0
2512;CO;16-12-2025;22;85;1525;16-12-2025 21:00;ELTORO-3;9623.484694;1;0;0;0;0;0;1;0;0
2512;CO;16-12-2025;22;86;1526;16-12-2025 21:15;ELTORO-3;11442.4058;1;0;0;0;0;0;1;0;0
2512;CO;16-12-2025;22;87;1527;16-12-2025 21:30;ELTORO-3;19743.56333;1;0;0;0;0;0;1;0;0
2512;CO;16-12-2025;22;88;1528;16-12-2025 21:45;ELTORO-3;55385.77319;1;0;0;0;0;0;1;0;0
2512;CO;16-12-2025;23;89;1529;16-12-2025 22:00;ELTORO-3;299492.8349;1;0;0;0;0;0;1;0;0
2512;CO;16-12-2025;23;90;1530;16-12-2025 22:15;ELTORO-3;300927.9636;1;0;0;0;0;0;1;0;0
2512;CO;16-12-2025;23;91;1531;16-12-2025 22:30;ELTORO-3;298835.1102;1;0;0;0;0;0;1;0;0
2512;CO;16-12-2025;23;92;1532;16-12-2025 22:45;ELTORO-3;299134.0893;1;0;0;0;0;0;1;0;0
2512;CO;16-12-2025;24;93;1533;16-12-2025 23:00;ELTORO-3;278797.839;1;0;0;0;0;0;1;0;0
2512;CO;16-12-2025;24;94;1534;16-12-2025 23:15;ELTORO-3;279580.3966;1;0;0;0;0;0;1;0;0
2512;CO;16-12-2025;24;95;1535;16-12-2025 23:30;ELTORO-3;64566.08208;1;0;0;0;0;0;1;0;0
2512;CO;16-12-2025;24;96;1536;16-12-2025 23:45;ELTORO-3;62966.38863;1;0;0;0;0;0;1;0;0
2512;CO;17-12-2025;1;1;1537;17-12-2025 0:00;ELTORO-3;0;0.800682412;0.199317588;0;0;0;0;1;0;0
2512;CO;17-12-2025;1;2;1538;17-12-2025 0:15;ELTORO-3;0;0.800682412;0.199317588;0;0;0;0;1;0;0
2512;CO;17-12-2025;1;3;1539;17-12-2025 0:30;ELTORO-3;0;0.800682412;0.199317588;0;0;0;0;1;0;0
2512;CO;17-12-2025;1;4;1540;17-12-2025 0:45;ELTORO-3;0;0.800682412;0.199317588;0;0;0;0;1;0;0
2512;CO;17-12-2025;2;5;1541;17-12-2025 1:00;ELTORO-3;4830.288893;1;0;0;0;0;0;1;0;0
2512;CO;17-12-2025;2;6;1542;17-12-2025 1:15;ELTORO-3;20760.18002;1;0;0;0;0;0;1;0;0
2512;CO;17-12-2025;2;7;1543;17-12-2025 1:30;ELTORO-3;20733.74767;1;0;0;0;0;0;1;0;0
2512;CO;17-12-2025;2;8;1544;17-12-2025 1:45;ELTORO-3;20733.74767;1;0;0;0;0;0;1;0;0
2512;CO;17-12-2025;3;9;1545;17-12-2025 2:00;ELTORO-3;49656.95773;1;0;0;0;0;0;1;0;0
2512;CO;17-12-2025;3;10;1546;17-12-2025 2:15;ELTORO-3;49688.5549;1;0;0;0;0;0;1;0;0
2512;CO;17-12-2025;3;11;1547;17-12-2025 2:30;ELTORO-3;28766.74032;1;0;0;0;0;0;1;0;0
2512;CO;17-12-2025;4;14;1550;17-12-2025 3:15;ELTORO-3;29999.85248;1;0;0;0;0;0;1;0;0
2512;CO;17-12-2025;4;15;1551;17-12-2025 3:30;ELTORO-3;31070.52745;1;0;0;0;0;0;1;0;0
2512;CO;17-12-2025;4;16;1552;17-12-2025 3:45;ELTORO-3;31353.33569;1;0;0;0;0;0;1;0;0
2512;CO;17-12-2025;5;17;1553;17-12-2025 4:00;ELTORO-3;41520.36004;1;0;0;0;0;0;1;0;0
2512;CO;17-12-2025;5;18;1554;17-12-2025 4:15;ELTORO-3;17305.53999;1;0;0;0;0;0;1;0;0
2512;CO;17-12-2025;6;23;1559;17-12-2025 5:30;ELTORO-3;14414.72289;1;0;0;0;0;0;1;0;0
2512;CO;17-12-2025;6;24;1560;17-12-2025 5:45;ELTORO-3;14506.00205;1;0;0;0;0;0;1;0;0
2512;CO;17-12-2025;7;25;1561;17-12-2025 6:00;ELTORO-3;77082.46991;1;0;0;0;0;0;1;0;0
2512;CO;17-12-2025;7;26;1562;17-12-2025 6:15;ELTORO-3;65313.58381;1;0;0;0;0;0;1;0;0
2512;CO;17-12-2025;20;79;1615;17-12-2025 19:30;ELTORO-3;0;1;0;0;0;0;0;1;0;0
2512;CO;17-12-2025;20;80;1616;17-12-2025 19:45;ELTORO-3;0;1;0;0;0;0;0;1;0;0
2512;CO;17-12-2025;21;81;1617;17-12-2025 20:00;ELTORO-3;34770.822;1;0;0;0;0;0;1;0;0
2512;CO;17-12-2025;21;82;1618;17-12-2025 20:15;ELTORO-3;34251.89352;1;0;0;0;0;0;1;0;0
2512;CO;17-12-2025;21;83;1619;17-12-2025 20:30;ELTORO-3;159454.5397;1;0;0;0;0;0;1;0;0
2512;CO;17-12-2025;21;84;1620;17-12-2025 20:45;ELTORO-3;203660.0268;1;0;0;0;0;0;1;0;0
2512;CO;17-12-2025;22;85;1621;17-12-2025 21:00;ELTORO-3;341066.6918;0.937348435;0.062651565;0;0;0;0;1;0;0
2512;CO;17-12-2025;22;86;1622;17-12-2025 21:15;ELTORO-3;157573.2534;0.937348435;0.062651565;0;0;0;0;1;0;0
2512;CO;17-12-2025;22;87;1623;17-12-2025 21:30;ELTORO-3;117448.2918;0.937348435;0.062651565;0;0;0;0;1;0;0
2512;CO;17-12-2025;22;88;1624;17-12-2025 21:45;ELTORO-3;123954.8116;0.937348435;0.062651565;0;0;0;0;1;0;0
2512;CO;17-12-2025;23;89;1625;17-12-2025 22:00;ELTORO-3;123840.1042;1;0;0;0;0;0;1;0;0
2512;CO;17-12-2025;23;90;1626;17-12-2025 22:15;ELTORO-3;127126.5745;1;0;0;0;0;0;1;0;0
2512;CO;17-12-2025;23;91;1627;17-12-2025 22:30;ELTORO-3;123506.4056;1;0;0;0;0;0;1;0;0
2512;CO;17-12-2025;23;92;1628;17-12-2025 22:45;ELTORO-3;68339.2897;1;0;0;0;0;0;1;0;0
2512;CO;17-12-2025;24;93;1629;17-12-2025 23:00;ELTORO-3;25518.60098;1;0;0;0;0;0;1;0;0
2512;CO;17-12-2025;24;94;1630;17-12-2025 23:15;ELTORO-3;25861.38069;1;0;0;0;0;0;1;0;0
2512;CO;17-12-2025;24;95;1631;17-12-2025 23:30;ELTORO-3;26228.66547;1;0;0;0;0;0;1;0;0
2512;CO;17-12-2025;24;96;1632;17-12-2025 23:45;ELTORO-3;25934.85429;1;0;0;0;0;0;1;0;0
2512;CO;18-12-2025;1;1;1633;18-12-2025 0:00;ELTORO-3;96846.47568;1;0;0;0;0;0;1;0;0
2512;CO;18-12-2025;1;2;1634;18-12-2025 0:15;ELTORO-3;97568.45025;1;0;0;0;0;0;1;0;0
2512;CO;18-12-2025;1;3;1635;18-12-2025 0:30;ELTORO-3;98207.08284;1;0;0;0;0;0;1;0;0
2512;CO;18-12-2025;1;4;1636;18-12-2025 0:45;ELTORO-3;98845.71544;1;0;0;0;0;0;1;0;0
2512;CO;18-12-2025;2;5;1637;18-12-2025 1:00;ELTORO-3;88712.51115;1;0;0;0;0;0;1;0;0
2512;CO;18-12-2025;2;6;1638;18-12-2025 1:15;ELTORO-3;88886.49288;1;0;0;0;0;0;1;0;0
2512;CO;18-12-2025;2;7;1639;18-12-2025 1:30;ELTORO-3;84640.62538;1;0;0;0;0;0;1;0;0
2512;CO;18-12-2025;2;8;1640;18-12-2025 1:45;ELTORO-3;76539.02599;1;0;0;0;0;0;1;0;0
2512;CO;18-12-2025;3;9;1641;18-12-2025 2:00;ELTORO-3;17735.82676;1;0;0;0;0;0;1;0;0
2512;CO;18-12-2025;3;10;1642;18-12-2025 2:15;ELTORO-3;17527.91075;1;0;0;0;0;0;1;0;0
2512;CO;18-12-2025;3;11;1643;18-12-2025 2:30;ELTORO-3;25774.13386;1;0;0;0;0;0;1;0;0
2512;CO;18-12-2025;3;12;1644;18-12-2025 2:45;ELTORO-3;52457.51592;1;0;0;0;0;0;1;0;0
2512;CO;18-12-2025;4;13;1645;18-12-2025 3:00;ELTORO-3;343948.1025;1;0;0;0;0;0;1;0;0
2512;CO;18-12-2025;4;14;1646;18-12-2025 3:15;ELTORO-3;252166.5385;1;0;0;0;0;0;1;0;0
2512;CO;18-12-2025;4;15;1647;18-12-2025 3:30;ELTORO-3;70479.39931;1;0;0;0;0;0;1;0;0
2512;CO;18-12-2025;4;16;1648;18-12-2025 3:45;ELTORO-3;70613.37989;1;0;0;0;0;0;1;0;0
2512;CO;18-12-2025;5;17;1649;18-12-2025 4:00;ELTORO-3;39875.05818;1;0;0;0;0;0;1;0;0
2512;CO;18-12-2025;5;18;1650;18-12-2025 4:15;ELTORO-3;39798.99049;1;0;0;0;0;0;1;0;0
2512;CO;18-12-2025;5;19;1651;18-12-2025 4:30;ELTORO-3;39786.31666;1;0;0;0;0;0;1;0;0
2512;CO;18-12-2025;5;20;1652;18-12-2025 4:45;ELTORO-3;40014.49507;1;0;0;0;0;0;1;0;0
2512;CO;18-12-2025;6;21;1653;18-12-2025 5:00;ELTORO-3;49948.34909;1;0;0;0;0;0;1;0;0
2512;CO;18-12-2025;6;22;1654;18-12-2025 5:15;ELTORO-3;49597.93048;1;0;0;0;0;0;1;0;0
2512;CO;18-12-2025;6;23;1655;18-12-2025 5:30;ELTORO-3;49566.06858;1;0;0;0;0;0;1;0;0
2512;CO;18-12-2025;6;24;1656;18-12-2025 5:45;ELTORO-3;49581.99953;1;0;0;0;0;0;1;0;0
2512;CO;18-12-2025;7;25;1657;18-12-2025 6:00;ELTORO-3;93370.65087;1;0;0;0;0;0;1;0;0
2512;CO;18-12-2025;7;26;1658;18-12-2025 6:15;ELTORO-3;91958.14132;1;0;0;0;0;0;1;0;0
2512;CO;18-12-2025;7;27;1659;18-12-2025 6:30;ELTORO-3;75929.91525;1;0;0;0;0;0;1;0;0
2512;CO;18-12-2025;7;28;1660;18-12-2025 6:45;ELTORO-3;43734.67789;1;0;0;0;0;0;1;0;0
2512;CO;18-12-2025;8;29;1661;18-12-2025 7:00;ELTORO-3;19923.00385;1;0;0;0;0;0;1;0;0
2512;CO;18-12-2025;8;30;1662;18-12-2025 7:15;ELTORO-3;21807.76477;1;0;0;0;0;0;1;0;0
2512;CO;18-12-2025;8;31;1663;18-12-2025 7:30;ELTORO-3;21642.43775;1;0;0;0;0;0;1;0;0
2512;CO;18-12-2025;8;32;1664;18-12-2025 7:45;ELTORO-3;22419.47064;1;0;0;0;0;0;1;0;0
2512;CO;18-12-2025;16;63;1695;18-12-2025 15:30;ELTORO-3;25908.40011;1;0;0;0;0;0;1;0;0
2512;CO;18-12-2025;16;64;1696;18-12-2025 15:45;ELTORO-3;30956.02587;1;0;0;0;0;0;1;0;0
2512;CO;18-12-2025;17;65;1697;18-12-2025 16:00;ELTORO-3;149736.6047;1;0;0;0;0;0;1;0;0
2512;CO;18-12-2025;17;66;1698;18-12-2025 16:15;ELTORO-3;150121.7326;1;0;0;0;0;0;1;0;0
2512;CO;18-12-2025;17;67;1699;18-12-2025 16:30;ELTORO-3;149415.6985;1;0;0;0;0;0;1;0;0
2512;CO;18-12-2025;17;68;1700;18-12-2025 16:45;ELTORO-3;150570.9811;1;0;0;0;0;0;1;0;0
2512;CO;18-12-2025;18;69;1701;18-12-2025 17:00;ELTORO-3;167680.726;1;0;0;0;0;0;1;0;0
2512;CO;18-12-2025;18;70;1702;18-12-2025 17:15;ELTORO-3;164978.7825;1;0;0;0;0;0;1;0;0
2512;CO;18-12-2025;18;71;1703;18-12-2025 17:30;ELTORO-3;151446.6281;1;0;0;0;0;0;1;0;0
2512;CO;18-12-2025;18;72;1704;18-12-2025 17:45;ELTORO-3;94496.47933;1;0;0;0;0;0;1;0;0
2512;CO;18-12-2025;19;73;1705;18-12-2025 18:00;ELTORO-3;77398.0351;1;0;0;0;0;0;1;0;0
2512;CO;18-12-2025;19;74;1706;18-12-2025 18:15;ELTORO-3;49568.08629;1;0;0;0;0;0;1;0;0
2512;CO;18-12-2025;19;75;1707;18-12-2025 18:30;ELTORO-3;25992.98007;1;0;0;0;0;0;1;0;0
2512;CO;18-12-2025;19;76;1708;18-12-2025 18:45;ELTORO-3;25612.81672;1;0;0;0;0;0;1;0;0
2512;CO;18-12-2025;20;77;1709;18-12-2025 19:00;ELTORO-3;16458.89123;1;0;0;0;0;0;1;0;0
2512;CO;18-12-2025;20;78;1710;18-12-2025 19:15;ELTORO-3;48744.38736;1;0;0;0;0;0;1;0;0
2512;CO;18-12-2025;20;79;1711;18-12-2025 19:30;ELTORO-3;112871.4821;1;0;0;0;0;0;1;0;0
2512;CO;18-12-2025;20;80;1712;18-12-2025 19:45;ELTORO-3;113659.3176;1;0;0;0;0;0;1;0;0
2512;CO;18-12-2025;21;81;1713;18-12-2025 20:00;ELTORO-3;234614.4073;0.909952715;0.090047285;0;0;0;0;1;0;0
2512;CO;18-12-2025;21;82;1714;18-12-2025 20:15;ELTORO-3;234920.2933;0.909952715;0.090047285;0;0;0;0;1;0;0
2512;CO;18-12-2025;21;83;1715;18-12-2025 20:30;ELTORO-3;232429.4638;0.909952715;0.090047285;0;0;0;0;1;0;0
2512;CO;18-12-2025;21;84;1716;18-12-2025 20:45;ELTORO-3;231162.1786;0.909952715;0.090047285;0;0;0;0;1;0;0
2512;CO;18-12-2025;22;85;1717;18-12-2025 21:00;ELTORO-3;0;1;0;0;0;0;0;1;0;0
2512;CO;18-12-2025;22;86;1718;18-12-2025 21:15;ELTORO-3;0;1;0;0;0;0;0;1;0;0
2512;CO;18-12-2025;22;87;1719;18-12-2025 21:30;ELTORO-3;0;1;0;0;0;0;0;1;0;0
2512;CO;18-12-2025;22;88;1720;18-12-2025 21:45;ELTORO-3;0;1;0;0;0;0;0;1;0;0
2512;CO;18-12-2025;23;89;1721;18-12-2025 22:00;ELTORO-3;249721.0159;1;0;0;0;0;0;1;0;0
2512;CO;18-12-2025;23;90;1722;18-12-2025 22:15;ELTORO-3;200166.466;1;0;0;0;0;0;1;0;0
2512;CO;18-12-2025;23;91;1723;18-12-2025 22:30;ELTORO-3;159394.1888;1;0;0;0;0;0;1;0;0
2512;CO;18-12-2025;23;92;1724;18-12-2025 22:45;ELTORO-3;191001.113;1;0;0;0;0;0;1;0;0
2512;CO;18-12-2025;24;93;1725;18-12-2025 23:00;ELTORO-3;418041.1863;1;0;0;0;0;0;1;0;0
2512;CO;18-12-2025;24;94;1726;18-12-2025 23:15;ELTORO-3;419977.191;1;0;0;0;0;0;1;0;0
2512;CO;18-12-2025;24;95;1727;18-12-2025 23:30;ELTORO-3;404720.0589;1;0;0;0;0;0;1;0;0
2512;CO;18-12-2025;24;96;1728;18-12-2025 23:45;ELTORO-3;201897.1578;1;0;0;0;0;0;1;0;0
2512;CO;19-12-2025;1;1;1729;19-12-2025 0:00;ELTORO-3;124734.4937;1;0;0;0;0;0;1;0;0
2512;CO;19-12-2025;1;2;1730;19-12-2025 0:15;ELTORO-3;125706.9729;1;0;0;0;0;0;1;0;0
2512;CO;19-12-2025;1;3;1731;19-12-2025 0:30;ELTORO-3;125779.0177;1;0;0;0;0;0;1;0;0
2512;CO;19-12-2025;1;4;1732;19-12-2025 0:45;ELTORO-3;30998.85725;1;0;0;0;0;0;1;0;0
2512;CO;19-12-2025;2;5;1733;19-12-2025 1:00;ELTORO-3;35327.81656;1;0;0;0;0;0;1;0;0
2512;CO;19-12-2025;2;6;1734;19-12-2025 1:15;ELTORO-3;23342.52912;1;0;0;0;0;0;1;0;0
2512;CO;19-12-2025;2;7;1735;19-12-2025 1:30;ELTORO-3;19773.04425;1;0;0;0;0;0;1;0;0
2512;CO;19-12-2025;2;8;1736;19-12-2025 1:45;ELTORO-3;20468.07845;1;0;0;0;0;0;1;0;0
2512;CO;19-12-2025;3;9;1737;19-12-2025 2:00;ELTORO-3;10088.56179;1;0;0;0;0;0;1;0;0
2512;CO;19-12-2025;3;10;1738;19-12-2025 2:15;ELTORO-3;9310.736526;1;0;0;0;0;0;1;0;0
2512;CO;19-12-2025;3;11;1739;19-12-2025 2:30;ELTORO-3;9265.861991;1;0;0;0;0;0;1;0;0
2512;CO;19-12-2025;3;12;1740;19-12-2025 2:45;ELTORO-3;16192.70925;1;0;0;0;0;0;1;0;0
2512;CO;19-12-2025;4;13;1741;19-12-2025 3:00;ELTORO-3;56199.04378;1;0;0;0;0;0;1;0;0
2512;CO;19-12-2025;4;14;1742;19-12-2025 3:15;ELTORO-3;57322.4144;1;0;0;0;0;0;1;0;0
2512;CO;19-12-2025;4;15;1743;19-12-2025 3:30;ELTORO-3;57612.2904;1;0;0;0;0;0;1;0;0
2512;CO;19-12-2025;4;16;1744;19-12-2025 3:45;ELTORO-3;57630.42932;1;0;0;0;0;0;1;0;0
2512;CO;19-12-2025;5;17;1745;19-12-2025 4:00;ELTORO-3;9473.082071;1;0;0;0;0;0;1;0;0
2512;CO;19-12-2025;5;18;1746;19-12-2025 4:15;ELTORO-3;11812.13948;1;0;0;0;0;0;1;0;0
2512;CO;19-12-2025;5;19;1747;19-12-2025 4:30;ELTORO-3;11885.90825;1;0;0;0;0;0;1;0;0
2512;CO;19-12-2025;5;20;1748;19-12-2025 4:45;ELTORO-3;12054.09344;1;0;0;0;0;0;1;0;0
2512;CO;19-12-2025;6;21;1749;19-12-2025 5:00;ELTORO-3;27183.02476;1;0;0;0;0;0;1;0;0
2512;CO;19-12-2025;6;22;1750;19-12-2025 5:15;ELTORO-3;34020.74188;1;0;0;0;0;0;1;0;0
2512;CO;19-12-2025;6;23;1751;19-12-2025 5:30;ELTORO-3;34009.8675;1;0;0;0;0;0;1;0;0
2512;CO;19-12-2025;6;24;1752;19-12-2025 5:45;ELTORO-3;34113.18361;1;0;0;0;0;0;1;0;0
2512;CO;19-12-2025;7;25;1753;19-12-2025 6:00;ELTORO-3;394227.8157;1;0;0;0;0;0;1;0;0
2512;CO;19-12-2025;7;26;1754;19-12-2025 6:15;ELTORO-3;423793.5604;1;0;0;0;0;0;1;0;0
2512;CO;19-12-2025;7;27;1755;19-12-2025 6:30;ELTORO-3;317910.943;1;0;0;0;0;0;1;0;0
2512;CO;19-12-2025;7;28;1756;19-12-2025 6:45;ELTORO-3;318715.735;1;0;0;0;0;0;1;0;0
2512;CO;19-12-2025;8;29;1757;19-12-2025 7:00;ELTORO-3;211088.9466;1;0;0;0;0;0;1;0;0
2512;CO;19-12-2025;8;30;1758;19-12-2025 7:15;ELTORO-3;30656.77214;1;0;0;0;0;0;1;0;0
2512;CO;19-12-2025;8;31;1759;19-12-2025 7:30;ELTORO-3;31345.20083;1;0;0;0;0;0;1;0;0
2512;CO;19-12-2025;8;32;1760;19-12-2025 7:45;ELTORO-3;31620.55604;1;0;0;0;0;0;1;0;0
2512;CO;19-12-2025;20;78;1806;19-12-2025 19:15;ELTORO-3;91879.78295;0.602521805;0.397478195;0;0;0;0;1;0;0
2512;CO;19-12-2025;20;79;1807;19-12-2025 19:30;ELTORO-3;132255.6965;0.602521805;0.397478195;0;0;0;0;1;0;0
2512;CO;19-12-2025;20;80;1808;19-12-2025 19:45;ELTORO-3;124177.4491;0.602521805;0.397478195;0;0;0;0;1;0;0
2512;CO;19-12-2025;21;81;1809;19-12-2025 20:00;ELTORO-3;99985.9778;1;0;0;0;0;0;1;0;0
2512;CO;19-12-2025;21;82;1810;19-12-2025 20:15;ELTORO-3;106770.4925;1;0;0;0;0;0;1;0;0
2512;CO;19-12-2025;21;83;1811;19-12-2025 20:30;ELTORO-3;136742.7734;1;0;0;0;0;0;1;0;0
2512;CO;19-12-2025;21;84;1812;19-12-2025 20:45;ELTORO-3;137032.9406;1;0;0;0;0;0;1;0;0
2512;CO;19-12-2025;22;85;1813;19-12-2025 21:00;ELTORO-3;141865.4312;1;0;0;0;0;0;1;0;0
2512;CO;19-12-2025;22;86;1814;19-12-2025 21:15;ELTORO-3;107584.9395;1;0;0;0;0;0;1;0;0
2512;CO;19-12-2025;22;87;1815;19-12-2025 21:30;ELTORO-3;99580.57836;1;0;0;0;0;0;1;0;0
2512;CO;19-12-2025;22;88;1816;19-12-2025 21:45;ELTORO-3;80675.77775;1;0;0;0;0;0;1;0;0
2512;CO;19-12-2025;23;89;1817;19-12-2025 22:00;ELTORO-3;38258.55398;1;0;0;0;0;0;1;0;0
2512;CO;19-12-2025;23;90;1818;19-12-2025 22:15;ELTORO-3;23311.81429;1;0;0;0;0;0;1;0;0
2512;CO;19-12-2025;23;91;1819;19-12-2025 22:30;ELTORO-3;58809.3525;1;0;0;0;0;0;1;0;0
2512;CO;19-12-2025;23;92;1820;19-12-2025 22:45;ELTORO-3;102718.6201;1;0;0;0;0;0;1;0;0
2512;CO;19-12-2025;24;93;1821;19-12-2025 23:00;ELTORO-3;179127.9344;1;0;0;0;0;0;1;0;0
2512;CO;19-12-2025;24;94;1822;19-12-2025 23:15;ELTORO-3;163413.5288;1;0;0;0;0;0;1;0;0
2512;CO;19-12-2025;24;95;1823;19-12-2025 23:30;ELTORO-3;104097.2032;1;0;0;0;0;0;1;0;0
2512;CO;19-12-2025;24;96;1824;19-12-2025 23:45;ELTORO-3;57437.75998;1;0;0;0;0;0;1;0;0
2512;CO;20-12-2025;1;1;1825;20-12-2025 0:00;ELTORO-3;131086.6508;1;0;0;0;0;0;1;0;0
2512;CO;20-12-2025;1;2;1826;20-12-2025 0:15;ELTORO-3;134161.0137;1;0;0;0;0;0;1;0;0
2512;CO;20-12-2025;1;3;1827;20-12-2025 0:30;ELTORO-3;88985.21255;1;0;0;0;0;0;1;0;0
2512;CO;20-12-2025;1;4;1828;20-12-2025 0:45;ELTORO-3;72238.60144;1;0;0;0;0;0;1;0;0
2512;CO;20-12-2025;2;5;1829;20-12-2025 1:00;ELTORO-3;92983.78616;1;0;0;0;0;0;1;0;0
2512;CO;20-12-2025;2;6;1830;20-12-2025 1:15;ELTORO-3;101042.7171;1;0;0;0;0;0;1;0;0
2512;CO;20-12-2025;2;7;1831;20-12-2025 1:30;ELTORO-3;90158.0087;1;0;0;0;0;0;1;0;0
2512;CO;20-12-2025;2;8;1832;20-12-2025 1:45;ELTORO-3;80095.11477;1;0;0;0;0;0;1;0;0
2512;CO;20-12-2025;3;9;1833;20-12-2025 2:00;ELTORO-3;98279.10026;1;0;0;0;0;0;1;0;0
2512;CO;20-12-2025;3;10;1834;20-12-2025 2:15;ELTORO-3;106926.433;1;0;0;0;0;0;1;0;0
2512;CO;20-12-2025;3;11;1835;20-12-2025 2:30;ELTORO-3;106628.1716;1;0;0;0;0;0;1;0;0
2512;CO;20-12-2025;3;12;1836;20-12-2025 2:45;ELTORO-3;92301.86251;1;0;0;0;0;0;1;0;0
2512;CO;20-12-2025;4;13;1837;20-12-2025 3:00;ELTORO-3;16514.00669;1;0;0;0;0;0;1;0;0
2512;CO;20-12-2025;4;14;1838;20-12-2025 3:15;ELTORO-3;18590.42792;1;0;0;0;0;0;1;0;0
2512;CO;20-12-2025;4;15;1839;20-12-2025 3:30;ELTORO-3;18730.47413;1;0;0;0;0;0;1;0;0
2512;CO;20-12-2025;4;16;1840;20-12-2025 3:45;ELTORO-3;18660.45103;1;0;0;0;0;0;1;0;0
2512;CO;20-12-2025;5;17;1841;20-12-2025 4:00;ELTORO-3;45077.83816;1;0;0;0;0;0;1;0;0
2512;CO;20-12-2025;5;18;1842;20-12-2025 4:15;ELTORO-3;49411.19833;1;0;0;0;0;0;1;0;0
2512;CO;20-12-2025;5;19;1843;20-12-2025 4:30;ELTORO-3;61596.29226;1;0;0;0;0;0;1;0;0
2512;CO;20-12-2025;5;20;1844;20-12-2025 4:45;ELTORO-3;61964.88194;1;0;0;0;0;0;1;0;0
2512;CO;20-12-2025;6;21;1845;20-12-2025 5:00;ELTORO-3;115207.3139;1;0;0;0;0;0;1;0;0
2512;CO;20-12-2025;6;22;1846;20-12-2025 5:15;ELTORO-3;88416.5151;1;0;0;0;0;0;1;0;0
2512;CO;20-12-2025;6;23;1847;20-12-2025 5:30;ELTORO-3;88446.1443;1;0;0;0;0;0;1;0;0
2512;CO;20-12-2025;6;24;1848;20-12-2025 5:45;ELTORO-3;88505.40272;1;0;0;0;0;0;1;0;0
2512;CO;20-12-2025;7;25;1849;20-12-2025 6:00;ELTORO-3;42326.17931;1;0;0;0;0;0;1;0;0
2512;CO;20-12-2025;7;26;1850;20-12-2025 6:15;ELTORO-3;42155.5433;1;0;0;0;0;0;1;0;0
2512;CO;20-12-2025;7;27;1851;20-12-2025 6:30;ELTORO-3;42112.87725;1;0;0;0;0;0;1;0;0
2512;CO;20-12-2025;7;28;1852;20-12-2025 6:45;ELTORO-3;41814.27129;1;0;0;0;0;0;1;0;0
2512;CO;20-12-2025;8;29;1853;20-12-2025 7:00;ELTORO-3;62828.93939;1;0;0;0;0;0;1;0;0
2512;CO;20-12-2025;10;40;1864;20-12-2025 9:45;ELTORO-3;41771.81441;0.406396151;0.593603849;0;0;0;0;1;0;0
2512;CO;20-12-2025;11;41;1865;20-12-2025 10:00;ELTORO-3;15635.56714;1;0;0;0;0;0;1;0;0
2512;CO;20-12-2025;21;81;1905;20-12-2025 20:00;ELTORO-3;31866.21254;1;0;0;0;0;0;1;0;0
2512;CO;20-12-2025;21;82;1906;20-12-2025 20:15;ELTORO-3;32119.78916;1;0;0;0;0;0;1;0;0
2512;CO;20-12-2025;21;83;1907;20-12-2025 20:30;ELTORO-3;33134.09565;1;0;0;0;0;0;1;0;0
2512;CO;20-12-2025;21;84;1908;20-12-2025 20:45;ELTORO-3;45462.2087;1;0;0;0;0;0;1;0;0
2512;CO;20-12-2025;22;85;1909;20-12-2025 21:00;ELTORO-3;174633.8577;1;0;0;0;0;0;1;0;0
2512;CO;20-12-2025;22;86;1910;20-12-2025 21:15;ELTORO-3;175794.2538;1;0;0;0;0;0;1;0;0
2512;CO;20-12-2025;22;87;1911;20-12-2025 21:30;ELTORO-3;175794.2538;1;0;0;0;0;0;1;0;0
2512;CO;20-12-2025;22;88;1912;20-12-2025 21:45;ELTORO-3;175214.0557;1;0;0;0;0;0;1;0;0
2512;CO;20-12-2025;23;89;1913;20-12-2025 22:00;ELTORO-3;115039.5315;1;0;0;0;0;0;1;0;0
2512;CO;20-12-2025;23;90;1914;20-12-2025 22:15;ELTORO-3;100946.8082;1;0;0;0;0;0;1;0;0
2512;CO;20-12-2025;23;91;1915;20-12-2025 22:30;ELTORO-3;72656.92737;1;0;0;0;0;0;1;0;0
2512;CO;20-12-2025;23;92;1916;20-12-2025 22:45;ELTORO-3;72403.35075;1;0;0;0;0;0;1;0;0
2512;CO;20-12-2025;24;93;1917;20-12-2025 23:00;ELTORO-3;138489.7177;1;0;0;0;0;0;1;0;0
2512;CO;20-12-2025;24;94;1918;20-12-2025 23:15;ELTORO-3;164719.1312;1;0;0;0;0;0;1;0;0
2512;CO;20-12-2025;24;95;1919;20-12-2025 23:30;ELTORO-3;144588.1491;1;0;0;0;0;0;1;0;0
2512;CO;20-12-2025;24;96;1920;20-12-2025 23:45;ELTORO-3;102094.1003;1;0;0;0;0;0;1;0;0
2512;CO;21-12-2025;1;1;1921;21-12-2025 0:00;ELTORO-3;40927.96042;1;0;0;0;0;0;1;0;0
2512;CO;21-12-2025;1;2;1922;21-12-2025 0:15;ELTORO-3;34928.5595;1;0;0;0;0;0;1;0;0
2512;CO;21-12-2025;1;3;1923;21-12-2025 0:30;ELTORO-3;35070.8303;1;0;0;0;0;0;1;0;0
2512;CO;21-12-2025;1;4;1924;21-12-2025 0:45;ELTORO-3;36351.26756;1;0;0;0;0;0;1;0;0
2512;CO;21-12-2025;2;5;1925;21-12-2025 1:00;ELTORO-3;22423.86984;1;0;0;0;0;0;1;0;0
2512;CO;21-12-2025;2;6;1926;21-12-2025 1:15;ELTORO-3;26180.18594;1;0;0;0;0;0;1;0;0
2512;CO;21-12-2025;2;7;1927;21-12-2025 1:30;ELTORO-3;53439.319;1;0;0;0;0;0;1;0;0
2512;CO;21-12-2025;2;8;1928;21-12-2025 1:45;ELTORO-3;70958.82582;1;0;0;0;0;0;1;0;0
2512;CO;21-12-2025;3;9;1929;21-12-2025 2:00;ELTORO-3;159208.8005;1;0;0;0;0;0;1;0;0
2512;CO;21-12-2025;3;10;1930;21-12-2025 2:15;ELTORO-3;157867.3593;1;0;0;0;0;0;1;0;0
2512;CO;21-12-2025;3;11;1931;21-12-2025 2:30;ELTORO-3;157827.9101;1;0;0;0;0;0;1;0;0
2512;CO;21-12-2025;3;12;1932;21-12-2025 2:45;ELTORO-3;157038.8138;1;0;0;0;0;0;1;0;0
2512;CO;21-12-2025;4;13;1933;21-12-2025 3:00;ELTORO-3;91847.51875;1;0;0;0;0;0;1;0;0
2512;CO;21-12-2025;4;14;1934;21-12-2025 3:15;ELTORO-3;39844.70405;1;0;0;0;0;0;1;0;0
2512;CO;21-12-2025;4;15;1935;21-12-2025 3:30;ELTORO-3;99007.90554;1;0;0;0;0;0;1;0;0
2512;CO;21-12-2025;4;16;1936;21-12-2025 3:45;ELTORO-3;98656.90056;1;0;0;0;0;0;1;0;0
2512;CO;21-12-2025;5;17;1937;21-12-2025 4:00;ELTORO-3;141601.3065;1;0;0;0;0;0;1;0;0
2512;CO;21-12-2025;5;18;1938;21-12-2025 4:15;ELTORO-3;141243.7472;1;0;0;0;0;0;1;0;0
2512;CO;21-12-2025;5;19;1939;21-12-2025 4:30;ELTORO-3;141029.1912;1;0;0;0;0;0;1;0;0
2512;CO;21-12-2025;5;20;1940;21-12-2025 4:45;ELTORO-3;141315.2489;1;0;0;0;0;0;1;0;0
2512;CO;21-12-2025;6;21;1941;21-12-2025 5:00;ELTORO-3;160793.7657;1;0;0;0;0;0;1;0;0
2512;CO;21-12-2025;6;22;1942;21-12-2025 5:15;ELTORO-3;160874.3078;1;0;0;0;0;0;1;0;0
2512;CO;21-12-2025;6;23;1943;21-12-2025 5:30;ELTORO-3;161156.2626;1;0;0;0;0;0;1;0;0
2512;CO;21-12-2025;6;24;1944;21-12-2025 5:45;ELTORO-3;65380.11702;1;0;0;0;0;0;1;0;0
2512;CO;21-12-2025;7;25;1945;21-12-2025 6:00;ELTORO-3;58174.31348;1;0;0;0;0;0;1;0;0
2512;CO;21-12-2025;7;26;1946;21-12-2025 6:15;ELTORO-3;58227.65193;1;0;0;0;0;0;1;0;0
2512;CO;21-12-2025;7;27;1947;21-12-2025 6:30;ELTORO-3;54673.5922;1;0;0;0;0;0;1;0;0
2512;CO;21-12-2025;7;28;1948;21-12-2025 6:45;ELTORO-3;47349.84384;1;0;0;0;0;0;1;0;0
2512;CO;21-12-2025;8;29;1949;21-12-2025 7:00;ELTORO-3;36127.20206;1;0;0;0;0;0;1;0;0
2512;CO;21-12-2025;8;30;1950;21-12-2025 7:15;ELTORO-3;1680.717286;1;0;0;0;0;0;1;0;0
2512;CO;21-12-2025;8;31;1951;21-12-2025 7:30;ELTORO-3;1047.418871;1;0;0;0;0;0;1;0;0
2512;CO;21-12-2025;20;80;2000;21-12-2025 19:45;ELTORO-3;0;1;0;0;0;0;0;1;0;0
2512;CO;21-12-2025;21;81;2001;21-12-2025 20:00;ELTORO-3;43087.00132;1;0;0;0;0;0;1;0;0
2512;CO;21-12-2025;21;82;2002;21-12-2025 20:15;ELTORO-3;35627.7693;1;0;0;0;0;0;1;0;0
2512;CO;21-12-2025;21;83;2003;21-12-2025 20:30;ELTORO-3;29921.26944;1;0;0;0;0;0;1;0;0
2512;CO;21-12-2025;21;84;2004;21-12-2025 20:45;ELTORO-3;29758.34114;1;0;0;0;0;0;1;0;0
2512;CO;21-12-2025;22;85;2005;21-12-2025 21:00;ELTORO-3;22097.39786;1;0;0;0;0;0;1;0;0
2512;CO;21-12-2025;22;86;2006;21-12-2025 21:15;ELTORO-3;17061.87194;1;0;0;0;0;0;1;0;0
2512;CO;21-12-2025;22;87;2007;21-12-2025 21:30;ELTORO-3;40513.76958;1;0;0;0;0;0;1;0;0
2512;CO;21-12-2025;22;88;2008;21-12-2025 21:45;ELTORO-3;58131.93049;1;0;0;0;0;0;1;0;0
2512;CO;21-12-2025;23;89;2009;21-12-2025 22:00;ELTORO-3;52121.3295;1;0;0;0;0;0;1;0;0
2512;CO;21-12-2025;23;90;2010;21-12-2025 22:15;ELTORO-3;49612.43078;1;0;0;0;0;0;1;0;0
2512;CO;21-12-2025;23;91;2011;21-12-2025 22:30;ELTORO-3;49840.35092;1;0;0;0;0;0;1;0;0
2512;CO;21-12-2025;23;92;2012;21-12-2025 22:45;ELTORO-3;34294.83529;1;0;0;0;0;0;1;0;0
2512;CO;21-12-2025;24;93;2013;21-12-2025 23:00;ELTORO-3;11437.56355;1;0;0;0;0;0;1;0;0
2512;CO;21-12-2025;24;94;2014;21-12-2025 23:15;ELTORO-3;11296.25692;1;0;0;0;0;0;1;0;0
2512;CO;21-12-2025;24;95;2015;21-12-2025 23:30;ELTORO-3;10495.45003;1;0;0;0;0;0;1;0;0
2512;CO;21-12-2025;24;96;2016;21-12-2025 23:45;ELTORO-3;24232.88862;1;0;0;0;0;0;1;0;0
2512;CO;22-12-2025;1;1;2017;22-12-2025 0:00;ELTORO-3;32011.57348;1;0;0;0;0;0;1;0;0
2512;CO;22-12-2025;1;2;2018;22-12-2025 0:15;ELTORO-3;34497.95417;1;0;0;0;0;0;1;0;0
2512;CO;22-12-2025;1;3;2019;22-12-2025 0:30;ELTORO-3;21193.12975;1;0;0;0;0;0;1;0;0
2512;CO;22-12-2025;1;4;2020;22-12-2025 0:45;ELTORO-3;15181.62471;1;0;0;0;0;0;1;0;0
2512;CO;22-12-2025;2;5;2021;22-12-2025 1:00;ELTORO-3;3246.252415;1;0;0;0;0;0;1;0;0
2512;CO;22-12-2025;2;6;2022;22-12-2025 1:15;ELTORO-3;8974.319875;1;0;0;0;0;0;1;0;0
2512;CO;22-12-2025;2;7;2023;22-12-2025 1:30;ELTORO-3;16413.88198;1;0;0;0;0;0;1;0;0
2512;CO;22-12-2025;2;8;2024;22-12-2025 1:45;ELTORO-3;16821.38586;1;0;0;0;0;0;1;0;0
2512;CO;22-12-2025;3;9;2025;22-12-2025 2:00;ELTORO-3;31461.45082;1;0;0;0;0;0;1;0;0
2512;CO;22-12-2025;3;10;2026;22-12-2025 2:15;ELTORO-3;25116.75137;1;0;0;0;0;0;1;0;0
2512;CO;22-12-2025;3;11;2027;22-12-2025 2:30;ELTORO-3;18487.85846;1;0;0;0;0;0;1;0;0
2512;CO;22-12-2025;3;12;2028;22-12-2025 2:45;ELTORO-3;18301.19446;1;0;0;0;0;0;1;0;0
2512;CO;22-12-2025;4;13;2029;22-12-2025 3:00;ELTORO-3;18822.34638;1;0;0;0;0;0;1;0;0
2512;CO;22-12-2025;4;14;2030;22-12-2025 3:15;ELTORO-3;42902.13863;1;0;0;0;0;0;1;0;0
2512;CO;22-12-2025;4;15;2031;22-12-2025 3:30;ELTORO-3;43597.04345;1;0;0;0;0;0;1;0;0
2512;CO;22-12-2025;4;16;2032;22-12-2025 3:45;ELTORO-3;28822.26166;1;0;0;0;0;0;1;0;0
2512;CO;22-12-2025;5;17;2033;22-12-2025 4:00;ELTORO-3;16638.87979;1;0;0;0;0;0;1;0;0
2512;CO;22-12-2025;5;18;2034;22-12-2025 4:15;ELTORO-3;28340.82072;1;0;0;0;0;0;1;0;0
2512;CO;22-12-2025;5;19;2035;22-12-2025 4:30;ELTORO-3;28286.25713;1;0;0;0;0;0;1;0;0
2512;CO;22-12-2025;5;20;2036;22-12-2025 4:45;ELTORO-3;28471.76241;1;0;0;0;0;0;1;0;0
2512;CO;22-12-2025;6;21;2037;22-12-2025 5:00;ELTORO-3;98240.10309;1;0;0;0;0;0;1;0;0
2512;CO;22-12-2025;6;22;2038;22-12-2025 5:15;ELTORO-3;69456.44038;1;0;0;0;0;0;1;0;0
2512;CO;22-12-2025;6;23;2039;22-12-2025 5:30;ELTORO-3;35639.04009;1;0;0;0;0;0;1;0;0
2512;CO;22-12-2025;6;24;2040;22-12-2025 5:45;ELTORO-3;20260.26517;1;0;0;0;0;0;1;0;0
2512;CO;22-12-2025;7;25;2041;22-12-2025 6:00;ELTORO-3;94865.91123;1;0;0;0;0;0;1;0;0
2512;CO;22-12-2025;7;26;2042;22-12-2025 6:15;ELTORO-3;134226.8382;1;0;0;0;0;0;1;0;0
2512;CO;22-12-2025;7;27;2043;22-12-2025 6:30;ELTORO-3;72381.74085;1;0;0;0;0;0;1;0;0
2512;CO;22-12-2025;7;28;2044;22-12-2025 6:45;ELTORO-3;43197.68288;1;0;0;0;0;0;1;0;0
2512;CO;22-12-2025;8;29;2045;22-12-2025 7:00;ELTORO-3;32567.69825;1;0;0;0;0;0;1;0;0
2512;CO;22-12-2025;20;80;2096;22-12-2025 19:45;ELTORO-3;44906.54418;1;0;0;0;0;0;1;0;0
2512;CO;22-12-2025;21;81;2097;22-12-2025 20:00;ELTORO-3;56137.76351;1;0;0;0;0;0;1;0;0
2512;CO;22-12-2025;21;82;2098;22-12-2025 20:15;ELTORO-3;59507.10689;1;0;0;0;0;0;1;0;0
2512;CO;22-12-2025;21;83;2099;22-12-2025 20:30;ELTORO-3;74195.54777;1;0;0;0;0;0;1;0;0
2512;CO;22-12-2025;21;84;2100;22-12-2025 20:45;ELTORO-3;76181.52467;1;0;0;0;0;0;1;0;0
2512;CO;22-12-2025;22;85;2101;22-12-2025 21:00;ELTORO-3;85842.27076;1;0;0;0;0;0;1;0;0
2512;CO;22-12-2025;22;86;2102;22-12-2025 21:15;ELTORO-3;85594.80222;1;0;0;0;0;0;1;0;0
2512;CO;22-12-2025;22;87;2103;22-12-2025 21:30;ELTORO-3;85347.30428;1;0;0;0;0;0;1;0;0
2512;CO;22-12-2025;22;88;2104;22-12-2025 21:45;ELTORO-3;86213.48826;1;0;0;0;0;0;1;0;0
2512;CO;22-12-2025;23;89;2105;22-12-2025 22:00;ELTORO-3;154330.4815;1;0;0;0;0;0;1;0;0
2512;CO;22-12-2025;23;90;2106;22-12-2025 22:15;ELTORO-3;154107.7334;1;0;0;0;0;0;1;0;0
2512;CO;22-12-2025;23;91;2107;22-12-2025 22:30;ELTORO-3;154181.9652;1;0;0;0;0;0;1;0;0
2512;CO;22-12-2025;23;92;2108;22-12-2025 22:45;ELTORO-3;153118.065;1;0;0;0;0;0;1;0;0
2512;CO;22-12-2025;24;93;2109;22-12-2025 23:00;ELTORO-3;128788.2593;1;0;0;0;0;0;1;0;0
2512;CO;22-12-2025;24;94;2110;22-12-2025 23:15;ELTORO-3;128694.2994;1;0;0;0;0;0;1;0;0
2512;CO;22-12-2025;24;95;2111;22-12-2025 23:30;ELTORO-3;128725.6194;1;0;0;0;0;0;1;0;0
2512;CO;22-12-2025;24;96;2112;22-12-2025 23:45;ELTORO-3;128443.7845;1;0;0;0;0;0;1;0;0
2512;CO;23-12-2025;1;1;2113;23-12-2025 0:00;ELTORO-3;100494.7943;1;0;0;0;0;0;1;0;0
2512;CO;23-12-2025;1;2;2114;23-12-2025 0:15;ELTORO-3;114262.3025;1;0;0;0;0;0;1;0;0
2512;CO;23-12-2025;1;3;2115;23-12-2025 0:30;ELTORO-3;164567.5286;1;0;0;0;0;0;1;0;0
2512;CO;23-12-2025;1;4;2116;23-12-2025 0:45;ELTORO-3;165787.0779;1;0;0;0;0;0;1;0;0
2512;CO;23-12-2025;2;5;2117;23-12-2025 1:00;ELTORO-3;256922.3175;1;0;0;0;0;0;1;0;0
2512;CO;23-12-2025;2;6;2118;23-12-2025 1:15;ELTORO-3;239819.1793;1;0;0;0;0;0;1;0;0
2512;CO;23-12-2025;2;7;2119;23-12-2025 1:30;ELTORO-3;124263.0892;1;0;0;0;0;0;1;0;0
2512;CO;23-12-2025;2;8;2120;23-12-2025 1:45;ELTORO-3;123465.9724;1;0;0;0;0;0;1;0;0
2512;CO;23-12-2025;3;9;2121;23-12-2025 2:00;ELTORO-3;108483.0629;1;0;0;0;0;0;1;0;0
2512;CO;23-12-2025;3;10;2122;23-12-2025 2:15;ELTORO-3;108015.3696;1;0;0;0;0;0;1;0;0
2512;CO;23-12-2025;3;11;2123;23-12-2025 2:30;ELTORO-3;107146.9139;1;0;0;0;0;0;1;0;0
2512;CO;23-12-2025;3;12;2124;23-12-2025 2:45;ELTORO-3;105643.7207;1;0;0;0;0;0;1;0;0
2512;CO;23-12-2025;4;13;2125;23-12-2025 3:00;ELTORO-3;61283.41804;1;0;0;0;0;0;1;0;0
2512;CO;23-12-2025;4;14;2126;23-12-2025 3:15;ELTORO-3;61457.65776;1;0;0;0;0;0;1;0;0
2512;CO;23-12-2025;4;15;2127;23-12-2025 3:30;ELTORO-3;61748.02749;1;0;0;0;0;0;1;0;0
2512;CO;23-12-2025;4;16;2128;23-12-2025 3:45;ELTORO-3;61670.59755;1;0;0;0;0;0;1;0;0
2512;CO;23-12-2025;5;17;2129;23-12-2025 4:00;ELTORO-3;73137.69411;1;0;0;0;0;0;1;0;0
2512;CO;23-12-2025;5;18;2130;23-12-2025 4:15;ELTORO-3;72836.67745;1;0;0;0;0;0;1;0;0
2512;CO;23-12-2025;5;19;2131;23-12-2025 4:30;ELTORO-3;151220.1176;1;0;0;0;0;0;1;0;0
2512;CO;23-12-2025;5;20;2132;23-12-2025 4:45;ELTORO-3;151595.274;1;0;0;0;0;0;1;0;0
2512;CO;23-12-2025;6;21;2133;23-12-2025 5:00;ELTORO-3;181699.8003;1;0;0;0;0;0;1;0;0
2512;CO;23-12-2025;6;22;2134;23-12-2025 5:15;ELTORO-3;149037.0177;1;0;0;0;0;0;1;0;0
2512;CO;23-12-2025;6;23;2135;23-12-2025 5:30;ELTORO-3;204917.3122;1;0;0;0;0;0;1;0;0
2512;CO;23-12-2025;6;24;2136;23-12-2025 5:45;ELTORO-3;206403.9165;1;0;0;0;0;0;1;0;0
2512;CO;23-12-2025;7;25;2137;23-12-2025 6:00;ELTORO-3;222569.4454;1;0;0;0;0;0;1;0;0
2512;CO;23-12-2025;7;26;2138;23-12-2025 6:15;ELTORO-3;428762.3049;1;0;0;0;0;0;1;0;0
2512;CO;23-12-2025;7;27;2139;23-12-2025 6:30;ELTORO-3;288552.7815;1;0;0;0;0;0;1;0;0
2512;CO;23-12-2025;7;28;2140;23-12-2025 6:45;ELTORO-3;199518.0035;1;0;0;0;0;0;1;0;0
2512;CO;23-12-2025;8;29;2141;23-12-2025 7:00;ELTORO-3;218238.99;1;0;0;0;0;0;1;0;0
2512;CO;23-12-2025;8;30;2142;23-12-2025 7:15;ELTORO-3;51541.56694;1;0;0;0;0;0;1;0;0
2512;CO;23-12-2025;21;81;2193;23-12-2025 20:00;ELTORO-3;111089.38;1;0;0;0;0;0;1;0;0
2512;CO;23-12-2025;21;82;2194;23-12-2025 20:15;ELTORO-3;110569.5273;1;0;0;0;0;0;1;0;0
2512;CO;23-12-2025;21;83;2195;23-12-2025 20:30;ELTORO-3;109371.131;1;0;0;0;0;0;1;0;0
2512;CO;23-12-2025;21;84;2196;23-12-2025 20:45;ELTORO-3;111747.8601;1;0;0;0;0;0;1;0;0
2512;CO;23-12-2025;22;85;2197;23-12-2025 21:00;ELTORO-3;83159.47174;1;0;0;0;0;0;1;0;0
2512;CO;23-12-2025;22;86;2198;23-12-2025 21:15;ELTORO-3;79985.1558;1;0;0;0;0;0;1;0;0
2512;CO;23-12-2025;22;87;2199;23-12-2025 21:30;ELTORO-3;34663.34304;1;0;0;0;0;0;1;0;0
2512;CO;23-12-2025;22;88;2200;23-12-2025 21:45;ELTORO-3;48476.12596;1;0;0;0;0;0;1;0;0
2512;CO;23-12-2025;23;89;2201;23-12-2025 22:00;ELTORO-3;51676.24792;1;0;0;0;0;0;1;0;0
2512;CO;23-12-2025;23;90;2202;23-12-2025 22:15;ELTORO-3;50359.4122;1;0;0;0;0;0;1;0;0
2512;CO;23-12-2025;23;91;2203;23-12-2025 22:30;ELTORO-3;49893.0039;1;0;0;0;0;0;1;0;0
2512;CO;23-12-2025;23;92;2204;23-12-2025 22:45;ELTORO-3;49152.24654;1;0;0;0;0;0;1;0;0
2512;CO;23-12-2025;24;93;2205;23-12-2025 23:00;ELTORO-3;51374.56664;1;0;0;0;0;0;1;0;0
2512;CO;23-12-2025;24;94;2206;23-12-2025 23:15;ELTORO-3;53615.83039;1;0;0;0;0;0;1;0;0
2512;CO;23-12-2025;24;95;2207;23-12-2025 23:30;ELTORO-3;53764.27475;1;0;0;0;0;0;1;0;0
2512;CO;23-12-2025;24;96;2208;23-12-2025 23:45;ELTORO-3;20978.40125;1;0;0;0;0;0;1;0;0
2512;CO;24-12-2025;7;25;2233;24-12-2025 6:00;ELTORO-3;11123.68683;1;0;0;0;0;0;1;0;0
2512;CO;24-12-2025;20;80;2288;24-12-2025 19:45;ELTORO-3;56005.06463;1;0;0;0;0;0;1;0;0
2512;CO;24-12-2025;21;81;2289;24-12-2025 20:00;ELTORO-3;57392.24387;0.973350778;0.026649222;0;0;0;0;1;0;0
2512;CO;24-12-2025;21;82;2290;24-12-2025 20:15;ELTORO-3;54583.18522;0.973350778;0.026649222;0;0;0;0;1;0;0
2512;CO;24-12-2025;21;83;2291;24-12-2025 20:30;ELTORO-3;54449.42052;0.973350778;0.026649222;0;0;0;0;1;0;0
2512;CO;24-12-2025;21;84;2292;24-12-2025 20:45;ELTORO-3;38659.17072;0.973350778;0.026649222;0;0;0;0;1;0;0
2512;CO;24-12-2025;23;89;2297;24-12-2025 22:00;ELTORO-3;47938.76109;1;0;0;0;0;0;1;0;0
2512;CO;24-12-2025;23;90;2298;24-12-2025 22:15;ELTORO-3;31958.08775;1;0;0;0;0;0;1;0;0
2512;CO;25-12-2025;1;1;2301;25-12-2025 0:00;ELTORO-3;6456.567735;1;0;0;0;0;0;1;0;0
2512;CO;25-12-2025;1;2;2302;25-12-2025 0:15;ELTORO-3;6624.055309;1;0;0;0;0;0;1;0;0
2512;CO;25-12-2025;1;3;2303;25-12-2025 0:30;ELTORO-3;3579.494085;1;0;0;0;0;0;1;0;0
2512;CO;25-12-2025;2;8;2308;25-12-2025 1:45;ELTORO-3;1863.387432;1;0;0;0;0;0;1;0;0
2512;CO;25-12-2025;4;15;2315;25-12-2025 3:30;ELTORO-3;28084.46457;1;0;0;0;0;0;1;0;0
2512;CO;25-12-2025;4;16;2316;25-12-2025 3:45;ELTORO-3;25139.25077;1;0;0;0;0;0;1;0;0
2512;CO;25-12-2025;5;17;2317;25-12-2025 4:00;ELTORO-3;1743.771639;1;0;0;0;0;0;1;0;0
2512;CO;25-12-2025;6;22;2322;25-12-2025 5:15;ELTORO-3;7822.4923;1;0;0;0;0;0;1;0;0
2512;CO;25-12-2025;6;23;2323;25-12-2025 5:30;ELTORO-3;46676.63039;1;0;0;0;0;0;1;0;0
2512;CO;25-12-2025;6;24;2324;25-12-2025 5:45;ELTORO-3;46915.28064;1;0;0;0;0;0;1;0;0
2512;CO;25-12-2025;20;80;2380;25-12-2025 19:45;ELTORO-3;43553.57304;0.427437094;0.572562906;0;0;0;0;1;0;0
2512;CO;25-12-2025;21;81;2381;25-12-2025 20:00;ELTORO-3;20861.95788;1;0;0;0;0;0;1;0;0
2512;CO;25-12-2025;21;82;2382;25-12-2025 20:15;ELTORO-3;25468.68536;1;0;0;0;0;0;1;0;0
2512;CO;25-12-2025;21;83;2383;25-12-2025 20:30;ELTORO-3;25671.64456;1;0;0;0;0;0;1;0;0
2512;CO;25-12-2025;21;84;2384;25-12-2025 20:45;ELTORO-3;31030.68882;1;0;0;0;0;0;1;0;0
2512;CO;25-12-2025;22;85;2385;25-12-2025 21:00;ELTORO-3;49803.72661;1;0;0;0;0;0;1;0;0
2512;CO;25-12-2025;22;86;2386;25-12-2025 21:15;ELTORO-3;56609.41113;1;0;0;0;0;0;1;0;0
2512;CO;25-12-2025;22;87;2387;25-12-2025 21:30;ELTORO-3;63665.02647;1;0;0;0;0;0;1;0;0
2512;CO;25-12-2025;22;88;2388;25-12-2025 21:45;ELTORO-3;63713.96257;1;0;0;0;0;0;1;0;0
2512;CO;25-12-2025;23;89;2389;25-12-2025 22:00;ELTORO-3;78097.73238;1;0;0;0;0;0;1;0;0
2512;CO;25-12-2025;23;90;2390;25-12-2025 22:15;ELTORO-3;78067.67128;1;0;0;0;0;0;1;0;0
2512;CO;25-12-2025;23;91;2391;25-12-2025 22:30;ELTORO-3;78999.56556;1;0;0;0;0;0;1;0;0
2512;CO;25-12-2025;23;92;2392;25-12-2025 22:45;ELTORO-3;78729.01561;1;0;0;0;0;0;1;0;0
2512;CO;25-12-2025;24;93;2393;25-12-2025 23:00;ELTORO-3;104979.6371;1;0;0;0;0;0;1;0;0
2512;CO;25-12-2025;24;94;2394;25-12-2025 23:15;ELTORO-3;104496.9659;1;0;0;0;0;0;1;0;0
2512;CO;25-12-2025;24;95;2395;25-12-2025 23:30;ELTORO-3;78508.18265;1;0;0;0;0;0;1;0;0
2512;CO;25-12-2025;24;96;2396;25-12-2025 23:45;ELTORO-3;72361.20569;1;0;0;0;0;0;1;0;0
2512;CO;26-12-2025;4;14;2410;26-12-2025 3:15;ELTORO-3;8552.669478;1;0;0;0;0;0;1;0;0
2512;CO;26-12-2025;4;15;2411;26-12-2025 3:30;ELTORO-3;41688.64878;1;0;0;0;0;0;1;0;0
2512;CO;26-12-2025;4;16;2412;26-12-2025 3:45;ELTORO-3;41137.89647;1;0;0;0;0;0;1;0;0
2512;CO;26-12-2025;5;17;2413;26-12-2025 4:00;ELTORO-3;86796.10739;1;0;0;0;0;0;1;0;0
2512;CO;26-12-2025;5;18;2414;26-12-2025 4:15;ELTORO-3;177237.0356;1;0;0;0;0;0;1;0;0
2512;CO;26-12-2025;5;19;2415;26-12-2025 4:30;ELTORO-3;277055.4075;1;0;0;0;0;0;1;0;0
2512;CO;26-12-2025;5;20;2416;26-12-2025 4:45;ELTORO-3;281739.3333;1;0;0;0;0;0;1;0;0
2512;CO;26-12-2025;6;21;2417;26-12-2025 5:00;ELTORO-3;315725.7221;1;0;0;0;0;0;1;0;0
2512;CO;26-12-2025;6;22;2418;26-12-2025 5:15;ELTORO-3;274978.3947;1;0;0;0;0;0;1;0;0
2512;CO;26-12-2025;6;23;2419;26-12-2025 5:30;ELTORO-3;335082.4565;1;0;0;0;0;0;1;0;0
2512;CO;26-12-2025;6;24;2420;26-12-2025 5:45;ELTORO-3;333940.6312;1;0;0;0;0;0;1;0;0
2512;CO;26-12-2025;7;25;2421;26-12-2025 6:00;ELTORO-3;532849.2208;1;0;0;0;0;0;1;0;0
2512;CO;26-12-2025;7;26;2422;26-12-2025 6:15;ELTORO-3;527243.9354;1;0;0;0;0;0;1;0;0
2512;CO;26-12-2025;7;27;2423;26-12-2025 6:30;ELTORO-3;531118.1456;1;0;0;0;0;0;1;0;0
2512;CO;26-12-2025;7;28;2424;26-12-2025 6:45;ELTORO-3;529222.2465;1;0;0;0;0;0;1;0;0
2512;CO;26-12-2025;8;29;2425;26-12-2025 7:00;ELTORO-3;506950.5009;1;0;0;0;0;0;1;0;0
2512;CO;26-12-2025;8;30;2426;26-12-2025 7:15;ELTORO-3;513864.2839;1;0;0;0;0;0;1;0;0
2512;CO;26-12-2025;8;31;2427;26-12-2025 7:30;ELTORO-3;257760.9514;1;0;0;0;0;0;1;0;0
2512;CO;26-12-2025;20;80;2476;26-12-2025 19:45;ELTORO-3;46128.12972;1;0;0;0;0;0;1;0;0
2512;CO;26-12-2025;21;81;2477;26-12-2025 20:00;ELTORO-3;59416.49922;0.748873664;0.251126336;0;0;0;0;1;0;0
2512;CO;26-12-2025;21;82;2478;26-12-2025 20:15;ELTORO-3;69208.40607;0.748873664;0.251126336;0;0;0;0;1;0;0
2512;CO;26-12-2025;21;83;2479;26-12-2025 20:30;ELTORO-3;99165.79641;0.748873664;0.251126336;0;0;0;0;1;0;0
2512;CO;26-12-2025;21;84;2480;26-12-2025 20:45;ELTORO-3;76253.39421;0.748873664;0.251126336;0;0;0;0;1;0;0
2512;CO;26-12-2025;22;85;2481;26-12-2025 21:00;ELTORO-3;10963.0948;1;0;0;0;0;0;1;0;0
2512;CO;26-12-2025;22;86;2482;26-12-2025 21:15;ELTORO-3;10671.84271;1;0;0;0;0;0;1;0;0
2512;CO;26-12-2025;22;87;2483;26-12-2025 21:30;ELTORO-3;11952.3036;1;0;0;0;0;0;1;0;0
2512;CO;26-12-2025;22;88;2484;26-12-2025 21:45;ELTORO-3;32089.75606;1;0;0;0;0;0;1;0;0
2512;CO;26-12-2025;23;89;2485;26-12-2025 22:00;ELTORO-3;37705.70142;1;0;0;0;0;0;1;0;0
2512;CO;26-12-2025;24;96;2492;26-12-2025 23:45;ELTORO-3;6386.871538;1;0;0;0;0;0;1;0;0
2512;CO;27-12-2025;5;18;2510;27-12-2025 4:15;ELTORO-3;24473.02902;1;0;0;0;0;0;1;0;0
2512;CO;27-12-2025;5;19;2511;27-12-2025 4:30;ELTORO-3;25055.14988;1;0;0;0;0;0;1;0;0
2512;CO;27-12-2025;5;20;2512;27-12-2025 4:45;ELTORO-3;24885.36463;1;0;0;0;0;0;1;0;0
2512;CO;27-12-2025;7;25;2517;27-12-2025 6:00;ELTORO-3;77640.33906;1;0;0;0;0;0;1;0;0
2512;CO;27-12-2025;7;26;2518;27-12-2025 6:15;ELTORO-3;53427.86271;1;0;0;0;0;0;1;0;0
2512;CO;27-12-2025;7;27;2519;27-12-2025 6:30;ELTORO-3;6670.654781;1;0;0;0;0;0;1;0;0
2512;CO;28-12-2025;5;20;2608;28-12-2025 4:45;ELTORO-3;653.6826452;0;1;0;0;0;0;1;0;0
2512;CO;28-12-2025;6;21;2609;28-12-2025 5:00;ELTORO-3;6962.015534;1;0;0;0;0;0;1;0;0
2512;CO;28-12-2025;6;22;2610;28-12-2025 5:15;ELTORO-3;8170.388149;1;0;0;0;0;0;1;0;0
2512;CO;28-12-2025;6;23;2611;28-12-2025 5:30;ELTORO-3;8962.702688;1;0;0;0;0;0;1;0;0
2512;CO;28-12-2025;6;24;2612;28-12-2025 5:45;ELTORO-3;10459.37109;1;0;0;0;0;0;1;0;0
2512;CO;28-12-2025;7;25;2613;28-12-2025 6:00;ELTORO-3;650.7704798;1;0;0;0;0;0;1;0;0
2512;CO;28-12-2025;7;26;2614;28-12-2025 6:15;ELTORO-3;677.0527057;1;0;0;0;0;0;1;0;0
2512;CO;28-12-2025;7;27;2615;28-12-2025 6:30;ELTORO-3;659.5312218;1;0;0;0;0;0;1;0;0
2512;CO;29-12-2025;8;29;2713;29-12-2025 7:00;ELTORO-3;6279.981061;1;0;0;0;0;0;1;0;0
2512;CO;29-12-2025;8;30;2714;29-12-2025 7:15;ELTORO-3;28432.58074;1;0;0;0;0;0;1;0;0
2512;CO;31-12-2025;22;85;2961;31-12-2025 21:00;ELTORO-3;7052.634456;0;1;0;0;0;0;1;0;0
2512;CO;31-12-2025;22;86;2962;31-12-2025 21:15;ELTORO-3;7095.188421;0;1;0;0;0;0;1;0;0
2512;CO;31-12-2025;22;87;2963;31-12-2025 21:30;ELTORO-3;6916.85916;0;1;0;0;0;0;1;0;0
2512;CO;31-12-2025;22;88;2964;31-12-2025 21:45;ELTORO-3;9567.534271;0;1;0;0;0;0;1;0;0
2512;CO;31-12-2025;23;89;2965;31-12-2025 22:00;ELTORO-3;11786.18385;0;1;0;0;0;0;1;0;0
2512;CO;31-12-2025;23;90;2966;31-12-2025 22:15;ELTORO-3;11899.86563;0;1;0;0;0;0;1;0;0
2512;CO;31-12-2025;23;91;2967;31-12-2025 22:30;ELTORO-3;6087.520149;0;1;0;0;0;0;1;0;0
2512;CO;31-12-2025;23;92;2968;31-12-2025 22:45;ELTORO-3;6039.176661;0;1;0;0;0;0;1;0;0
2512;CO;01-12-2025;2;5;5;01-12-2025 1:00;ELTORO-4;215974.4699;1;0;0;0;0;0;1;0;0
2512;CO;01-12-2025;2;6;6;01-12-2025 1:15;ELTORO-4;215357.3058;1;0;0;0;0;0;1;0;0
2512;CO;01-12-2025;2;7;7;01-12-2025 1:30;ELTORO-4;209259.0278;1;0;0;0;0;0;1;0;0
2512;CO;01-12-2025;2;8;8;01-12-2025 1:45;ELTORO-4;206978.8616;1;0;0;0;0;0;1;0;0
2512;CO;01-12-2025;3;9;9;01-12-2025 2:00;ELTORO-4;101879.9295;1;0;0;0;0;0;1;0;0
2512;CO;01-12-2025;3;10;10;01-12-2025 2:15;ELTORO-4;105309.1408;1;0;0;0;0;0;1;0;0
2512;CO;01-12-2025;3;11;11;01-12-2025 2:30;ELTORO-4;107748.9296;1;0;0;0;0;0;1;0;0
2512;CO;01-12-2025;3;12;12;01-12-2025 2:45;ELTORO-4;113435.4197;1;0;0;0;0;0;1;0;0
2512;CO;01-12-2025;4;13;13;01-12-2025 3:00;ELTORO-4;221229.6013;1;0;0;0;0;0;1;0;0
2512;CO;01-12-2025;4;14;14;01-12-2025 3:15;ELTORO-4;220957.9812;1;0;0;0;0;0;1;0;0
2512;CO;01-12-2025;4;15;15;01-12-2025 3:30;ELTORO-4;218023.1838;1;0;0;0;0;0;1;0;0
2512;CO;01-12-2025;4;16;16;01-12-2025 3:45;ELTORO-4;202444.768;1;0;0;0;0;0;1;0;0
2512;CO;01-12-2025;5;17;17;01-12-2025 4:00;ELTORO-4;157824.9859;1;0;0;0;0;0;1;0;0
2512;CO;01-12-2025;5;18;18;01-12-2025 4:15;ELTORO-4;165340.0178;1;0;0;0;0;0;1;0;0
2512;CO;01-12-2025;5;19;19;01-12-2025 4:30;ELTORO-4;164791.9254;1;0;0;0;0;0;1;0;0
2512;CO;01-12-2025;5;20;20;01-12-2025 4:45;ELTORO-4;165096.4258;1;0;0;0;0;0;1;0;0
2512;CO;01-12-2025;6;21;21;01-12-2025 5:00;ELTORO-4;166989.4058;1;0;0;0;0;0;1;0;0
2512;CO;01-12-2025;6;22;22;01-12-2025 5:15;ELTORO-4;173468.0734;1;0;0;0;0;0;1;0;0
2512;CO;01-12-2025;6;23;23;01-12-2025 5:30;ELTORO-4;177334.4162;1;0;0;0;0;0;1;0;0
2512;CO;01-12-2025;6;24;24;01-12-2025 5:45;ELTORO-4;177075.7537;1;0;0;0;0;0;1;0;0
2512;CO;01-12-2025;7;25;25;01-12-2025 6:00;ELTORO-4;239046.8974;1;0;0;0;0;0;1;0;0
2512;CO;01-12-2025;7;26;26;01-12-2025 6:15;ELTORO-4;238265.4278;1;0;0;0;0;0;1;0;0
2512;CO;01-12-2025;7;27;27;01-12-2025 6:30;ELTORO-4;238294.3478;1;0;0;0;0;0;1;0;0
2512;CO;01-12-2025;7;28;28;01-12-2025 6:45;ELTORO-4;57064.07384;1;0;0;0;0;0;1;0;0
2512;CO;01-12-2025;16;61;61;01-12-2025 15:00;ELTORO-4;90784.49245;0.474946304;0.525053696;0;0;0;0;1;0;0
2512;CO;01-12-2025;16;62;62;01-12-2025 15:15;ELTORO-4;334710.1672;0.474946304;0.525053696;0;0;0;0;1;0;0
2512;CO;01-12-2025;20;78;78;01-12-2025 19:15;ELTORO-4;181257.787;1;0;0;0;0;0;1;0;0
2512;CO;01-12-2025;20;79;79;01-12-2025 19:30;ELTORO-4;193393.4545;1;0;0;0;0;0;1;0;0
2512;CO;01-12-2025;20;80;80;01-12-2025 19:45;ELTORO-4;33525.17202;1;0;0;0;0;0;1;0;0
2512;CO;01-12-2025;21;81;81;01-12-2025 20:00;ELTORO-4;67360.74151;1;0;0;0;0;0;1;0;0
2512;CO;01-12-2025;21;82;82;01-12-2025 20:15;ELTORO-4;148224.7668;1;0;0;0;0;0;1;0;0
2512;CO;01-12-2025;21;83;83;01-12-2025 20:30;ELTORO-4;277488.0309;1;0;0;0;0;0;1;0;0
2512;CO;01-12-2025;21;84;84;01-12-2025 20:45;ELTORO-4;245559.0784;1;0;0;0;0;0;1;0;0
2512;CO;01-12-2025;22;85;85;01-12-2025 21:00;ELTORO-4;212726.6196;1;0;0;0;0;0;1;0;0
2512;CO;01-12-2025;22;86;86;01-12-2025 21:15;ELTORO-4;168716.0726;1;0;0;0;0;0;1;0;0
2512;CO;01-12-2025;22;87;87;01-12-2025 21:30;ELTORO-4;205442.0751;1;0;0;0;0;0;1;0;0
2512;CO;01-12-2025;22;88;88;01-12-2025 21:45;ELTORO-4;217706.3811;1;0;0;0;0;0;1;0;0
2512;CO;01-12-2025;23;89;89;01-12-2025 22:00;ELTORO-4;263624.3198;1;0;0;0;0;0;1;0;0
2512;CO;01-12-2025;23;90;90;01-12-2025 22:15;ELTORO-4;242874.2956;1;0;0;0;0;0;1;0;0
2512;CO;01-12-2025;23;91;91;01-12-2025 22:30;ELTORO-4;241706.9375;1;0;0;0;0;0;1;0;0
2512;CO;01-12-2025;23;92;92;01-12-2025 22:45;ELTORO-4;241783.0834;1;0;0;0;0;0;1;0;0
2512;CO;01-12-2025;24;93;93;01-12-2025 23:00;ELTORO-4;69929.08923;1;0;0;0;0;0;1;0;0
2512;CO;01-12-2025;24;94;94;01-12-2025 23:15;ELTORO-4;72144.81347;1;0;0;0;0;0;1;0;0
2512;CO;01-12-2025;24;95;95;01-12-2025 23:30;ELTORO-4;73575.07851;1;0;0;0;0;0;1;0;0
2512;CO;01-12-2025;24;96;96;01-12-2025 23:45;ELTORO-4;79954.15229;1;0;0;0;0;0;1;0;0
2512;CO;02-12-2025;1;2;98;02-12-2025 0:15;ELTORO-4;1354.600026;1;0;0;0;0;0;1;0;0
2512;CO;02-12-2025;1;3;99;02-12-2025 0:30;ELTORO-4;892.7077724;1;0;0;0;0;0;1;0;0
2512;CO;02-12-2025;1;4;100;02-12-2025 0:45;ELTORO-4;907.6021291;1;0;0;0;0;0;1;0;0
2512;CO;02-12-2025;4;13;109;02-12-2025 3:00;ELTORO-4;2176.635589;1;0;0;0;0;0;1;0;0
2512;CO;02-12-2025;4;14;110;02-12-2025 3:15;ELTORO-4;2090.583518;1;0;0;0;0;0;1;0;0
2512;CO;02-12-2025;4;15;111;02-12-2025 3:30;ELTORO-4;3008.472277;1;0;0;0;0;0;1;0;0
2512;CO;02-12-2025;4;16;112;02-12-2025 3:45;ELTORO-4;4528.725533;1;0;0;0;0;0;1;0;0
2512;CO;02-12-2025;7;25;121;02-12-2025 6:00;ELTORO-4;1792.469168;1;0;0;0;0;0;1;0;0
2512;CO;02-12-2025;7;26;122;02-12-2025 6:15;ELTORO-4;1399.622757;1;0;0;0;0;0;1;0;0
2512;CO;02-12-2025;7;27;123;02-12-2025 6:30;ELTORO-4;1347.243235;1;0;0;0;0;0;1;0;0
2512;CO;02-12-2025;21;84;180;02-12-2025 20:45;ELTORO-4;13311.13683;1;0;0;0;0;0;1;0;0
2512;CO;02-12-2025;22;85;181;02-12-2025 21:00;ELTORO-4;9953.561229;0.866276005;0.133723995;0;0;0;0;1;0;0
2512;CO;02-12-2025;22;88;184;02-12-2025 21:45;ELTORO-4;16555.87391;0.866276005;0.133723995;0;0;0;0;1;0;0
2512;CO;02-12-2025;24;93;189;02-12-2025 23:00;ELTORO-4;257.0673738;1;0;0;0;0;0;1;0;0
2512;CO;02-12-2025;24;94;190;02-12-2025 23:15;ELTORO-4;257.0673738;1;0;0;0;0;0;1;0;0
2512;CO;02-12-2025;24;95;191;02-12-2025 23:30;ELTORO-4;166.9102598;1;0;0;0;0;0;1;0;0
2512;CO;02-12-2025;24;96;192;02-12-2025 23:45;ELTORO-4;196.9816878;1;0;0;0;0;0;1;0;0
2512;CO;03-12-2025;1;4;196;03-12-2025 0:45;ELTORO-4;2236.685369;0.964444271;0.035555729;0;0;0;0;1;0;0
2512;CO;03-12-2025;7;27;219;03-12-2025 6:30;ELTORO-4;37140.78972;1;0;0;0;0;0;1;0;0
2512;CO;03-12-2025;7;28;220;03-12-2025 6:45;ELTORO-4;37181.47319;1;0;0;0;0;0;1;0;0
2512;CO;03-12-2025;8;29;221;03-12-2025 7:00;ELTORO-4;63026.42546;1;0;0;0;0;0;1;0;0
2512;CO;03-12-2025;20;79;271;03-12-2025 19:30;ELTORO-4;46357.73271;1;0;0;0;0;0;1;0;0
2512;CO;03-12-2025;20;80;272;03-12-2025 19:45;ELTORO-4;141139.2141;1;0;0;0;0;0;1;0;0
2512;CO;03-12-2025;21;81;273;03-12-2025 20:00;ELTORO-4;79758.62608;1;0;0;0;0;0;1;0;0
2512;CO;03-12-2025;21;82;274;03-12-2025 20:15;ELTORO-4;51943.22196;1;0;0;0;0;0;1;0;0
2512;CO;03-12-2025;21;83;275;03-12-2025 20:30;ELTORO-4;70471.49974;1;0;0;0;0;0;1;0;0
2512;CO;03-12-2025;21;84;276;03-12-2025 20:45;ELTORO-4;186741.5072;1;0;0;0;0;0;1;0;0
2512;CO;03-12-2025;22;85;277;03-12-2025 21:00;ELTORO-4;405233.1606;0.758300174;0.241699826;0;0;0;0;1;0;0
2512;CO;03-12-2025;22;86;278;03-12-2025 21:15;ELTORO-4;404812.6971;0.758300174;0.241699826;0;0;0;0;1;0;0
2512;CO;03-12-2025;22;87;279;03-12-2025 21:30;ELTORO-4;402149.9701;0.758300174;0.241699826;0;0;0;0;1;0;0
2512;CO;03-12-2025;22;88;280;03-12-2025 21:45;ELTORO-4;405933.8809;0.758300174;0.241699826;0;0;0;0;1;0;0
2512;CO;03-12-2025;23;89;281;03-12-2025 22:00;ELTORO-4;437666.2577;1;0;0;0;0;0;1;0;0
2512;CO;03-12-2025;23;90;282;03-12-2025 22:15;ELTORO-4;441659.3781;1;0;0;0;0;0;1;0;0
2512;CO;03-12-2025;23;91;283;03-12-2025 22:30;ELTORO-4;195274.8477;1;0;0;0;0;0;1;0;0
2512;CO;03-12-2025;23;92;284;03-12-2025 22:45;ELTORO-4;113253.2914;1;0;0;0;0;0;1;0;0
2512;CO;03-12-2025;24;93;285;03-12-2025 23:00;ELTORO-4;119084.3564;1;0;0;0;0;0;1;0;0
2512;CO;03-12-2025;24;94;286;03-12-2025 23:15;ELTORO-4;119041.1056;1;0;0;0;0;0;1;0;0
2512;CO;03-12-2025;24;95;287;03-12-2025 23:30;ELTORO-4;117010.0258;1;0;0;0;0;0;1;0;0
2512;CO;03-12-2025;24;96;288;03-12-2025 23:45;ELTORO-4;116275.351;1;0;0;0;0;0;1;0;0
2512;CO;04-12-2025;1;1;289;04-12-2025 0:00;ELTORO-4;82154.08921;1;0;0;0;0;0;1;0;0
2512;CO;04-12-2025;1;2;290;04-12-2025 0:15;ELTORO-4;67191.04821;1;0;0;0;0;0;1;0;0
2512;CO;04-12-2025;1;3;291;04-12-2025 0:30;ELTORO-4;35772.85791;1;0;0;0;0;0;1;0;0
2512;CO;04-12-2025;1;4;292;04-12-2025 0:45;ELTORO-4;36916.35595;1;0;0;0;0;0;1;0;0
2512;CO;04-12-2025;2;5;293;04-12-2025 1:00;ELTORO-4;28661.86858;1;0;0;0;0;0;1;0;0
2512;CO;04-12-2025;2;6;294;04-12-2025 1:15;ELTORO-4;70641.19938;1;0;0;0;0;0;1;0;0
2512;CO;04-12-2025;2;7;295;04-12-2025 1:30;ELTORO-4;72386.82988;1;0;0;0;0;0;1;0;0
2512;CO;04-12-2025;2;8;296;04-12-2025 1:45;ELTORO-4;45944.96387;1;0;0;0;0;0;1;0;0
2512;CO;04-12-2025;3;9;297;04-12-2025 2:00;ELTORO-4;24820.91844;1;0;0;0;0;0;1;0;0
2512;CO;04-12-2025;3;10;298;04-12-2025 2:15;ELTORO-4;31604.4252;1;0;0;0;0;0;1;0;0
2512;CO;04-12-2025;3;11;299;04-12-2025 2:30;ELTORO-4;32200.28813;1;0;0;0;0;0;1;0;0
2512;CO;04-12-2025;3;12;300;04-12-2025 2:45;ELTORO-4;51038.21815;1;0;0;0;0;0;1;0;0
2512;CO;04-12-2025;4;13;301;04-12-2025 3:00;ELTORO-4;34643.92181;1;0;0;0;0;0;1;0;0
2512;CO;04-12-2025;4;14;302;04-12-2025 3:15;ELTORO-4;4302.778405;1;0;0;0;0;0;1;0;0
2512;CO;04-12-2025;4;15;303;04-12-2025 3:30;ELTORO-4;4508.537668;1;0;0;0;0;0;1;0;0
2512;CO;04-12-2025;5;18;306;04-12-2025 4:15;ELTORO-4;5746.738089;1;0;0;0;0;0;1;0;0
2512;CO;04-12-2025;5;19;307;04-12-2025 4:30;ELTORO-4;1332.663267;1;0;0;0;0;0;1;0;0
2512;CO;04-12-2025;5;20;308;04-12-2025 4:45;ELTORO-4;1973.929644;1;0;0;0;0;0;1;0;0
2512;CO;04-12-2025;6;21;309;04-12-2025 5:00;ELTORO-4;240.949988;1;0;0;0;0;0;1;0;0
2512;CO;04-12-2025;6;22;310;04-12-2025 5:15;ELTORO-4;1381.940433;1;0;0;0;0;0;1;0;0
2512;CO;04-12-2025;6;23;311;04-12-2025 5:30;ELTORO-4;2981.384161;1;0;0;0;0;0;1;0;0
2512;CO;04-12-2025;6;24;312;04-12-2025 5:45;ELTORO-4;1860.835491;1;0;0;0;0;0;1;0;0
2512;CO;04-12-2025;7;25;313;04-12-2025 6:00;ELTORO-4;29668.49101;1;0;0;0;0;0;1;0;0
2512;CO;04-12-2025;7;26;314;04-12-2025 6:15;ELTORO-4;27685.95791;1;0;0;0;0;0;1;0;0
2512;CO;04-12-2025;7;27;315;04-12-2025 6:30;ELTORO-4;27827.5819;1;0;0;0;0;0;1;0;0
2512;CO;04-12-2025;7;28;316;04-12-2025 6:45;ELTORO-4;66129.63317;1;0;0;0;0;0;1;0;0
2512;CO;04-12-2025;8;29;317;04-12-2025 7:00;ELTORO-4;107882.5885;0.517847319;0.482152681;0;0;0;0;1;0;0
2512;CO;04-12-2025;10;39;327;04-12-2025 9:30;ELTORO-4;6676.902196;1;0;0;0;0;0;1;0;0
2512;CO;04-12-2025;10;40;328;04-12-2025 9:45;ELTORO-4;19296.99757;1;0;0;0;0;0;1;0;0
2512;CO;04-12-2025;11;41;329;04-12-2025 10:00;ELTORO-4;30301.50914;1;0;0;0;0;0;1;0;0
2512;CO;04-12-2025;11;42;330;04-12-2025 10:15;ELTORO-4;6304.862647;1;0;0;0;0;0;1;0;0
2512;CO;04-12-2025;15;60;348;04-12-2025 14:45;ELTORO-4;4553.914754;1;0;0;0;0;0;1;0;0
2512;CO;04-12-2025;16;61;349;04-12-2025 15:00;ELTORO-4;15822.87058;1;0;0;0;0;0;1;0;0
2512;CO;04-12-2025;16;62;350;04-12-2025 15:15;ELTORO-4;16755.24312;1;0;0;0;0;0;1;0;0
2512;CO;04-12-2025;16;63;351;04-12-2025 15:30;ELTORO-4;11157.60949;1;0;0;0;0;0;1;0;0
2512;CO;04-12-2025;17;65;353;04-12-2025 16:00;ELTORO-4;69796.81836;1;0;0;0;0;0;1;0;0
2512;CO;04-12-2025;17;66;354;04-12-2025 16:15;ELTORO-4;260252.6521;1;0;0;0;0;0;1;0;0
2512;CO;04-12-2025;17;67;355;04-12-2025 16:30;ELTORO-4;258303.4365;1;0;0;0;0;0;1;0;0
2512;CO;04-12-2025;17;68;356;04-12-2025 16:45;ELTORO-4;209477.2382;1;0;0;0;0;0;1;0;0
2512;CO;04-12-2025;18;69;357;04-12-2025 17:00;ELTORO-4;0;1;0;0;0;0;0;1;0;0
2512;CO;04-12-2025;18;70;358;04-12-2025 17:15;ELTORO-4;0;1;0;0;0;0;0;1;0;0
2512;CO;04-12-2025;18;71;359;04-12-2025 17:30;ELTORO-4;0;1;0;0;0;0;0;1;0;0
2512;CO;04-12-2025;18;72;360;04-12-2025 17:45;ELTORO-4;0;1;0;0;0;0;0;1;0;0
2512;CO;04-12-2025;19;73;361;04-12-2025 18:00;ELTORO-4;212498.149;1;0;0;0;0;0;1;0;0
2512;CO;04-12-2025;19;74;362;04-12-2025 18:15;ELTORO-4;27315.94292;1;0;0;0;0;0;1;0;0
2512;CO;04-12-2025;19;75;363;04-12-2025 18:30;ELTORO-4;26718.72254;1;0;0;0;0;0;1;0;0
2512;CO;04-12-2025;19;76;364;04-12-2025 18:45;ELTORO-4;359116.3197;1;0;0;0;0;0;1;0;0
2512;CO;04-12-2025;20;77;365;04-12-2025 19:00;ELTORO-4;169648.4449;1;0;0;0;0;0;1;0;0
2512;CO;04-12-2025;20;78;366;04-12-2025 19:15;ELTORO-4;166197.9875;1;0;0;0;0;0;1;0;0
2512;CO;04-12-2025;20;79;367;04-12-2025 19:30;ELTORO-4;164194.4961;1;0;0;0;0;0;1;0;0
2512;CO;04-12-2025;20;80;368;04-12-2025 19:45;ELTORO-4;162218.831;1;0;0;0;0;0;1;0;0
2512;CO;04-12-2025;21;81;369;04-12-2025 20:00;ELTORO-4;407236.7021;1;0;0;0;0;0;1;0;0
2512;CO;04-12-2025;21;82;370;04-12-2025 20:15;ELTORO-4;404426.0899;1;0;0;0;0;0;1;0;0
2512;CO;04-12-2025;21;83;371;04-12-2025 20:30;ELTORO-4;304655.2773;1;0;0;0;0;0;1;0;0
2512;CO;04-12-2025;21;84;372;04-12-2025 20:45;ELTORO-4;98212.02053;1;0;0;0;0;0;1;0;0
2512;CO;04-12-2025;22;85;373;04-12-2025 21:00;ELTORO-4;74929.97184;1;0;0;0;0;0;1;0;0
2512;CO;04-12-2025;22;86;374;04-12-2025 21:15;ELTORO-4;75350.32391;1;0;0;0;0;0;1;0;0
2512;CO;04-12-2025;22;87;375;04-12-2025 21:30;ELTORO-4;76134.96535;1;0;0;0;0;0;1;0;0
2512;CO;04-12-2025;22;88;376;04-12-2025 21:45;ELTORO-4;110280.8838;1;0;0;0;0;0;1;0;0
2512;CO;04-12-2025;23;89;377;04-12-2025 22:00;ELTORO-4;449352.5301;1;0;0;0;0;0;1;0;0
2512;CO;04-12-2025;23;90;378;04-12-2025 22:15;ELTORO-4;158796.2745;1;0;0;0;0;0;1;0;0
2512;CO;04-12-2025;23;91;379;04-12-2025 22:30;ELTORO-4;116591.0762;1;0;0;0;0;0;1;0;0
2512;CO;04-12-2025;23;92;380;04-12-2025 22:45;ELTORO-4;116182.8617;1;0;0;0;0;0;1;0;0
2512;CO;04-12-2025;24;93;381;04-12-2025 23:00;ELTORO-4;122546.0155;1;0;0;0;0;0;1;0;0
2512;CO;04-12-2025;24;94;382;04-12-2025 23:15;ELTORO-4;122712.7263;1;0;0;0;0;0;1;0;0
2512;CO;04-12-2025;24;95;383;04-12-2025 23:30;ELTORO-4;123546.338;1;0;0;0;0;0;1;0;0
2512;CO;04-12-2025;24;96;384;04-12-2025 23:45;ELTORO-4;122796.1105;1;0;0;0;0;0;1;0;0
2512;CO;05-12-2025;17;68;452;05-12-2025 16:45;ELTORO-4;306265.7883;1;0;0;0;0;0;1;0;0
2512;CO;05-12-2025;18;69;453;05-12-2025 17:00;ELTORO-4;1020942.064;1;0;0;0;0;0;1;0;0
2512;CO;05-12-2025;19;73;457;05-12-2025 18:00;ELTORO-4;0;1;0;0;0;0;0;1;0;0
2512;CO;05-12-2025;20;79;463;05-12-2025 19:30;ELTORO-4;327785.4548;1;0;0;0;0;0;1;0;0
2512;CO;05-12-2025;20;80;464;05-12-2025 19:45;ELTORO-4;11780.33011;1;0;0;0;0;0;1;0;0
2512;CO;05-12-2025;21;81;465;05-12-2025 20:00;ELTORO-4;16925.52559;1;0;0;0;0;0;1;0;0
2512;CO;05-12-2025;21;82;466;05-12-2025 20:15;ELTORO-4;21231.3582;1;0;0;0;0;0;1;0;0
2512;CO;05-12-2025;21;83;467;05-12-2025 20:30;ELTORO-4;22389.28608;1;0;0;0;0;0;1;0;0
2512;CO;05-12-2025;21;84;468;05-12-2025 20:45;ELTORO-4;23283.25898;1;0;0;0;0;0;1;0;0
2512;CO;05-12-2025;22;85;469;05-12-2025 21:00;ELTORO-4;130170.4257;1;0;0;0;0;0;1;0;0
2512;CO;05-12-2025;22;86;470;05-12-2025 21:15;ELTORO-4;143471.762;1;0;0;0;0;0;1;0;0
2512;CO;05-12-2025;22;87;471;05-12-2025 21:30;ELTORO-4;142831.709;1;0;0;0;0;0;1;0;0
2512;CO;05-12-2025;22;88;472;05-12-2025 21:45;ELTORO-4;149103.1017;1;0;0;0;0;0;1;0;0
2512;CO;05-12-2025;23;89;473;05-12-2025 22:00;ELTORO-4;147112.9131;1;0;0;0;0;0;1;0;0
2512;CO;05-12-2025;23;90;474;05-12-2025 22:15;ELTORO-4;158414.2834;1;0;0;0;0;0;1;0;0
2512;CO;05-12-2025;23;91;475;05-12-2025 22:30;ELTORO-4;217537.2616;1;0;0;0;0;0;1;0;0
2512;CO;05-12-2025;23;92;476;05-12-2025 22:45;ELTORO-4;213239.2619;1;0;0;0;0;0;1;0;0
2512;CO;05-12-2025;24;93;477;05-12-2025 23:00;ELTORO-4;204481.7008;1;0;0;0;0;0;1;0;0
2512;CO;05-12-2025;24;94;478;05-12-2025 23:15;ELTORO-4;219308.6295;1;0;0;0;0;0;1;0;0
2512;CO;05-12-2025;24;95;479;05-12-2025 23:30;ELTORO-4;25673.26735;1;0;0;0;0;0;1;0;0
2512;CO;05-12-2025;24;96;480;05-12-2025 23:45;ELTORO-4;3091.753093;1;0;0;0;0;0;1;0;0
2512;CO;06-12-2025;13;51;531;06-12-2025 12:30;ELTORO-4;0;1;0;0;0;0;0;1;0;0
2512;CO;06-12-2025;13;52;532;06-12-2025 12:45;ELTORO-4;0;1;0;0;0;0;0;1;0;0
2512;CO;06-12-2025;14;53;533;06-12-2025 13:00;ELTORO-4;0;1;0;0;0;0;0;1;0;0
2512;CO;06-12-2025;14;54;534;06-12-2025 13:15;ELTORO-4;0;1;0;0;0;0;0;1;0;0
2512;CO;06-12-2025;14;55;535;06-12-2025 13:30;ELTORO-4;0;1;0;0;0;0;0;1;0;0
2512;CO;06-12-2025;14;56;536;06-12-2025 13:45;ELTORO-4;0;1;0;0;0;0;0;1;0;0
2512;CO;06-12-2025;15;57;537;06-12-2025 14:00;ELTORO-4;0;1;0;0;0;0;0;1;0;0
2512;CO;06-12-2025;16;64;544;06-12-2025 15:45;ELTORO-4;0;1;0;0;0;0;0;1;0;0
2512;CO;06-12-2025;17;65;545;06-12-2025 16:00;ELTORO-4;0;1;0;0;0;0;0;1;0;0
2512;CO;06-12-2025;17;66;546;06-12-2025 16:15;ELTORO-4;0;1;0;0;0;0;0;1;0;0
2512;CO;06-12-2025;17;67;547;06-12-2025 16:30;ELTORO-4;0;1;0;0;0;0;0;1;0;0
2512;CO;06-12-2025;17;68;548;06-12-2025 16:45;ELTORO-4;0;1;0;0;0;0;0;1;0;0
2512;CO;06-12-2025;18;69;549;06-12-2025 17:00;ELTORO-4;0;1;0;0;0;0;0;1;0;0
2512;CO;06-12-2025;18;70;550;06-12-2025 17:15;ELTORO-4;0;1;0;0;0;0;0;1;0;0
2512;CO;06-12-2025;18;71;551;06-12-2025 17:30;ELTORO-4;0;1;0;0;0;0;0;1;0;0
2512;CO;06-12-2025;18;72;552;06-12-2025 17:45;ELTORO-4;0;1;0;0;0;0;0;1;0;0
2512;CO;06-12-2025;19;73;553;06-12-2025 18:00;ELTORO-4;0;1;0;0;0;0;0;1;0;0
2512;CO;06-12-2025;19;75;555;06-12-2025 18:30;ELTORO-4;0;1;0;0;0;0;0;1;0;0
2512;CO;06-12-2025;19;76;556;06-12-2025 18:45;ELTORO-4;0;1;0;0;0;0;0;1;0;0
2512;CO;06-12-2025;21;81;561;06-12-2025 20:00;ELTORO-4;0;1;0;0;0;0;0;1;0;0
2512;CO;06-12-2025;21;82;562;06-12-2025 20:15;ELTORO-4;0;1;0;0;0;0;0;1;0;0
2512;CO;06-12-2025;21;83;563;06-12-2025 20:30;ELTORO-4;0;1;0;0;0;0;0;1;0;0
2512;CO;06-12-2025;21;84;564;06-12-2025 20:45;ELTORO-4;0;1;0;0;0;0;0;1;0;0
2512;CO;06-12-2025;22;85;565;06-12-2025 21:00;ELTORO-4;0;1;0;0;0;0;0;1;0;0
2512;CO;06-12-2025;22;86;566;06-12-2025 21:15;ELTORO-4;0;1;0;0;0;0;0;1;0;0
2512;CO;06-12-2025;22;87;567;06-12-2025 21:30;ELTORO-4;0;1;0;0;0;0;0;1;0;0
2512;CO;06-12-2025;22;88;568;06-12-2025 21:45;ELTORO-4;0;1;0;0;0;0;0;1;0;0
2512;CO;06-12-2025;23;89;569;06-12-2025 22:00;ELTORO-4;0;1;0;0;0;0;0;1;0;0
2512;CO;06-12-2025;23;90;570;06-12-2025 22:15;ELTORO-4;0;1;0;0;0;0;0;1;0;0
2512;CO;06-12-2025;23;91;571;06-12-2025 22:30;ELTORO-4;0;1;0;0;0;0;0;1;0;0
2512;CO;06-12-2025;23;92;572;06-12-2025 22:45;ELTORO-4;0;1;0;0;0;0;0;1;0;0
2512;CO;06-12-2025;24;93;573;06-12-2025 23:00;ELTORO-4;0;1;0;0;0;0;0;1;0;0
2512;CO;06-12-2025;24;94;574;06-12-2025 23:15;ELTORO-4;0;1;0;0;0;0;0;1;0;0
2512;CO;06-12-2025;24;95;575;06-12-2025 23:30;ELTORO-4;0;1;0;0;0;0;0;1;0;0
2512;CO;06-12-2025;24;96;576;06-12-2025 23:45;ELTORO-4;0;1;0;0;0;0;0;1;0;0
2512;CO;07-12-2025;1;1;577;07-12-2025 0:00;ELTORO-4;165823.397;1;0;0;0;0;0;1;0;0
2512;CO;07-12-2025;1;2;578;07-12-2025 0:15;ELTORO-4;143049.709;1;0;0;0;0;0;1;0;0
2512;CO;07-12-2025;1;3;579;07-12-2025 0:30;ELTORO-4;79630.41784;1;0;0;0;0;0;1;0;0
2512;CO;07-12-2025;1;4;580;07-12-2025 0:45;ELTORO-4;45376.20083;1;0;0;0;0;0;1;0;0
2512;CO;07-12-2025;2;5;581;07-12-2025 1:00;ELTORO-4;27101.02245;1;0;0;0;0;0;1;0;0
2512;CO;07-12-2025;2;6;582;07-12-2025 1:15;ELTORO-4;25814.40233;1;0;0;0;0;0;1;0;0
2512;CO;07-12-2025;2;7;583;07-12-2025 1:30;ELTORO-4;25975.20069;1;0;0;0;0;0;1;0;0
2512;CO;07-12-2025;2;8;584;07-12-2025 1:45;ELTORO-4;26329.03871;1;0;0;0;0;0;1;0;0
2512;CO;07-12-2025;3;9;585;07-12-2025 2:00;ELTORO-4;10151.64247;1;0;0;0;0;0;1;0;0
2512;CO;07-12-2025;11;41;617;07-12-2025 10:00;ELTORO-4;1496.132164;1;0;0;0;0;0;1;0;0
2512;CO;07-12-2025;11;42;618;07-12-2025 10:15;ELTORO-4;1930.761163;1;0;0;0;0;0;1;0;0
2512;CO;07-12-2025;11;43;619;07-12-2025 10:30;ELTORO-4;2908.676411;1;0;0;0;0;0;1;0;0
2512;CO;07-12-2025;11;44;620;07-12-2025 10:45;ELTORO-4;3669.27716;1;0;0;0;0;0;1;0;0
2512;CO;07-12-2025;20;80;656;07-12-2025 19:45;ELTORO-4;6018.507837;1;0;0;0;0;0;1;0;0
2512;CO;07-12-2025;21;81;657;07-12-2025 20:00;ELTORO-4;7124.483382;1;0;0;0;0;0;1;0;0
2512;CO;07-12-2025;21;82;658;07-12-2025 20:15;ELTORO-4;6420.207537;1;0;0;0;0;0;1;0;0
2512;CO;07-12-2025;21;83;659;07-12-2025 20:30;ELTORO-4;6068.041629;1;0;0;0;0;0;1;0;0
2512;CO;07-12-2025;21;84;660;07-12-2025 20:45;ELTORO-4;5847.965922;1;0;0;0;0;0;1;0;0
2512;CO;07-12-2025;22;85;661;07-12-2025 21:00;ELTORO-4;26259.45677;1;0;0;0;0;0;1;0;0
2512;CO;07-12-2025;22;86;662;07-12-2025 21:15;ELTORO-4;26307.29516;1;0;0;0;0;0;1;0;0
2512;CO;07-12-2025;22;87;663;07-12-2025 21:30;ELTORO-4;26020.17971;1;0;0;0;0;0;1;0;0
2512;CO;07-12-2025;22;88;664;07-12-2025 21:45;ELTORO-4;25421.98706;1;0;0;0;0;0;1;0;0
2512;CO;07-12-2025;23;89;665;07-12-2025 22:00;ELTORO-4;97665.39364;1;0;0;0;0;0;1;0;0
2512;CO;07-12-2025;23;90;666;07-12-2025 22:15;ELTORO-4;63943.98277;1;0;0;0;0;0;1;0;0
2512;CO;07-12-2025;23;91;667;07-12-2025 22:30;ELTORO-4;7485.874473;1;0;0;0;0;0;1;0;0
2512;CO;07-12-2025;23;92;668;07-12-2025 22:45;ELTORO-4;16200.55345;1;0;0;0;0;0;1;0;0
2512;CO;07-12-2025;24;93;669;07-12-2025 23:00;ELTORO-4;107551.6142;1;0;0;0;0;0;1;0;0
2512;CO;07-12-2025;24;94;670;07-12-2025 23:15;ELTORO-4;108965.3805;1;0;0;0;0;0;1;0;0
2512;CO;07-12-2025;24;95;671;07-12-2025 23:30;ELTORO-4;95849.4579;1;0;0;0;0;0;1;0;0
2512;CO;07-12-2025;24;96;672;07-12-2025 23:45;ELTORO-4;85568.01751;1;0;0;0;0;0;1;0;0
2512;CO;08-12-2025;1;1;673;08-12-2025 0:00;ELTORO-4;61063.4967;1;0;0;0;0;0;1;0;0
2512;CO;08-12-2025;1;2;674;08-12-2025 0:15;ELTORO-4;58550.73274;1;0;0;0;0;0;1;0;0
2512;CO;08-12-2025;1;3;675;08-12-2025 0:30;ELTORO-4;59279.07167;1;0;0;0;0;0;1;0;0
2512;CO;08-12-2025;1;4;676;08-12-2025 0:45;ELTORO-4;57931.66067;1;0;0;0;0;0;1;0;0
2512;CO;08-12-2025;2;5;677;08-12-2025 1:00;ELTORO-4;61385.41536;1;0;0;0;0;0;1;0;0
2512;CO;08-12-2025;2;6;678;08-12-2025 1:15;ELTORO-4;62542.32927;1;0;0;0;0;0;1;0;0
2512;CO;08-12-2025;2;7;679;08-12-2025 1:30;ELTORO-4;52173.53711;1;0;0;0;0;0;1;0;0
2512;CO;08-12-2025;2;8;680;08-12-2025 1:45;ELTORO-4;39002.63466;1;0;0;0;0;0;1;0;0
2512;CO;08-12-2025;3;9;681;08-12-2025 2:00;ELTORO-4;39769.52589;1;0;0;0;0;0;1;0;0
2512;CO;08-12-2025;3;10;682;08-12-2025 2:15;ELTORO-4;39956.0176;1;0;0;0;0;0;1;0;0
2512;CO;08-12-2025;6;22;694;08-12-2025 5:15;ELTORO-4;25745.6578;1;0;0;0;0;0;1;0;0
2512;CO;08-12-2025;6;23;695;08-12-2025 5:30;ELTORO-4;25400.85959;1;0;0;0;0;0;1;0;0
2512;CO;08-12-2025;6;24;696;08-12-2025 5:45;ELTORO-4;25699.67285;1;0;0;0;0;0;1;0;0
2512;CO;08-12-2025;7;25;697;08-12-2025 6:00;ELTORO-4;26533.08372;1;0;0;0;0;0;1;0;0
2512;CO;08-12-2025;7;26;698;08-12-2025 6:15;ELTORO-4;38113.46939;1;0;0;0;0;0;1;0;0
2512;CO;08-12-2025;7;27;699;08-12-2025 6:30;ELTORO-4;37874.93044;1;0;0;0;0;0;1;0;0
2512;CO;08-12-2025;7;28;700;08-12-2025 6:45;ELTORO-4;38137.32678;1;0;0;0;0;0;1;0;0
2512;CO;08-12-2025;20;79;751;08-12-2025 19:30;ELTORO-4;44033.42543;1;0;0;0;0;0;1;0;0
2512;CO;08-12-2025;20;80;752;08-12-2025 19:45;ELTORO-4;46509.50451;1;0;0;0;0;0;1;0;0
2512;CO;08-12-2025;21;81;753;08-12-2025 20:00;ELTORO-4;49056.64112;0.951282359;0.048717641;0;0;0;0;1;0;0
2512;CO;08-12-2025;21;82;754;08-12-2025 20:15;ELTORO-4;53571.78442;0.951282359;0.048717641;0;0;0;0;1;0;0
2512;CO;08-12-2025;21;83;755;08-12-2025 20:30;ELTORO-4;60649.20972;0.951282359;0.048717641;0;0;0;0;1;0;0
2512;CO;08-12-2025;21;84;756;08-12-2025 20:45;ELTORO-4;61073.32509;0.951282359;0.048717641;0;0;0;0;1;0;0
2512;CO;08-12-2025;22;85;757;08-12-2025 21:00;ELTORO-4;123567.249;1;0;0;0;0;0;1;0;0
2512;CO;08-12-2025;22;86;758;08-12-2025 21:15;ELTORO-4;122826.2763;1;0;0;0;0;0;1;0;0
2512;CO;08-12-2025;22;87;759;08-12-2025 21:30;ELTORO-4;125419.6251;1;0;0;0;0;0;1;0;0
2512;CO;08-12-2025;22;88;760;08-12-2025 21:45;ELTORO-4;125666.5975;1;0;0;0;0;0;1;0;0
2512;CO;08-12-2025;23;89;761;08-12-2025 22:00;ELTORO-4;94805.27367;1;0;0;0;0;0;1;0;0
2512;CO;08-12-2025;23;90;762;08-12-2025 22:15;ELTORO-4;115913.3997;1;0;0;0;0;0;1;0;0
2512;CO;08-12-2025;23;91;763;08-12-2025 22:30;ELTORO-4;124370.2089;1;0;0;0;0;0;1;0;0
2512;CO;08-12-2025;23;92;764;08-12-2025 22:45;ELTORO-4;125083.9158;1;0;0;0;0;0;1;0;0
2512;CO;08-12-2025;24;93;765;08-12-2025 23:00;ELTORO-4;297380.162;1;0;0;0;0;0;1;0;0
2512;CO;08-12-2025;24;94;766;08-12-2025 23:15;ELTORO-4;301839.3461;1;0;0;0;0;0;1;0;0
2512;CO;08-12-2025;24;95;767;08-12-2025 23:30;ELTORO-4;275117.5848;1;0;0;0;0;0;1;0;0
2512;CO;08-12-2025;24;96;768;08-12-2025 23:45;ELTORO-4;111955.2254;1;0;0;0;0;0;1;0;0
2512;CO;09-12-2025;1;1;769;09-12-2025 0:00;ELTORO-4;53980.19067;0.799826199;0.200173801;0;0;0;0;1;0;0
2512;CO;09-12-2025;1;2;770;09-12-2025 0:15;ELTORO-4;52914.32847;0.799826199;0.200173801;0;0;0;0;1;0;0
2512;CO;09-12-2025;1;3;771;09-12-2025 0:30;ELTORO-4;159367.011;0.799826199;0.200173801;0;0;0;0;1;0;0
2512;CO;09-12-2025;1;4;772;09-12-2025 0:45;ELTORO-4;404505.6438;0.799826199;0.200173801;0;0;0;0;1;0;0
2512;CO;09-12-2025;2;5;773;09-12-2025 1:00;ELTORO-4;436249.5521;1;0;0;0;0;0;1;0;0
2512;CO;09-12-2025;2;6;774;09-12-2025 1:15;ELTORO-4;434509.0958;1;0;0;0;0;0;1;0;0
2512;CO;09-12-2025;2;7;775;09-12-2025 1:30;ELTORO-4;323948.7023;1;0;0;0;0;0;1;0;0
2512;CO;09-12-2025;2;8;776;09-12-2025 1:45;ELTORO-4;64650.26531;1;0;0;0;0;0;1;0;0
2512;CO;09-12-2025;3;9;777;09-12-2025 2:00;ELTORO-4;78419.29503;1;0;0;0;0;0;1;0;0
2512;CO;09-12-2025;3;10;778;09-12-2025 2:15;ELTORO-4;79345.66676;1;0;0;0;0;0;1;0;0
2512;CO;09-12-2025;3;11;779;09-12-2025 2:30;ELTORO-4;79025.00171;1;0;0;0;0;0;1;0;0
2512;CO;09-12-2025;3;12;780;09-12-2025 2:45;ELTORO-4;78775.58351;1;0;0;0;0;0;1;0;0
2512;CO;09-12-2025;4;13;781;09-12-2025 3:00;ELTORO-4;49618.74642;1;0;0;0;0;0;1;0;0
2512;CO;09-12-2025;4;14;782;09-12-2025 3:15;ELTORO-4;59700.74262;1;0;0;0;0;0;1;0;0
2512;CO;09-12-2025;4;15;783;09-12-2025 3:30;ELTORO-4;59057.38008;1;0;0;0;0;0;1;0;0
2512;CO;09-12-2025;4;16;784;09-12-2025 3:45;ELTORO-4;59759.22297;1;0;0;0;0;0;1;0;0
2512;CO;09-12-2025;5;17;785;09-12-2025 4:00;ELTORO-4;55810.02856;1;0;0;0;0;0;1;0;0
2512;CO;09-12-2025;5;18;786;09-12-2025 4:15;ELTORO-4;55733.34033;1;0;0;0;0;0;1;0;0
2512;CO;09-12-2025;5;19;787;09-12-2025 4:30;ELTORO-4;55925.02154;1;0;0;0;0;0;1;0;0
2512;CO;09-12-2025;5;20;788;09-12-2025 4:45;ELTORO-4;56423.40319;1;0;0;0;0;0;1;0;0
2512;CO;09-12-2025;6;21;789;09-12-2025 5:00;ELTORO-4;111074.0575;1;0;0;0;0;0;1;0;0
2512;CO;09-12-2025;6;22;790;09-12-2025 5:15;ELTORO-4;111221.3909;1;0;0;0;0;0;1;0;0
2512;CO;09-12-2025;6;23;791;09-12-2025 5:30;ELTORO-4;110337.5392;1;0;0;0;0;0;1;0;0
2512;CO;09-12-2025;6;24;792;09-12-2025 5:45;ELTORO-4;110668.9773;1;0;0;0;0;0;1;0;0
2512;CO;09-12-2025;7;25;793;09-12-2025 6:00;ELTORO-4;192719.5946;1;0;0;0;0;0;1;0;0
2512;CO;09-12-2025;7;26;794;09-12-2025 6:15;ELTORO-4;341390.7185;1;0;0;0;0;0;1;0;0
2512;CO;09-12-2025;7;27;795;09-12-2025 6:30;ELTORO-4;491652.4519;1;0;0;0;0;0;1;0;0
2512;CO;09-12-2025;7;28;796;09-12-2025 6:45;ELTORO-4;362269.1908;1;0;0;0;0;0;1;0;0
2512;CO;09-12-2025;8;29;797;09-12-2025 7:00;ELTORO-4;192371.8382;1;0;0;0;0;0;1;0;0
2512;CO;09-12-2025;9;33;801;09-12-2025 8:00;ELTORO-4;75840.73204;1;0;0;0;0;0;1;0;0
2512;CO;09-12-2025;9;34;802;09-12-2025 8:15;ELTORO-4;75519.82329;1;0;0;0;0;0;1;0;0
2512;CO;09-12-2025;9;35;803;09-12-2025 8:30;ELTORO-4;76729.40245;1;0;0;0;0;0;1;0;0
2512;CO;09-12-2025;9;36;804;09-12-2025 8:45;ELTORO-4;78704.22558;1;0;0;0;0;0;1;0;0
2512;CO;09-12-2025;10;37;805;09-12-2025 9:00;ELTORO-4;112907.349;1;0;0;0;0;0;1;0;0
2512;CO;09-12-2025;10;38;806;09-12-2025 9:15;ELTORO-4;117363.2361;1;0;0;0;0;0;1;0;0
2512;CO;09-12-2025;10;39;807;09-12-2025 9:30;ELTORO-4;116928.524;1;0;0;0;0;0;1;0;0
2512;CO;09-12-2025;10;40;808;09-12-2025 9:45;ELTORO-4;85603.1979;1;0;0;0;0;0;1;0;0
2512;CO;09-12-2025;20;79;847;09-12-2025 19:30;ELTORO-4;21464.64815;0.751399894;0.248600106;0;0;0;0;1;0;0
2512;CO;09-12-2025;20;80;848;09-12-2025 19:45;ELTORO-4;65435.14618;0.751399894;0.248600106;0;0;0;0;1;0;0
2512;CO;09-12-2025;21;81;849;09-12-2025 20:00;ELTORO-4;27876.96821;1;0;0;0;0;0;1;0;0
2512;CO;09-12-2025;21;82;850;09-12-2025 20:15;ELTORO-4;54096.96982;1;0;0;0;0;0;1;0;0
2512;CO;09-12-2025;21;83;851;09-12-2025 20:30;ELTORO-4;98248.56015;1;0;0;0;0;0;1;0;0
2512;CO;09-12-2025;21;84;852;09-12-2025 20:45;ELTORO-4;105245.0684;1;0;0;0;0;0;1;0;0
2512;CO;09-12-2025;22;85;853;09-12-2025 21:00;ELTORO-4;44725.43439;1;0;0;0;0;0;1;0;0
2512;CO;09-12-2025;22;86;854;09-12-2025 21:15;ELTORO-4;44676.22589;1;0;0;0;0;0;1;0;0
2512;CO;09-12-2025;22;87;855;09-12-2025 21:30;ELTORO-4;44465.33983;1;0;0;0;0;0;1;0;0
2512;CO;09-12-2025;22;88;856;09-12-2025 21:45;ELTORO-4;44282.57191;1;0;0;0;0;0;1;0;0
2512;CO;09-12-2025;23;89;857;09-12-2025 22:00;ELTORO-4;636553.4125;1;0;0;0;0;0;1;0;0
2512;CO;09-12-2025;23;90;858;09-12-2025 22:15;ELTORO-4;737756.0781;1;0;0;0;0;0;1;0;0
2512;CO;09-12-2025;23;91;859;09-12-2025 22:30;ELTORO-4;718662.1836;1;0;0;0;0;0;1;0;0
2512;CO;09-12-2025;23;92;860;09-12-2025 22:45;ELTORO-4;673179.1566;1;0;0;0;0;0;1;0;0
2512;CO;09-12-2025;24;93;861;09-12-2025 23:00;ELTORO-4;702084.807;1;0;0;0;0;0;1;0;0
2512;CO;09-12-2025;24;94;862;09-12-2025 23:15;ELTORO-4;692829.0602;1;0;0;0;0;0;1;0;0
2512;CO;09-12-2025;24;95;863;09-12-2025 23:30;ELTORO-4;691849.3889;1;0;0;0;0;0;1;0;0
2512;CO;09-12-2025;24;96;864;09-12-2025 23:45;ELTORO-4;499615.2981;1;0;0;0;0;0;1;0;0
2512;CO;10-12-2025;1;1;865;10-12-2025 0:00;ELTORO-4;232597.1428;1;0;0;0;0;0;1;0;0
2512;CO;10-12-2025;1;2;866;10-12-2025 0:15;ELTORO-4;239910.991;1;0;0;0;0;0;1;0;0
2512;CO;10-12-2025;1;3;867;10-12-2025 0:30;ELTORO-4;242454.2387;1;0;0;0;0;0;1;0;0
2512;CO;10-12-2025;1;4;868;10-12-2025 0:45;ELTORO-4;384225.0851;1;0;0;0;0;0;1;0;0
2512;CO;10-12-2025;2;5;869;10-12-2025 1:00;ELTORO-4;642263.9287;1;0;0;0;0;0;1;0;0
2512;CO;10-12-2025;2;6;870;10-12-2025 1:15;ELTORO-4;644504.1974;1;0;0;0;0;0;1;0;0
2512;CO;10-12-2025;2;7;871;10-12-2025 1:30;ELTORO-4;643556.3848;1;0;0;0;0;0;1;0;0
2512;CO;10-12-2025;2;8;872;10-12-2025 1:45;ELTORO-4;645452.0101;1;0;0;0;0;0;1;0;0
2512;CO;10-12-2025;3;9;873;10-12-2025 2:00;ELTORO-4;514486.8021;1;0;0;0;0;0;1;0;0
2512;CO;10-12-2025;3;10;874;10-12-2025 2:15;ELTORO-4;382602.0488;1;0;0;0;0;0;1;0;0
2512;CO;10-12-2025;3;11;875;10-12-2025 2:30;ELTORO-4;273744.1891;1;0;0;0;0;0;1;0;0
2512;CO;10-12-2025;3;12;876;10-12-2025 2:45;ELTORO-4;431109.505;1;0;0;0;0;0;1;0;0
2512;CO;10-12-2025;4;13;877;10-12-2025 3:00;ELTORO-4;680380.3756;1;0;0;0;0;0;1;0;0
2512;CO;10-12-2025;4;14;878;10-12-2025 3:15;ELTORO-4;680380.3756;1;0;0;0;0;0;1;0;0
2512;CO;10-12-2025;4;15;879;10-12-2025 3:30;ELTORO-4;678891.6707;1;0;0;0;0;0;1;0;0
2512;CO;10-12-2025;4;16;880;10-12-2025 3:45;ELTORO-4;678612.5386;1;0;0;0;0;0;1;0;0
2512;CO;10-12-2025;5;17;881;10-12-2025 4:00;ELTORO-4;344578.5547;1;0;0;0;0;0;1;0;0
2512;CO;10-12-2025;5;18;882;10-12-2025 4:15;ELTORO-4;344521.5099;1;0;0;0;0;0;1;0;0
2512;CO;10-12-2025;5;19;883;10-12-2025 4:30;ELTORO-4;346803.3045;1;0;0;0;0;0;1;0;0
2512;CO;10-12-2025;5;20;884;10-12-2025 4:45;ELTORO-4;443734.345;1;0;0;0;0;0;1;0;0
2512;CO;10-12-2025;6;21;885;10-12-2025 5:00;ELTORO-4;560978.5287;1;0;0;0;0;0;1;0;0
2512;CO;10-12-2025;6;22;886;10-12-2025 5:15;ELTORO-4;569218.0514;1;0;0;0;0;0;1;0;0
2512;CO;10-12-2025;6;23;887;10-12-2025 5:30;ELTORO-4;616472.414;1;0;0;0;0;0;1;0;0
2512;CO;10-12-2025;6;24;888;10-12-2025 5:45;ELTORO-4;646543.2029;1;0;0;0;0;0;1;0;0
2512;CO;10-12-2025;7;25;889;10-12-2025 6:00;ELTORO-4;811672.333;1;0;0;0;0;0;1;0;0
2512;CO;10-12-2025;7;26;890;10-12-2025 6:15;ELTORO-4;810754.6259;1;0;0;0;0;0;1;0;0
2512;CO;10-12-2025;7;27;891;10-12-2025 6:30;ELTORO-4;787527.6563;1;0;0;0;0;0;1;0;0
2512;CO;10-12-2025;7;28;892;10-12-2025 6:45;ELTORO-4;670250.392;1;0;0;0;0;0;1;0;0
2512;CO;10-12-2025;8;29;893;10-12-2025 7:00;ELTORO-4;605085.739;1;0;0;0;0;0;1;0;0
2512;CO;10-12-2025;8;30;894;10-12-2025 7:15;ELTORO-4;125895.0516;1;0;0;0;0;0;1;0;0
2512;CO;10-12-2025;8;31;895;10-12-2025 7:30;ELTORO-4;62867.75458;1;0;0;0;0;0;1;0;0
2512;CO;10-12-2025;9;34;898;10-12-2025 8:15;ELTORO-4;88304.95134;1;0;0;0;0;0;1;0;0
2512;CO;10-12-2025;9;35;899;10-12-2025 8:30;ELTORO-4;80428.4929;1;0;0;0;0;0;1;0;0
2512;CO;10-12-2025;9;36;900;10-12-2025 8:45;ELTORO-4;24652.65017;1;0;0;0;0;0;1;0;0
2512;CO;10-12-2025;10;37;901;10-12-2025 9:00;ELTORO-4;18713.86428;1;0;0;0;0;0;1;0;0
2512;CO;10-12-2025;10;38;902;10-12-2025 9:15;ELTORO-4;21389.64666;1;0;0;0;0;0;1;0;0
2512;CO;10-12-2025;10;39;903;10-12-2025 9:30;ELTORO-4;41354.55717;1;0;0;0;0;0;1;0;0
2512;CO;10-12-2025;10;40;904;10-12-2025 9:45;ELTORO-4;42173.83136;1;0;0;0;0;0;1;0;0
2512;CO;10-12-2025;11;41;905;10-12-2025 10:00;ELTORO-4;28780.23743;1;0;0;0;0;0;1;0;0
2512;CO;10-12-2025;11;42;906;10-12-2025 10:15;ELTORO-4;21457.12251;1;0;0;0;0;0;1;0;0
2512;CO;10-12-2025;11;43;907;10-12-2025 10:30;ELTORO-4;22973.3883;1;0;0;0;0;0;1;0;0
2512;CO;10-12-2025;11;44;908;10-12-2025 10:45;ELTORO-4;22120.50674;1;0;0;0;0;0;1;0;0
2512;CO;10-12-2025;12;45;909;10-12-2025 11:00;ELTORO-4;0;1;0;0;0;0;0;1;0;0
2512;CO;10-12-2025;12;46;910;10-12-2025 11:15;ELTORO-4;0;1;0;0;0;0;0;1;0;0
2512;CO;10-12-2025;12;47;911;10-12-2025 11:30;ELTORO-4;0;1;0;0;0;0;0;1;0;0
2512;CO;10-12-2025;12;48;912;10-12-2025 11:45;ELTORO-4;0;1;0;0;0;0;0;1;0;0
2512;CO;10-12-2025;14;55;919;10-12-2025 13:30;ELTORO-4;41499.81338;1;0;0;0;0;0;1;0;0
2512;CO;10-12-2025;14;56;920;10-12-2025 13:45;ELTORO-4;41476.0777;1;0;0;0;0;0;1;0;0
2512;CO;10-12-2025;15;57;921;10-12-2025 14:00;ELTORO-4;33455.63984;1;0;0;0;0;0;1;0;0
2512;CO;10-12-2025;16;61;925;10-12-2025 15:00;ELTORO-4;36552.83526;1;0;0;0;0;0;1;0;0
2512;CO;10-12-2025;16;62;926;10-12-2025 15:15;ELTORO-4;37339.56821;1;0;0;0;0;0;1;0;0
2512;CO;10-12-2025;16;63;927;10-12-2025 15:30;ELTORO-4;40461.91928;1;0;0;0;0;0;1;0;0
2512;CO;10-12-2025;16;64;928;10-12-2025 15:45;ELTORO-4;33964.90445;1;0;0;0;0;0;1;0;0
2512;CO;10-12-2025;17;65;929;10-12-2025 16:00;ELTORO-4;42222.89324;0.483970847;0.516029153;0;0;0;0;1;0;0
2512;CO;10-12-2025;17;66;930;10-12-2025 16:15;ELTORO-4;38870.05393;0.483970847;0.516029153;0;0;0;0;1;0;0
2512;CO;10-12-2025;17;67;931;10-12-2025 16:30;ELTORO-4;39780.09969;0.483970847;0.516029153;0;0;0;0;1;0;0
2512;CO;10-12-2025;17;68;932;10-12-2025 16:45;ELTORO-4;37816.28319;0.483970847;0.516029153;0;0;0;0;1;0;0
2512;CO;10-12-2025;18;69;933;10-12-2025 17:00;ELTORO-4;17158.52274;1;0;0;0;0;0;1;0;0
2512;CO;10-12-2025;18;70;934;10-12-2025 17:15;ELTORO-4;17574.72872;1;0;0;0;0;0;1;0;0
2512;CO;10-12-2025;18;71;935;10-12-2025 17:30;ELTORO-4;17512.33013;1;0;0;0;0;0;1;0;0
2512;CO;10-12-2025;18;72;936;10-12-2025 17:45;ELTORO-4;17512.33013;1;0;0;0;0;0;1;0;0
2512;CO;10-12-2025;19;73;937;10-12-2025 18:00;ELTORO-4;60008.97253;1;0;0;0;0;0;1;0;0
2512;CO;10-12-2025;19;74;938;10-12-2025 18:15;ELTORO-4;59595.42472;1;0;0;0;0;0;1;0;0
2512;CO;10-12-2025;19;75;939;10-12-2025 18:30;ELTORO-4;59227.78667;1;0;0;0;0;0;1;0;0
2512;CO;10-12-2025;19;76;940;10-12-2025 18:45;ELTORO-4;59871.14039;1;0;0;0;0;0;1;0;0
2512;CO;10-12-2025;20;77;941;10-12-2025 19:00;ELTORO-4;0;1;0;0;0;0;0;1;0;0
2512;CO;10-12-2025;20;78;942;10-12-2025 19:15;ELTORO-4;0;1;0;0;0;0;0;1;0;0
2512;CO;10-12-2025;20;79;943;10-12-2025 19:30;ELTORO-4;0;1;0;0;0;0;0;1;0;0
2512;CO;10-12-2025;20;80;944;10-12-2025 19:45;ELTORO-4;0;1;0;0;0;0;0;1;0;0
2512;CO;10-12-2025;21;81;945;10-12-2025 20:00;ELTORO-4;214215.7773;1;0;0;0;0;0;1;0;0
2512;CO;10-12-2025;21;82;946;10-12-2025 20:15;ELTORO-4;212898.2417;1;0;0;0;0;0;1;0;0
2512;CO;10-12-2025;21;83;947;10-12-2025 20:30;ELTORO-4;138593.823;1;0;0;0;0;0;1;0;0
2512;CO;10-12-2025;21;84;948;10-12-2025 20:45;ELTORO-4;137149.1113;1;0;0;0;0;0;1;0;0
2512;CO;10-12-2025;22;85;949;10-12-2025 21:00;ELTORO-4;124659.2843;1;0;0;0;0;0;1;0;0
2512;CO;10-12-2025;22;86;950;10-12-2025 21:15;ELTORO-4;125760.5469;1;0;0;0;0;0;1;0;0
2512;CO;10-12-2025;22;87;951;10-12-2025 21:30;ELTORO-4;126042.9138;1;0;0;0;0;0;1;0;0
2512;CO;10-12-2025;22;88;952;10-12-2025 21:45;ELTORO-4;125958.2082;1;0;0;0;0;0;1;0;0
2512;CO;10-12-2025;23;89;953;10-12-2025 22:00;ELTORO-4;86215.84896;1;0;0;0;0;0;1;0;0
2512;CO;10-12-2025;23;90;954;10-12-2025 22:15;ELTORO-4;55072.58577;1;0;0;0;0;0;1;0;0
2512;CO;10-12-2025;23;91;955;10-12-2025 22:30;ELTORO-4;46616.74373;1;0;0;0;0;0;1;0;0
2512;CO;10-12-2025;23;92;956;10-12-2025 22:45;ELTORO-4;46475.65344;1;0;0;0;0;0;1;0;0
2512;CO;10-12-2025;24;93;957;10-12-2025 23:00;ELTORO-4;104981.2946;1;0;0;0;0;0;1;0;0
2512;CO;10-12-2025;24;94;958;10-12-2025 23:15;ELTORO-4;176364.3784;1;0;0;0;0;0;1;0;0
2512;CO;10-12-2025;24;95;959;10-12-2025 23:30;ELTORO-4;109259.0109;1;0;0;0;0;0;1;0;0
2512;CO;10-12-2025;24;96;960;10-12-2025 23:45;ELTORO-4;90940.92826;1;0;0;0;0;0;1;0;0
2512;CO;11-12-2025;1;1;961;11-12-2025 0:00;ELTORO-4;184359.3594;1;0;0;0;0;0;1;0;0
2512;CO;11-12-2025;1;2;962;11-12-2025 0:15;ELTORO-4;183543.8296;1;0;0;0;0;0;1;0;0
2512;CO;11-12-2025;1;3;963;11-12-2025 0:30;ELTORO-4;183262.6084;1;0;0;0;0;0;1;0;0
2512;CO;11-12-2025;1;4;964;11-12-2025 0:45;ELTORO-4;182559.5554;1;0;0;0;0;0;1;0;0
2512;CO;11-12-2025;2;5;965;11-12-2025 1:00;ELTORO-4;92001.00557;1;0;0;0;0;0;1;0;0
2512;CO;11-12-2025;2;6;966;11-12-2025 1:15;ELTORO-4;90896.66791;1;0;0;0;0;0;1;0;0
2512;CO;11-12-2025;2;7;967;11-12-2025 1:30;ELTORO-4;90767.56336;1;0;0;0;0;0;1;0;0
2512;CO;11-12-2025;2;8;968;11-12-2025 1:45;ELTORO-4;90466.39946;1;0;0;0;0;0;1;0;0
2512;CO;11-12-2025;3;9;969;11-12-2025 2:00;ELTORO-4;194966.0053;1;0;0;0;0;0;1;0;0
2512;CO;11-12-2025;3;10;970;11-12-2025 2:15;ELTORO-4;195284.4427;1;0;0;0;0;0;1;0;0
2512;CO;11-12-2025;3;11;971;11-12-2025 2:30;ELTORO-4;207227.2335;1;0;0;0;0;0;1;0;0
2512;CO;11-12-2025;3;12;972;11-12-2025 2:45;ELTORO-4;256293.2564;1;0;0;0;0;0;1;0;0
2512;CO;11-12-2025;4;13;973;11-12-2025 3:00;ELTORO-4;304105.0379;1;0;0;0;0;0;1;0;0
2512;CO;11-12-2025;4;14;974;11-12-2025 3:15;ELTORO-4;215829.162;1;0;0;0;0;0;1;0;0
2512;CO;11-12-2025;4;15;975;11-12-2025 3:30;ELTORO-4;216530.3822;1;0;0;0;0;0;1;0;0
2512;CO;11-12-2025;4;16;976;11-12-2025 3:45;ELTORO-4;217422.8705;1;0;0;0;0;0;1;0;0
2512;CO;11-12-2025;5;19;979;11-12-2025 4:30;ELTORO-4;467.4196732;1;0;0;0;0;0;1;0;0
2512;CO;11-12-2025;5;20;980;11-12-2025 4:45;ELTORO-4;888.8324177;1;0;0;0;0;0;1;0;0
2512;CO;11-12-2025;6;21;981;11-12-2025 5:00;ELTORO-4;1182.549949;1;0;0;0;0;0;1;0;0
2512;CO;11-12-2025;6;22;982;11-12-2025 5:15;ELTORO-4;1854.332556;1;0;0;0;0;0;1;0;0
2512;CO;11-12-2025;6;23;983;11-12-2025 5:30;ELTORO-4;1779.674153;1;0;0;0;0;0;1;0;0
2512;CO;11-12-2025;6;24;984;11-12-2025 5:45;ELTORO-4;1481.088213;1;0;0;0;0;0;1;0;0
2512;CO;11-12-2025;7;25;985;11-12-2025 6:00;ELTORO-4;2614.679492;1;0;0;0;0;0;1;0;0
2512;CO;11-12-2025;7;26;986;11-12-2025 6:15;ELTORO-4;3186.029402;1;0;0;0;0;0;1;0;0
2512;CO;11-12-2025;7;27;987;11-12-2025 6:30;ELTORO-4;3128.883464;1;0;0;0;0;0;1;0;0
2512;CO;11-12-2025;7;28;988;11-12-2025 6:45;ELTORO-4;2614.679492;1;0;0;0;0;0;1;0;0
2512;CO;11-12-2025;8;29;989;11-12-2025 7:00;ELTORO-4;107537.6764;1;0;0;0;0;0;1;0;0
2512;CO;11-12-2025;9;33;993;11-12-2025 8:00;ELTORO-4;7918.707341;1;0;0;0;0;0;1;0;0
2512;CO;11-12-2025;9;34;994;11-12-2025 8:15;ELTORO-4;125622.691;1;0;0;0;0;0;1;0;0
2512;CO;11-12-2025;9;35;995;11-12-2025 8:30;ELTORO-4;273308.3054;1;0;0;0;0;0;1;0;0
2512;CO;11-12-2025;9;36;996;11-12-2025 8:45;ELTORO-4;337525.1503;1;0;0;0;0;0;1;0;0
2512;CO;11-12-2025;10;37;997;11-12-2025 9:00;ELTORO-4;871759.3676;1;0;0;0;0;0;1;0;0
2512;CO;11-12-2025;10;38;998;11-12-2025 9:15;ELTORO-4;871050.4182;1;0;0;0;0;0;1;0;0
2512;CO;11-12-2025;10;39;999;11-12-2025 9:30;ELTORO-4;872940.9498;1;0;0;0;0;0;1;0;0
2512;CO;11-12-2025;10;40;1000;11-12-2025 9:45;ELTORO-4;846750.3727;1;0;0;0;0;0;1;0;0
2512;CO;11-12-2025;11;41;1001;11-12-2025 10:00;ELTORO-4;804180.5484;1;0;0;0;0;0;1;0;0
2512;CO;11-12-2025;11;42;1002;11-12-2025 10:15;ELTORO-4;809993.5056;1;0;0;0;0;0;1;0;0
2512;CO;11-12-2025;11;43;1003;11-12-2025 10:30;ELTORO-4;352088.5744;1;0;0;0;0;0;1;0;0
2512;CO;11-12-2025;11;44;1004;11-12-2025 10:45;ELTORO-4;283228.9775;1;0;0;0;0;0;1;0;0
2512;CO;11-12-2025;12;45;1005;11-12-2025 11:00;ELTORO-4;69380.41299;1;0;0;0;0;0;1;0;0
2512;CO;11-12-2025;13;49;1009;11-12-2025 12:00;ELTORO-4;67.04700705;1;0;0;0;0;0;1;0;0
2512;CO;11-12-2025;13;50;1010;11-12-2025 12:15;ELTORO-4;134.6195543;1;0;0;0;0;0;1;0;0
2512;CO;11-12-2025;13;51;1011;11-12-2025 12:30;ELTORO-4;404.9550636;1;0;0;0;0;0;1;0;0
2512;CO;11-12-2025;14;53;1013;11-12-2025 13:00;ELTORO-4;299.1432301;1;0;0;0;0;0;1;0;0
2512;CO;11-12-2025;14;55;1015;11-12-2025 13:30;ELTORO-4;448.9520859;1;0;0;0;0;0;1;0;0
2512;CO;11-12-2025;14;56;1016;11-12-2025 13:45;ELTORO-4;842.1767893;1;0;0;0;0;0;1;0;0
2512;CO;11-12-2025;15;57;1017;11-12-2025 14:00;ELTORO-4;623.4240966;1;0;0;0;0;0;1;0;0
2512;CO;11-12-2025;15;58;1018;11-12-2025 14:15;ELTORO-4;745.1437919;1;0;0;0;0;0;1;0;0
2512;CO;11-12-2025;15;59;1019;11-12-2025 14:30;ELTORO-4;364.7735698;1;0;0;0;0;0;1;0;0
2512;CO;11-12-2025;15;60;1020;11-12-2025 14:45;ELTORO-4;745.1437919;1;0;0;0;0;0;1;0;0
2512;CO;11-12-2025;16;61;1021;11-12-2025 15:00;ELTORO-4;2665.270407;1;0;0;0;0;0;1;0;0
2512;CO;11-12-2025;16;62;1022;11-12-2025 15:15;ELTORO-4;9966.662598;1;0;0;0;0;0;1;0;0
2512;CO;11-12-2025;16;63;1023;11-12-2025 15:30;ELTORO-4;117944.6524;1;0;0;0;0;0;1;0;0
2512;CO;11-12-2025;16;64;1024;11-12-2025 15:45;ELTORO-4;116736.2097;1;0;0;0;0;0;1;0;0
2512;CO;11-12-2025;17;65;1025;11-12-2025 16:00;ELTORO-4;123736.8093;1;0;0;0;0;0;1;0;0
2512;CO;11-12-2025;18;69;1029;11-12-2025 17:00;ELTORO-4;13798.3016;1;0;0;0;0;0;1;0;0
2512;CO;11-12-2025;18;70;1030;11-12-2025 17:15;ELTORO-4;102825.2677;1;0;0;0;0;0;1;0;0
2512;CO;11-12-2025;18;71;1031;11-12-2025 17:30;ELTORO-4;21907.90426;1;0;0;0;0;0;1;0;0
2512;CO;11-12-2025;20;79;1039;11-12-2025 19:30;ELTORO-4;57038.03786;1;0;0;0;0;0;1;0;0
2512;CO;11-12-2025;20;80;1040;11-12-2025 19:45;ELTORO-4;78433.02707;1;0;0;0;0;0;1;0;0
2512;CO;11-12-2025;21;81;1041;11-12-2025 20:00;ELTORO-4;221305.7434;1;0;0;0;0;0;1;0;0
2512;CO;11-12-2025;21;82;1042;11-12-2025 20:15;ELTORO-4;26045.38092;1;0;0;0;0;0;1;0;0
2512;CO;11-12-2025;21;83;1043;11-12-2025 20:30;ELTORO-4;5529.282062;1;0;0;0;0;0;1;0;0
2512;CO;11-12-2025;22;85;1045;11-12-2025 21:00;ELTORO-4;36562.75316;1;0;0;0;0;0;1;0;0
2512;CO;11-12-2025;22;86;1046;11-12-2025 21:15;ELTORO-4;107100.9893;1;0;0;0;0;0;1;0;0
2512;CO;11-12-2025;22;87;1047;11-12-2025 21:30;ELTORO-4;108012.292;1;0;0;0;0;0;1;0;0
2512;CO;11-12-2025;22;88;1048;11-12-2025 21:45;ELTORO-4;65146.17548;1;0;0;0;0;0;1;0;0
2512;CO;11-12-2025;23;89;1049;11-12-2025 22:00;ELTORO-4;29988.8377;0.912036713;0.087963287;0;0;0;0;1;0;0
2512;CO;11-12-2025;23;90;1050;11-12-2025 22:15;ELTORO-4;1248.540615;0.912036713;0.087963287;0;0;0;0;1;0;0
2512;CO;11-12-2025;23;91;1051;11-12-2025 22:30;ELTORO-4;1602.614979;0.912036713;0.087963287;0;0;0;0;1;0;0
2512;CO;11-12-2025;23;92;1052;11-12-2025 22:45;ELTORO-4;1874.983945;0.912036713;0.087963287;0;0;0;0;1;0;0
2512;CO;11-12-2025;24;93;1053;11-12-2025 23:00;ELTORO-4;51186.81556;1;0;0;0;0;0;1;0;0
2512;CO;11-12-2025;24;94;1054;11-12-2025 23:15;ELTORO-4;97459.43613;1;0;0;0;0;0;1;0;0
2512;CO;11-12-2025;24;95;1055;11-12-2025 23:30;ELTORO-4;46070.76027;1;0;0;0;0;0;1;0;0
2512;CO;11-12-2025;24;96;1056;11-12-2025 23:45;ELTORO-4;11162.14034;1;0;0;0;0;0;1;0;0
2512;CO;12-12-2025;3;9;1065;12-12-2025 2:00;ELTORO-4;0;1;0;0;0;0;0;1;0;0
2512;CO;12-12-2025;3;10;1066;12-12-2025 2:15;ELTORO-4;0;1;0;0;0;0;0;1;0;0
2512;CO;12-12-2025;3;11;1067;12-12-2025 2:30;ELTORO-4;0;1;0;0;0;0;0;1;0;0
2512;CO;12-12-2025;3;12;1068;12-12-2025 2:45;ELTORO-4;0;1;0;0;0;0;0;1;0;0
2512;CO;12-12-2025;4;13;1069;12-12-2025 3:00;ELTORO-4;0;1;0;0;0;0;0;1;0;0
2512;CO;12-12-2025;4;16;1072;12-12-2025 3:45;ELTORO-4;0;1;0;0;0;0;0;1;0;0
2512;CO;12-12-2025;5;17;1073;12-12-2025 4:00;ELTORO-4;0;1;0;0;0;0;0;1;0;0
2512;CO;12-12-2025;5;18;1074;12-12-2025 4:15;ELTORO-4;0;1;0;0;0;0;0;1;0;0
2512;CO;12-12-2025;6;22;1078;12-12-2025 5:15;ELTORO-4;0;1;0;0;0;0;0;1;0;0
2512;CO;12-12-2025;6;23;1079;12-12-2025 5:30;ELTORO-4;0;1;0;0;0;0;0;1;0;0
2512;CO;12-12-2025;6;24;1080;12-12-2025 5:45;ELTORO-4;0;1;0;0;0;0;0;1;0;0
2512;CO;12-12-2025;7;25;1081;12-12-2025 6:00;ELTORO-4;0;1;0;0;0;0;0;1;0;0
2512;CO;12-12-2025;7;26;1082;12-12-2025 6:15;ELTORO-4;0;1;0;0;0;0;0;1;0;0
2512;CO;12-12-2025;7;27;1083;12-12-2025 6:30;ELTORO-4;0;1;0;0;0;0;0;1;0;0
2512;CO;12-12-2025;7;28;1084;12-12-2025 6:45;ELTORO-4;0;1;0;0;0;0;0;1;0;0
2512;CO;12-12-2025;20;80;1136;12-12-2025 19:45;ELTORO-4;6075.173281;1;0;0;0;0;0;1;0;0
2512;CO;12-12-2025;21;81;1137;12-12-2025 20:00;ELTORO-4;9570.120587;1;0;0;0;0;0;1;0;0
2512;CO;12-12-2025;22;86;1142;12-12-2025 21:15;ELTORO-4;6199.123678;1;0;0;0;0;0;1;0;0
2512;CO;12-12-2025;22;87;1143;12-12-2025 21:30;ELTORO-4;12082.68219;1;0;0;0;0;0;1;0;0
2512;CO;12-12-2025;22;88;1144;12-12-2025 21:45;ELTORO-4;11064.71339;1;0;0;0;0;0;1;0;0
2512;CO;12-12-2025;23;89;1145;12-12-2025 22:00;ELTORO-4;6661.392654;1;0;0;0;0;0;1;0;0
2512;CO;12-12-2025;23;91;1147;12-12-2025 22:30;ELTORO-4;5461.918971;1;0;0;0;0;0;1;0;0
2512;CO;12-12-2025;23;92;1148;12-12-2025 22:45;ELTORO-4;13194.84669;1;0;0;0;0;0;1;0;0
2512;CO;12-12-2025;24;93;1149;12-12-2025 23:00;ELTORO-4;10312.49317;1;0;0;0;0;0;1;0;0
2512;CO;12-12-2025;24;94;1150;12-12-2025 23:15;ELTORO-4;9526.985893;1;0;0;0;0;0;1;0;0
2512;CO;12-12-2025;24;95;1151;12-12-2025 23:30;ELTORO-4;98837.67052;1;0;0;0;0;0;1;0;0
2512;CO;12-12-2025;24;96;1152;12-12-2025 23:45;ELTORO-4;232273.6511;1;0;0;0;0;0;1;0;0
2512;CO;13-12-2025;1;1;1153;13-12-2025 0:00;ELTORO-4;383629.8172;1;0;0;0;0;0;1;0;0
2512;CO;13-12-2025;1;2;1154;13-12-2025 0:15;ELTORO-4;318558.6375;1;0;0;0;0;0;1;0;0
2512;CO;13-12-2025;1;3;1155;13-12-2025 0:30;ELTORO-4;190172.4162;1;0;0;0;0;0;1;0;0
2512;CO;13-12-2025;1;4;1156;13-12-2025 0:45;ELTORO-4;189681.9799;1;0;0;0;0;0;1;0;0
2512;CO;13-12-2025;2;5;1157;13-12-2025 1:00;ELTORO-4;218129.5422;1;0;0;0;0;0;1;0;0
2512;CO;13-12-2025;2;6;1158;13-12-2025 1:15;ELTORO-4;216517.6925;1;0;0;0;0;0;1;0;0
2512;CO;13-12-2025;2;7;1159;13-12-2025 1:30;ELTORO-4;217295.8449;1;0;0;0;0;0;1;0;0
2512;CO;13-12-2025;2;8;1160;13-12-2025 1:45;ELTORO-4;218018.336;1;0;0;0;0;0;1;0;0
2512;CO;13-12-2025;3;9;1161;13-12-2025 2:00;ELTORO-4;56578.81844;1;0;0;0;0;0;1;0;0
2512;CO;13-12-2025;3;10;1162;13-12-2025 2:15;ELTORO-4;48943.55566;1;0;0;0;0;0;1;0;0
2512;CO;13-12-2025;3;11;1163;13-12-2025 2:30;ELTORO-4;77794.72878;1;0;0;0;0;0;1;0;0
2512;CO;13-12-2025;3;12;1164;13-12-2025 2:45;ELTORO-4;138592.1618;1;0;0;0;0;0;1;0;0
2512;CO;13-12-2025;4;13;1165;13-12-2025 3:00;ELTORO-4;368283.3007;1;0;0;0;0;0;1;0;0
2512;CO;13-12-2025;4;14;1166;13-12-2025 3:15;ELTORO-4;367886.2945;1;0;0;0;0;0;1;0;0
2512;CO;13-12-2025;4;15;1167;13-12-2025 3:30;ELTORO-4;368547.9715;1;0;0;0;0;0;1;0;0
2512;CO;13-12-2025;4;16;1168;13-12-2025 3:45;ELTORO-4;368547.9715;1;0;0;0;0;0;1;0;0
2512;CO;13-12-2025;5;17;1169;13-12-2025 4:00;ELTORO-4;150385.3881;1;0;0;0;0;0;1;0;0
2512;CO;13-12-2025;5;18;1170;13-12-2025 4:15;ELTORO-4;67017.09885;1;0;0;0;0;0;1;0;0
2512;CO;13-12-2025;5;19;1171;13-12-2025 4:30;ELTORO-4;67490.31798;1;0;0;0;0;0;1;0;0
2512;CO;13-12-2025;5;20;1172;13-12-2025 4:45;ELTORO-4;67126.28356;1;0;0;0;0;0;1;0;0
2512;CO;13-12-2025;6;21;1173;13-12-2025 5:00;ELTORO-4;9632.840143;1;0;0;0;0;0;1;0;0
2512;CO;13-12-2025;7;25;1177;13-12-2025 6:00;ELTORO-4;44079.65132;1;0;0;0;0;0;1;0;0
2512;CO;13-12-2025;7;26;1178;13-12-2025 6:15;ELTORO-4;54385.42485;1;0;0;0;0;0;1;0;0
2512;CO;13-12-2025;7;27;1179;13-12-2025 6:30;ELTORO-4;117825.9036;1;0;0;0;0;0;1;0;0
2512;CO;13-12-2025;7;28;1180;13-12-2025 6:45;ELTORO-4;58353.50253;1;0;0;0;0;0;1;0;0
2512;CO;13-12-2025;20;80;1232;13-12-2025 19:45;ELTORO-4;6189.630747;1;0;0;0;0;0;1;0;0
2512;CO;13-12-2025;21;81;1233;13-12-2025 20:00;ELTORO-4;0;1;0;0;0;0;0;1;0;0
2512;CO;13-12-2025;22;87;1239;13-12-2025 21:30;ELTORO-4;15595.58107;1;0;0;0;0;0;1;0;0
2512;CO;13-12-2025;22;88;1240;13-12-2025 21:45;ELTORO-4;16353.00196;1;0;0;0;0;0;1;0;0
2512;CO;13-12-2025;23;89;1241;13-12-2025 22:00;ELTORO-4;51720.40339;1;0;0;0;0;0;1;0;0
2512;CO;13-12-2025;23;90;1242;13-12-2025 22:15;ELTORO-4;53101.56597;1;0;0;0;0;0;1;0;0
2512;CO;13-12-2025;23;91;1243;13-12-2025 22:30;ELTORO-4;53890.80172;1;0;0;0;0;0;1;0;0
2512;CO;13-12-2025;23;92;1244;13-12-2025 22:45;ELTORO-4;53851.37417;1;0;0;0;0;0;1;0;0
2512;CO;13-12-2025;24;93;1245;13-12-2025 23:00;ELTORO-4;41514.78984;1;0;0;0;0;0;1;0;0
2512;CO;13-12-2025;24;94;1246;13-12-2025 23:15;ELTORO-4;44951.97894;1;0;0;0;0;0;1;0;0
2512;CO;13-12-2025;24;95;1247;13-12-2025 23:30;ELTORO-4;50384.72284;1;0;0;0;0;0;1;0;0
2512;CO;13-12-2025;24;96;1248;13-12-2025 23:45;ELTORO-4;43779.81593;1;0;0;0;0;0;1;0;0
2512;CO;14-12-2025;2;6;1254;14-12-2025 1:15;ELTORO-4;41852.5891;1;0;0;0;0;0;1;0;0
2512;CO;14-12-2025;3;9;1257;14-12-2025 2:00;ELTORO-4;28677.37884;1;0;0;0;0;0;1;0;0
2512;CO;14-12-2025;5;17;1265;14-12-2025 4:00;ELTORO-4;29273.92516;1;0;0;0;0;0;1;0;0
2512;CO;14-12-2025;5;18;1266;14-12-2025 4:15;ELTORO-4;8709.965049;1;0;0;0;0;0;1;0;0
2512;CO;14-12-2025;6;21;1269;14-12-2025 5:00;ELTORO-4;31189.44618;1;0;0;0;0;0;1;0;0
2512;CO;14-12-2025;6;22;1270;14-12-2025 5:15;ELTORO-4;32189.59297;1;0;0;0;0;0;1;0;0
2512;CO;14-12-2025;6;23;1271;14-12-2025 5:30;ELTORO-4;32750.66967;1;0;0;0;0;0;1;0;0
2512;CO;14-12-2025;6;24;1272;14-12-2025 5:45;ELTORO-4;31140.68196;1;0;0;0;0;0;1;0;0
2512;CO;14-12-2025;7;25;1273;14-12-2025 6:00;ELTORO-4;10746.16528;1;0;0;0;0;0;1;0;0
2512;CO;14-12-2025;21;83;1331;14-12-2025 20:30;ELTORO-4;93829.22851;1;0;0;0;0;0;1;0;0
2512;CO;14-12-2025;21;84;1332;14-12-2025 20:45;ELTORO-4;92503.51593;1;0;0;0;0;0;1;0;0
2512;CO;14-12-2025;22;85;1333;14-12-2025 21:00;ELTORO-4;58349.72486;1;0;0;0;0;0;1;0;0
2512;CO;15-12-2025;2;7;1351;15-12-2025 1:30;ELTORO-4;10318.85488;1;0;0;0;0;0;1;0;0
2512;CO;15-12-2025;2;8;1352;15-12-2025 1:45;ELTORO-4;38863.32301;1;0;0;0;0;0;1;0;0
2512;CO;15-12-2025;3;9;1353;15-12-2025 2:00;ELTORO-4;44781.97379;1;0;0;0;0;0;1;0;0
2512;CO;15-12-2025;3;10;1354;15-12-2025 2:15;ELTORO-4;4505.111118;1;0;0;0;0;0;1;0;0
2512;CO;15-12-2025;5;19;1363;15-12-2025 4:30;ELTORO-4;36340.91688;1;0;0;0;0;0;1;0;0
2512;CO;15-12-2025;5;20;1364;15-12-2025 4:45;ELTORO-4;36569.29253;1;0;0;0;0;0;1;0;0
2512;CO;15-12-2025;6;21;1365;15-12-2025 5:00;ELTORO-4;59036.12411;1;0;0;0;0;0;1;0;0
2512;CO;15-12-2025;6;24;1368;15-12-2025 5:45;ELTORO-4;17764.62095;1;0;0;0;0;0;1;0;0
2512;CO;15-12-2025;7;25;1369;15-12-2025 6:00;ELTORO-4;57369.0025;1;0;0;0;0;0;1;0;0
2512;CO;15-12-2025;7;26;1370;15-12-2025 6:15;ELTORO-4;145539.4028;1;0;0;0;0;0;1;0;0
2512;CO;15-12-2025;7;27;1371;15-12-2025 6:30;ELTORO-4;258855.8267;1;0;0;0;0;0;1;0;0
2512;CO;15-12-2025;7;28;1372;15-12-2025 6:45;ELTORO-4;121035.6656;1;0;0;0;0;0;1;0;0
2512;CO;15-12-2025;8;29;1373;15-12-2025 7:00;ELTORO-4;115320.3934;0.533789847;0.466210153;0;0;0;0;1;0;0
2512;CO;15-12-2025;21;81;1425;15-12-2025 20:00;ELTORO-4;16277.81331;1;0;0;0;0;0;1;0;0
2512;CO;15-12-2025;21;82;1426;15-12-2025 20:15;ELTORO-4;14717.88004;1;0;0;0;0;0;1;0;0
2512;CO;15-12-2025;21;83;1427;15-12-2025 20:30;ELTORO-4;16390.83143;1;0;0;0;0;0;1;0;0
2512;CO;15-12-2025;21;84;1428;15-12-2025 20:45;ELTORO-4;15961.30295;1;0;0;0;0;0;1;0;0
2512;CO;15-12-2025;24;93;1437;15-12-2025 23:00;ELTORO-4;2453.135969;1;0;0;0;0;0;1;0;0
2512;CO;15-12-2025;24;94;1438;15-12-2025 23:15;ELTORO-4;8271.389905;1;0;0;0;0;0;1;0;0
2512;CO;15-12-2025;24;95;1439;15-12-2025 23:30;ELTORO-4;11950.92123;1;0;0;0;0;0;1;0;0
2512;CO;15-12-2025;24;96;1440;15-12-2025 23:45;ELTORO-4;24925.80173;1;0;0;0;0;0;1;0;0
2512;CO;16-12-2025;1;1;1441;16-12-2025 0:00;ELTORO-4;408279.4329;1;0;0;0;0;0;1;0;0
2512;CO;16-12-2025;1;2;1442;16-12-2025 0:15;ELTORO-4;266914.7384;1;0;0;0;0;0;1;0;0
2512;CO;16-12-2025;4;16;1456;16-12-2025 3:45;ELTORO-4;385.1921881;1;0;0;0;0;0;1;0;0
2512;CO;16-12-2025;5;17;1457;16-12-2025 4:00;ELTORO-4;5052.362263;1;0;0;0;0;0;1;0;0
2512;CO;16-12-2025;5;18;1458;16-12-2025 4:15;ELTORO-4;5133.611327;1;0;0;0;0;0;1;0;0
2512;CO;16-12-2025;5;19;1459;16-12-2025 4:30;ELTORO-4;5174.235858;1;0;0;0;0;0;1;0;0
2512;CO;16-12-2025;5;20;1460;16-12-2025 4:45;ELTORO-4;11329.60293;1;0;0;0;0;0;1;0;0
2512;CO;16-12-2025;6;21;1461;16-12-2025 5:00;ELTORO-4;175539.7055;1;0;0;0;0;0;1;0;0
2512;CO;16-12-2025;6;22;1462;16-12-2025 5:15;ELTORO-4;175493.9891;1;0;0;0;0;0;1;0;0
2512;CO;16-12-2025;6;23;1463;16-12-2025 5:30;ELTORO-4;174396.939;1;0;0;0;0;0;1;0;0
2512;CO;16-12-2025;6;24;1464;16-12-2025 5:45;ELTORO-4;173848.3901;1;0;0;0;0;0;1;0;0
2512;CO;16-12-2025;7;25;1465;16-12-2025 6:00;ELTORO-4;202521.8558;1;0;0;0;0;0;1;0;0
2512;CO;16-12-2025;7;26;1466;16-12-2025 6:15;ELTORO-4;200244.6207;1;0;0;0;0;0;1;0;0
2512;CO;16-12-2025;7;27;1467;16-12-2025 6:30;ELTORO-4;195199.2692;1;0;0;0;0;0;1;0;0
2512;CO;16-12-2025;7;28;1468;16-12-2025 6:45;ELTORO-4;37988.89136;1;0;0;0;0;0;1;0;0
2512;CO;16-12-2025;21;81;1521;16-12-2025 20:00;ELTORO-4;2170.186472;1;0;0;0;0;0;1;0;0
2512;CO;16-12-2025;21;82;1522;16-12-2025 20:15;ELTORO-4;12895.29237;1;0;0;0;0;0;1;0;0
2512;CO;16-12-2025;21;83;1523;16-12-2025 20:30;ELTORO-4;12702.34758;1;0;0;0;0;0;1;0;0
2512;CO;16-12-2025;21;84;1524;16-12-2025 20:45;ELTORO-4;13049.63639;1;0;0;0;0;0;1;0;0
2512;CO;16-12-2025;22;85;1525;16-12-2025 21:00;ELTORO-4;9511.148297;1;0;0;0;0;0;1;0;0
2512;CO;16-12-2025;22;86;1526;16-12-2025 21:15;ELTORO-4;11308.83686;1;0;0;0;0;0;1;0;0
2512;CO;16-12-2025;22;87;1527;16-12-2025 21:30;ELTORO-4;19513.09372;1;0;0;0;0;0;1;0;0
2512;CO;16-12-2025;22;88;1528;16-12-2025 21:45;ELTORO-4;54739.24665;1;0;0;0;0;0;1;0;0
2512;CO;16-12-2025;23;89;1529;16-12-2025 22:00;ELTORO-4;295996.8096;1;0;0;0;0;0;1;0;0
2512;CO;16-12-2025;23;90;1530;16-12-2025 22:15;ELTORO-4;297415.1858;1;0;0;0;0;0;1;0;0
2512;CO;16-12-2025;23;91;1531;16-12-2025 22:30;ELTORO-4;295346.7626;1;0;0;0;0;0;1;0;0
2512;CO;16-12-2025;23;92;1532;16-12-2025 22:45;ELTORO-4;295642.2517;1;0;0;0;0;0;1;0;0
2512;CO;16-12-2025;24;93;1533;16-12-2025 23:00;ELTORO-4;275543.3895;1;0;0;0;0;0;1;0;0
2512;CO;16-12-2025;24;94;1534;16-12-2025 23:15;ELTORO-4;276316.8122;1;0;0;0;0;0;1;0;0
2512;CO;16-12-2025;24;95;1535;16-12-2025 23:30;ELTORO-4;63812.39241;1;0;0;0;0;0;1;0;0
2512;CO;16-12-2025;24;96;1536;16-12-2025 23:45;ELTORO-4;62231.37242;1;0;0;0;0;0;1;0;0
2512;CO;17-12-2025;1;1;1537;17-12-2025 0:00;ELTORO-4;393152.0063;1;0;0;0;0;0;1;0;0
2512;CO;17-12-2025;1;2;1538;17-12-2025 0:15;ELTORO-4;393939.7886;1;0;0;0;0;0;1;0;0
2512;CO;17-12-2025;1;3;1539;17-12-2025 0:30;ELTORO-4;199804.0939;1;0;0;0;0;0;1;0;0
2512;CO;17-12-2025;1;4;1540;17-12-2025 0:45;ELTORO-4;71799.64243;1;0;0;0;0;0;1;0;0
2512;CO;17-12-2025;2;5;1541;17-12-2025 1:00;ELTORO-4;4773.904198;1;0;0;0;0;0;1;0;0
2512;CO;17-12-2025;2;6;1542;17-12-2025 1:15;ELTORO-4;20517.84329;1;0;0;0;0;0;1;0;0
2512;CO;17-12-2025;2;7;1543;17-12-2025 1:30;ELTORO-4;20491.71948;1;0;0;0;0;0;1;0;0
2512;CO;17-12-2025;2;8;1544;17-12-2025 1:45;ELTORO-4;20491.71948;1;0;0;0;0;0;1;0;0
2512;CO;17-12-2025;3;9;1545;17-12-2025 2:00;ELTORO-4;49077.30452;1;0;0;0;0;0;1;0;0
2512;CO;17-12-2025;3;10;1546;17-12-2025 2:15;ELTORO-4;49108.53286;1;0;0;0;0;0;1;0;0
2512;CO;17-12-2025;3;11;1547;17-12-2025 2:30;ELTORO-4;28430.94179;1;0;0;0;0;0;1;0;0
2512;CO;17-12-2025;4;14;1550;17-12-2025 3:15;ELTORO-4;29649.65965;1;0;0;0;0;0;1;0;0
2512;CO;17-12-2025;4;15;1551;17-12-2025 3:30;ELTORO-4;30707.83647;1;0;0;0;0;0;1;0;0
2512;CO;17-12-2025;4;16;1552;17-12-2025 3:45;ELTORO-4;30987.34345;1;0;0;0;0;0;1;0;0
2512;CO;17-12-2025;5;17;1553;17-12-2025 4:00;ELTORO-4;41035.68657;1;0;0;0;0;0;1;0;0
2512;CO;17-12-2025;5;18;1554;17-12-2025 4:15;ELTORO-4;17103.5298;1;0;0;0;0;0;1;0;0
2512;CO;17-12-2025;6;23;1559;17-12-2025 5:30;ELTORO-4;14246.45764;1;0;0;0;0;0;1;0;0
2512;CO;17-12-2025;6;24;1560;17-12-2025 5:45;ELTORO-4;14336.67129;1;0;0;0;0;0;1;0;0
2512;CO;17-12-2025;7;25;1561;17-12-2025 6:00;ELTORO-4;76182.67454;1;0;0;0;0;0;1;0;0
2512;CO;17-12-2025;7;26;1562;17-12-2025 6:15;ELTORO-4;64551.16843;1;0;0;0;0;0;1;0;0
2512;CO;17-12-2025;20;79;1615;17-12-2025 19:30;ELTORO-4;32679.4347;1;0;0;0;0;0;1;0;0
2512;CO;17-12-2025;20;80;1616;17-12-2025 19:45;ELTORO-4;33221.27604;1;0;0;0;0;0;1;0;0
2512;CO;17-12-2025;21;81;1617;17-12-2025 20:00;ELTORO-4;35237.48891;0.847476833;0.152523167;0;0;0;0;1;0;0
2512;CO;17-12-2025;21;82;1618;17-12-2025 20:15;ELTORO-4;34711.59577;0.847476833;0.152523167;0;0;0;0;1;0;0
2512;CO;17-12-2025;21;83;1619;17-12-2025 20:30;ELTORO-4;161594.6144;0.847476833;0.152523167;0;0;0;0;1;0;0
2512;CO;17-12-2025;21;84;1620;17-12-2025 20:45;ELTORO-4;206393.3932;0.847476833;0.152523167;0;0;0;0;1;0;0
2512;CO;17-12-2025;22;85;1621;17-12-2025 21:00;ELTORO-4;315966.4426;1;0;0;0;0;0;1;0;0
2512;CO;17-12-2025;22;86;1622;17-12-2025 21:15;ELTORO-4;145976.9058;1;0;0;0;0;0;1;0;0
2512;CO;17-12-2025;22;87;1623;17-12-2025 21:30;ELTORO-4;113018.4573;1;0;0;0;0;0;1;0;0
2512;CO;17-12-2025;22;88;1624;17-12-2025 21:45;ELTORO-4;117748.1562;1;0;0;0;0;0;1;0;0
2512;CO;17-12-2025;23;89;1625;17-12-2025 22:00;ELTORO-4;119460.9965;1;0;0;0;0;0;1;0;0
2512;CO;17-12-2025;23;90;1626;17-12-2025 22:15;ELTORO-4;123060.9636;1;0;0;0;0;0;1;0;0
2512;CO;17-12-2025;23;91;1627;17-12-2025 22:30;ELTORO-4;119216.0332;1;0;0;0;0;0;1;0;0
2512;CO;17-12-2025;23;92;1628;17-12-2025 22:45;ELTORO-4;67541.5548;1;0;0;0;0;0;1;0;0
2512;CO;17-12-2025;24;93;1629;17-12-2025 23:00;ELTORO-4;29399.6503;0.799790673;0.200209327;0;0;0;0;1;0;0
2512;CO;17-12-2025;24;94;1630;17-12-2025 23:15;ELTORO-4;29684.24589;0.799790673;0.200209327;0;0;0;0;1;0;0
2512;CO;17-12-2025;24;95;1631;17-12-2025 23:30;ELTORO-4;32411.59864;0.799790673;0.200209327;0;0;0;0;1;0;0
2512;CO;17-12-2025;24;96;1632;17-12-2025 23:45;ELTORO-4;32048.52679;0.799790673;0.200209327;0;0;0;0;1;0;0
2512;CO;18-12-2025;1;1;1633;18-12-2025 0:00;ELTORO-4;95715.97208;1;0;0;0;0;0;1;0;0
2512;CO;18-12-2025;1;2;1634;18-12-2025 0:15;ELTORO-4;96429.51892;1;0;0;0;0;0;1;0;0
2512;CO;18-12-2025;1;3;1635;18-12-2025 0:30;ELTORO-4;97060.69666;1;0;0;0;0;0;1;0;0
2512;CO;18-12-2025;1;4;1636;18-12-2025 0:45;ELTORO-4;97691.87441;1;0;0;0;0;0;1;0;0
2512;CO;18-12-2025;2;5;1637;18-12-2025 1:00;ELTORO-4;87676.95655;1;0;0;0;0;0;1;0;0
2512;CO;18-12-2025;2;6;1638;18-12-2025 1:15;ELTORO-4;87848.90736;1;0;0;0;0;0;1;0;0
2512;CO;18-12-2025;2;7;1639;18-12-2025 1:30;ELTORO-4;83652.60252;1;0;0;0;0;0;1;0;0
2512;CO;18-12-2025;2;8;1640;18-12-2025 1:45;ELTORO-4;75645.57433;1;0;0;0;0;0;1;0;0
2512;CO;18-12-2025;3;9;1641;18-12-2025 2:00;ELTORO-4;17528.79376;1;0;0;0;0;0;1;0;0
2512;CO;18-12-2025;3;10;1642;18-12-2025 2:15;ELTORO-4;17323.30479;1;0;0;0;0;0;1;0;0
2512;CO;18-12-2025;3;11;1643;18-12-2025 2:30;ELTORO-4;25473.26848;1;0;0;0;0;0;1;0;0
2512;CO;18-12-2025;3;12;1644;18-12-2025 2:45;ELTORO-4;51845.17137;1;0;0;0;0;0;1;0;0
2512;CO;18-12-2025;4;13;1645;18-12-2025 3:00;ELTORO-4;339933.1441;1;0;0;0;0;0;1;0;0
2512;CO;18-12-2025;4;14;1646;18-12-2025 3:15;ELTORO-4;249222.9602;1;0;0;0;0;0;1;0;0
2512;CO;18-12-2025;4;15;1647;18-12-2025 3:30;ELTORO-4;69656.68258;1;0;0;0;0;0;1;0;0
2512;CO;18-12-2025;4;16;1648;18-12-2025 3:45;ELTORO-4;69789.09919;1;0;0;0;0;0;1;0;0
2512;CO;18-12-2025;5;17;1649;18-12-2025 4:00;ELTORO-4;39409.59058;1;0;0;0;0;0;1;0;0
2512;CO;18-12-2025;5;18;1650;18-12-2025 4:15;ELTORO-4;39334.41084;1;0;0;0;0;0;1;0;0
2512;CO;18-12-2025;5;19;1651;18-12-2025 4:30;ELTORO-4;39321.88494;1;0;0;0;0;0;1;0;0
2512;CO;18-12-2025;5;20;1652;18-12-2025 4:45;ELTORO-4;39547.39979;1;0;0;0;0;0;1;0;0
2512;CO;18-12-2025;6;21;1653;18-12-2025 5:00;ELTORO-4;49365.29443;1;0;0;0;0;0;1;0;0
2512;CO;18-12-2025;6;22;1654;18-12-2025 5:15;ELTORO-4;49018.96631;1;0;0;0;0;0;1;0;0
2512;CO;18-12-2025;6;23;1655;18-12-2025 5:30;ELTORO-4;48987.47634;1;0;0;0;0;0;1;0;0
2512;CO;18-12-2025;6;24;1656;18-12-2025 5:45;ELTORO-4;49003.22132;1;0;0;0;0;0;1;0;0
2512;CO;18-12-2025;7;25;1657;18-12-2025 6:00;ELTORO-4;92280.72109;1;0;0;0;0;0;1;0;0
2512;CO;18-12-2025;7;26;1658;18-12-2025 6:15;ELTORO-4;90884.69998;1;0;0;0;0;0;1;0;0
2512;CO;18-12-2025;7;27;1659;18-12-2025 6:30;ELTORO-4;75043.57383;1;0;0;0;0;0;1;0;0
2512;CO;18-12-2025;7;28;1660;18-12-2025 6:45;ELTORO-4;43224.15636;1;0;0;0;0;0;1;0;0
2512;CO;18-12-2025;8;29;1661;18-12-2025 7:00;ELTORO-4;19690.4396;1;0;0;0;0;0;1;0;0
2512;CO;18-12-2025;8;30;1662;18-12-2025 7:15;ELTORO-4;21553.19942;1;0;0;0;0;0;1;0;0
2512;CO;18-12-2025;8;31;1663;18-12-2025 7:30;ELTORO-4;21389.80229;1;0;0;0;0;0;1;0;0
2512;CO;18-12-2025;8;32;1664;18-12-2025 7:45;ELTORO-4;22157.76476;1;0;0;0;0;0;1;0;0
2512;CO;18-12-2025;16;63;1695;18-12-2025 15:30;ELTORO-4;25605.96742;1;0;0;0;0;0;1;0;0
2512;CO;18-12-2025;16;64;1696;18-12-2025 15:45;ELTORO-4;30594.67148;1;0;0;0;0;0;1;0;0
2512;CO;18-12-2025;17;65;1697;18-12-2025 16:00;ELTORO-4;147988.7066;1;0;0;0;0;0;1;0;0
2512;CO;18-12-2025;17;66;1698;18-12-2025 16:15;ELTORO-4;148369.3388;1;0;0;0;0;0;1;0;0
2512;CO;18-12-2025;17;67;1699;18-12-2025 16:30;ELTORO-4;147671.5464;1;0;0;0;0;0;1;0;0
2512;CO;18-12-2025;17;68;1700;18-12-2025 16:45;ELTORO-4;148813.3432;1;0;0;0;0;0;1;0;0
2512;CO;18-12-2025;18;69;1701;18-12-2025 17:00;ELTORO-4;165723.3634;1;0;0;0;0;0;1;0;0
2512;CO;18-12-2025;18;70;1702;18-12-2025 17:15;ELTORO-4;163052.9601;1;0;0;0;0;0;1;0;0
2512;CO;18-12-2025;18;71;1703;18-12-2025 17:30;ELTORO-4;149678.7686;1;0;0;0;0;0;1;0;0
2512;CO;18-12-2025;18;72;1704;18-12-2025 17:45;ELTORO-4;93393.40759;1;0;0;0;0;0;1;0;0
2512;CO;18-12-2025;19;73;1705;18-12-2025 18:00;ELTORO-4;76494.55609;1;0;0;0;0;0;1;0;0
2512;CO;18-12-2025;19;74;1706;18-12-2025 18:15;ELTORO-4;48989.47049;1;0;0;0;0;0;1;0;0
2512;CO;18-12-2025;19;75;1707;18-12-2025 18:30;ELTORO-4;25689.56007;1;0;0;0;0;0;1;0;0
2512;CO;18-12-2025;19;76;1708;18-12-2025 18:45;ELTORO-4;25313.83442;1;0;0;0;0;0;1;0;0
2512;CO;18-12-2025;20;77;1709;18-12-2025 19:00;ELTORO-4;19598.51095;1;0;0;0;0;0;1;0;0
2512;CO;18-12-2025;20;78;1710;18-12-2025 19:15;ELTORO-4;58042.63462;1;0;0;0;0;0;1;0;0
2512;CO;18-12-2025;20;79;1711;18-12-2025 19:30;ELTORO-4;134402.3087;1;0;0;0;0;0;1;0;0
2512;CO;18-12-2025;20;80;1712;18-12-2025 19:45;ELTORO-4;135340.4279;1;0;0;0;0;0;1;0;0
2512;CO;18-12-2025;21;81;1713;18-12-2025 20:00;ELTORO-4;210995.9388;1;0;0;0;0;0;1;0;0
2512;CO;18-12-2025;21;82;1714;18-12-2025 20:15;ELTORO-4;211271.0316;1;0;0;0;0;0;1;0;0
2512;CO;18-12-2025;21;83;1715;18-12-2025 20:30;ELTORO-4;209030.9521;1;0;0;0;0;0;1;0;0
2512;CO;18-12-2025;21;84;1716;18-12-2025 20:45;ELTORO-4;207891.2436;1;0;0;0;0;0;1;0;0
2512;CO;18-12-2025;22;85;1717;18-12-2025 21:00;ELTORO-4;41918.41283;1;0;0;0;0;0;1;0;0
2512;CO;18-12-2025;22;86;1718;18-12-2025 21:15;ELTORO-4;41814.03501;1;0;0;0;0;0;1;0;0
2512;CO;18-12-2025;22;87;1719;18-12-2025 21:30;ELTORO-4;41878.26243;1;0;0;0;0;0;1;0;0
2512;CO;18-12-2025;22;88;1720;18-12-2025 21:45;ELTORO-4;44447.55747;1;0;0;0;0;0;1;0;0
2512;CO;18-12-2025;23;89;1721;18-12-2025 22:00;ELTORO-4;246805.9846;1;0;0;0;0;0;1;0;0
2512;CO;18-12-2025;23;90;1722;18-12-2025 22:15;ELTORO-4;197829.8924;1;0;0;0;0;0;1;0;0
2512;CO;18-12-2025;23;91;1723;18-12-2025 22:30;ELTORO-4;157533.5563;1;0;0;0;0;0;1;0;0
2512;CO;18-12-2025;23;92;1724;18-12-2025 22:45;ELTORO-4;188771.5281;1;0;0;0;0;0;1;0;0
2512;CO;18-12-2025;24;93;1725;18-12-2025 23:00;ELTORO-4;413161.3281;1;0;0;0;0;0;1;0;0
2512;CO;18-12-2025;24;94;1726;18-12-2025 23:15;ELTORO-4;415074.7335;1;0;0;0;0;0;1;0;0
2512;CO;18-12-2025;24;95;1727;18-12-2025 23:30;ELTORO-4;399995.7002;1;0;0;0;0;0;1;0;0
2512;CO;18-12-2025;24;96;1728;18-12-2025 23:45;ELTORO-4;199540.3816;1;0;0;0;0;0;1;0;0
2512;CO;19-12-2025;1;1;1729;19-12-2025 0:00;ELTORO-4;123278.4491;1;0;0;0;0;0;1;0;0
2512;CO;19-12-2025;1;2;1730;19-12-2025 0:15;ELTORO-4;124239.5763;1;0;0;0;0;0;1;0;0
2512;CO;19-12-2025;1;3;1731;19-12-2025 0:30;ELTORO-4;124310.7802;1;0;0;0;0;0;1;0;0
2512;CO;19-12-2025;1;4;1732;19-12-2025 0:45;ELTORO-4;30637.00289;1;0;0;0;0;0;1;0;0
2512;CO;19-12-2025;2;5;1733;19-12-2025 1:00;ELTORO-4;34915.42959;1;0;0;0;0;0;1;0;0
2512;CO;19-12-2025;2;6;1734;19-12-2025 1:15;ELTORO-4;23070.04824;1;0;0;0;0;0;1;0;0
2512;CO;19-12-2025;2;7;1735;19-12-2025 1:30;ELTORO-4;19542.2305;1;0;0;0;0;0;1;0;0
2512;CO;19-12-2025;2;8;1736;19-12-2025 1:45;ELTORO-4;20229.15147;1;0;0;0;0;0;1;0;0
2512;CO;19-12-2025;3;9;1737;19-12-2025 2:00;ELTORO-4;9970.796479;1;0;0;0;0;0;1;0;0
2512;CO;19-12-2025;3;10;1738;19-12-2025 2:15;ELTORO-4;9202.050885;1;0;0;0;0;0;1;0;0
2512;CO;19-12-2025;3;11;1739;19-12-2025 2:30;ELTORO-4;9157.700178;1;0;0;0;0;0;1;0;0
2512;CO;19-12-2025;3;12;1740;19-12-2025 2:45;ELTORO-4;16003.6893;1;0;0;0;0;0;1;0;0
2512;CO;19-12-2025;4;13;1741;19-12-2025 3:00;ELTORO-4;55543.02381;1;0;0;0;0;0;1;0;0
2512;CO;19-12-2025;4;14;1742;19-12-2025 3:15;ELTORO-4;56653.28116;1;0;0;0;0;0;1;0;0
2512;CO;19-12-2025;4;15;1743;19-12-2025 3:30;ELTORO-4;56939.77339;1;0;0;0;0;0;1;0;0
2512;CO;19-12-2025;4;16;1744;19-12-2025 3:45;ELTORO-4;56957.70057;1;0;0;0;0;0;1;0;0
2512;CO;19-12-2025;5;17;1745;19-12-2025 4:00;ELTORO-4;10700.00154;1;0;0;0;0;0;1;0;0
2512;CO;19-12-2025;5;18;1746;19-12-2025 4:15;ELTORO-4;13342.00524;1;0;0;0;0;0;1;0;0
2512;CO;19-12-2025;5;19;1747;19-12-2025 4:30;ELTORO-4;13425.32827;1;0;0;0;0;0;1;0;0
2512;CO;19-12-2025;5;20;1748;19-12-2025 4:45;ELTORO-4;13615.2962;1;0;0;0;0;0;1;0;0
2512;CO;19-12-2025;6;21;1749;19-12-2025 5:00;ELTORO-4;26865.71319;1;0;0;0;0;0;1;0;0
2512;CO;19-12-2025;6;22;1750;19-12-2025 5:15;ELTORO-4;33623.6126;1;0;0;0;0;0;1;0;0
2512;CO;19-12-2025;6;23;1751;19-12-2025 5:30;ELTORO-4;33612.86515;1;0;0;0;0;0;1;0;0
2512;CO;19-12-2025;6;24;1752;19-12-2025 5:45;ELTORO-4;33714.97524;1;0;0;0;0;0;1;0;0
2512;CO;19-12-2025;7;25;1753;19-12-2025 6:00;ELTORO-4;389625.9346;1;0;0;0;0;0;1;0;0
2512;CO;19-12-2025;7;26;1754;19-12-2025 6:15;ELTORO-4;418846.5538;1;0;0;0;0;0;1;0;0
2512;CO;19-12-2025;7;27;1755;19-12-2025 6:30;ELTORO-4;314199.9203;1;0;0;0;0;0;1;0;0
2512;CO;19-12-2025;7;28;1756;19-12-2025 6:45;ELTORO-4;314995.3178;1;0;0;0;0;0;1;0;0
2512;CO;19-12-2025;8;29;1757;19-12-2025 7:00;ELTORO-4;208624.8733;1;0;0;0;0;0;1;0;0
2512;CO;19-12-2025;8;30;1758;19-12-2025 7:15;ELTORO-4;30298.91099;1;0;0;0;0;0;1;0;0
2512;CO;19-12-2025;8;31;1759;19-12-2025 7:30;ELTORO-4;30979.30355;1;0;0;0;0;0;1;0;0
2512;CO;19-12-2025;8;32;1760;19-12-2025 7:45;ELTORO-4;31251.44449;1;0;0;0;0;0;1;0;0
2512;CO;19-12-2025;20;78;1806;19-12-2025 19:15;ELTORO-4;54713.35198;1;0;0;0;0;0;1;0;0
2512;CO;19-12-2025;20;79;1807;19-12-2025 19:30;ELTORO-4;78756.74325;1;0;0;0;0;0;1;0;0
2512;CO;19-12-2025;20;80;1808;19-12-2025 19:45;ELTORO-4;73946.24;1;0;0;0;0;0;1;0;0
2512;CO;19-12-2025;21;81;1809;19-12-2025 20:00;ELTORO-4;98818.82631;1;0;0;0;0;0;1;0;0
2512;CO;19-12-2025;21;82;1810;19-12-2025 20:15;ELTORO-4;105524.1443;1;0;0;0;0;0;1;0;0
2512;CO;19-12-2025;21;83;1811;19-12-2025 20:30;ELTORO-4;135146.5543;1;0;0;0;0;0;1;0;0
2512;CO;19-12-2025;21;84;1812;19-12-2025 20:45;ELTORO-4;135433.3343;1;0;0;0;0;0;1;0;0
2512;CO;19-12-2025;22;85;1813;19-12-2025 21:00;ELTORO-4;140209.4145;1;0;0;0;0;0;1;0;0
2512;CO;19-12-2025;22;86;1814;19-12-2025 21:15;ELTORO-4;102368.9477;1;0;0;0;0;0;1;0;0
2512;CO;19-12-2025;22;87;1815;19-12-2025 21:30;ELTORO-4;96528.0171;1;0;0;0;0;0;1;0;0
2512;CO;19-12-2025;22;88;1816;19-12-2025 21:45;ELTORO-4;79734.03715;1;0;0;0;0;0;1;0;0
2512;CO;19-12-2025;23;89;1817;19-12-2025 22:00;ELTORO-4;37811.95608;1;0;0;0;0;0;1;0;0
2512;CO;19-12-2025;23;90;1818;19-12-2025 22:15;ELTORO-4;23039.69194;1;0;0;0;0;0;1;0;0
2512;CO;19-12-2025;23;91;1819;19-12-2025 22:30;ELTORO-4;58122.862;1;0;0;0;0;0;1;0;0
2512;CO;19-12-2025;23;92;1820;19-12-2025 22:45;ELTORO-4;101519.5701;1;0;0;0;0;0;1;0;0
2512;CO;19-12-2025;24;93;1821;19-12-2025 23:00;ELTORO-4;177036.9468;1;0;0;0;0;0;1;0;0
2512;CO;19-12-2025;24;94;1822;19-12-2025 23:15;ELTORO-4;161505.9779;1;0;0;0;0;0;1;0;0
2512;CO;19-12-2025;24;95;1823;19-12-2025 23:30;ELTORO-4;102882.0608;1;0;0;0;0;0;1;0;0
2512;CO;19-12-2025;24;96;1824;19-12-2025 23:45;ELTORO-4;55575.95298;1;0;0;0;0;0;1;0;0
2512;CO;20-12-2025;1;1;1825;20-12-2025 0:00;ELTORO-4;129556.4565;1;0;0;0;0;0;1;0;0
2512;CO;20-12-2025;1;2;1826;20-12-2025 0:15;ELTORO-4;132594.9318;1;0;0;0;0;0;1;0;0
2512;CO;20-12-2025;1;3;1827;20-12-2025 0:30;ELTORO-4;87946.47466;1;0;0;0;0;0;1;0;0
2512;CO;20-12-2025;1;4;1828;20-12-2025 0:45;ELTORO-4;71395.34929;1;0;0;0;0;0;1;0;0
2512;CO;20-12-2025;2;5;1829;20-12-2025 1:00;ELTORO-4;91898.37232;1;0;0;0;0;0;1;0;0
2512;CO;20-12-2025;2;6;1830;20-12-2025 1:15;ELTORO-4;99863.23013;1;0;0;0;0;0;1;0;0
2512;CO;20-12-2025;2;7;1831;20-12-2025 1:30;ELTORO-4;89105.58058;1;0;0;0;0;0;1;0;0
2512;CO;20-12-2025;2;8;1832;20-12-2025 1:45;ELTORO-4;79160.15234;1;0;0;0;0;0;1;0;0
2512;CO;20-12-2025;3;9;1833;20-12-2025 2:00;ELTORO-4;97131.87341;1;0;0;0;0;0;1;0;0
2512;CO;20-12-2025;3;10;1834;20-12-2025 2:15;ELTORO-4;105678.2645;1;0;0;0;0;0;1;0;0
2512;CO;20-12-2025;3;11;1835;20-12-2025 2:30;ELTORO-4;105383.4848;1;0;0;0;0;0;1;0;0
2512;CO;20-12-2025;3;12;1836;20-12-2025 2:45;ELTORO-4;91224.40886;1;0;0;0;0;0;1;0;0
2512;CO;20-12-2025;4;13;1837;20-12-2025 3:00;ELTORO-4;16321.23618;1;0;0;0;0;0;1;0;0
2512;CO;20-12-2025;4;14;1838;20-12-2025 3:15;ELTORO-4;18373.41904;1;0;0;0;0;0;1;0;0
2512;CO;20-12-2025;4;15;1839;20-12-2025 3:30;ELTORO-4;18511.83046;1;0;0;0;0;0;1;0;0
2512;CO;20-12-2025;4;16;1840;20-12-2025 3:45;ELTORO-4;18442.62475;1;0;0;0;0;0;1;0;0
2512;CO;20-12-2025;5;17;1841;20-12-2025 4:00;ELTORO-4;44551.63771;1;0;0;0;0;0;1;0;0
2512;CO;20-12-2025;5;18;1842;20-12-2025 4:15;ELTORO-4;48834.41391;1;0;0;0;0;0;1;0;0
2512;CO;20-12-2025;5;19;1843;20-12-2025 4:30;ELTORO-4;60877.2694;1;0;0;0;0;0;1;0;0
2512;CO;20-12-2025;5;20;1844;20-12-2025 4:45;ELTORO-4;61241.55647;1;0;0;0;0;0;1;0;0
2512;CO;20-12-2025;6;21;1845;20-12-2025 5:00;ELTORO-4;113862.4814;1;0;0;0;0;0;1;0;0
2512;CO;20-12-2025;6;22;1846;20-12-2025 5:15;ELTORO-4;87384.4157;1;0;0;0;0;0;1;0;0
2512;CO;20-12-2025;6;23;1847;20-12-2025 5:30;ELTORO-4;87413.69904;1;0;0;0;0;0;1;0;0
2512;CO;20-12-2025;6;24;1848;20-12-2025 5:45;ELTORO-4;87472.26572;1;0;0;0;0;0;1;0;0
2512;CO;20-12-2025;7;25;1849;20-12-2025 6:00;ELTORO-4;41832.0994;1;0;0;0;0;0;1;0;0
2512;CO;20-12-2025;7;26;1850;20-12-2025 6:15;ELTORO-4;41663.45525;1;0;0;0;0;0;1;0;0
2512;CO;20-12-2025;7;27;1851;20-12-2025 6:30;ELTORO-4;41621.28724;1;0;0;0;0;0;1;0;0
2512;CO;20-12-2025;7;28;1852;20-12-2025 6:45;ELTORO-4;41326.16695;1;0;0;0;0;0;1;0;0
2512;CO;20-12-2025;8;29;1853;20-12-2025 7:00;ELTORO-4;62095.52764;1;0;0;0;0;0;1;0;0
2512;CO;20-12-2025;10;40;1864;20-12-2025 9:45;ELTORO-4;16777.74229;1;0;0;0;0;0;1;0;0
2512;CO;20-12-2025;11;41;1865;20-12-2025 10:00;ELTORO-4;15453.05079;1;0;0;0;0;0;1;0;0
2512;CO;20-12-2025;21;81;1905;20-12-2025 20:00;ELTORO-4;31494.2334;1;0;0;0;0;0;1;0;0
2512;CO;20-12-2025;21;82;1906;20-12-2025 20:15;ELTORO-4;31744.84999;1;0;0;0;0;0;1;0;0
2512;CO;20-12-2025;21;83;1907;20-12-2025 20:30;ELTORO-4;32747.31632;1;0;0;0;0;0;1;0;0
2512;CO;20-12-2025;21;84;1908;20-12-2025 20:45;ELTORO-4;44931.52144;1;0;0;0;0;0;1;0;0
2512;CO;20-12-2025;22;85;1909;20-12-2025 21:00;ELTORO-4;172595.3301;1;0;0;0;0;0;1;0;0
2512;CO;20-12-2025;22;86;1910;20-12-2025 21:15;ELTORO-4;173742.1808;1;0;0;0;0;0;1;0;0
2512;CO;20-12-2025;22;87;1911;20-12-2025 21:30;ELTORO-4;173742.1808;1;0;0;0;0;0;1;0;0
2512;CO;20-12-2025;22;88;1912;20-12-2025 21:45;ELTORO-4;173168.7555;1;0;0;0;0;0;1;0;0
2512;CO;20-12-2025;23;89;1913;20-12-2025 22:00;ELTORO-4;113696.6576;1;0;0;0;0;0;1;0;0
2512;CO;20-12-2025;23;90;1914;20-12-2025 22:15;ELTORO-4;99768.44078;1;0;0;0;0;0;1;0;0
2512;CO;20-12-2025;23;91;1915;20-12-2025 22:30;ELTORO-4;71808.79203;1;0;0;0;0;0;1;0;0
2512;CO;20-12-2025;23;92;1916;20-12-2025 22:45;ELTORO-4;71558.17545;1;0;0;0;0;0;1;0;0
2512;CO;20-12-2025;24;93;1917;20-12-2025 23:00;ELTORO-4;136873.1063;1;0;0;0;0;0;1;0;0
2512;CO;20-12-2025;24;94;1918;20-12-2025 23:15;ELTORO-4;162796.3398;1;0;0;0;0;0;1;0;0
2512;CO;20-12-2025;24;95;1919;20-12-2025 23:30;ELTORO-4;142900.3497;1;0;0;0;0;0;1;0;0
2512;CO;20-12-2025;24;96;1920;20-12-2025 23:45;ELTORO-4;100902.3404;1;0;0;0;0;0;1;0;0
2512;CO;21-12-2025;1;1;1921;21-12-2025 0:00;ELTORO-4;40450.20213;1;0;0;0;0;0;1;0;0
2512;CO;21-12-2025;1;2;1922;21-12-2025 0:15;ELTORO-4;34520.83312;1;0;0;0;0;0;1;0;0
2512;CO;21-12-2025;1;3;1923;21-12-2025 0:30;ELTORO-4;34661.44318;1;0;0;0;0;0;1;0;0
2512;CO;21-12-2025;1;4;1924;21-12-2025 0:45;ELTORO-4;35926.9337;1;0;0;0;0;0;1;0;0
2512;CO;21-12-2025;2;5;1925;21-12-2025 1:00;ELTORO-4;22162.11261;1;0;0;0;0;0;1;0;0
2512;CO;21-12-2025;2;6;1926;21-12-2025 1:15;ELTORO-4;25874.58066;1;0;0;0;0;0;1;0;0
2512;CO;21-12-2025;2;7;1927;21-12-2025 1:30;ELTORO-4;52815.51372;1;0;0;0;0;0;1;0;0
2512;CO;21-12-2025;2;8;1928;21-12-2025 1:45;ELTORO-4;70130.51267;1;0;0;0;0;0;1;0;0
2512;CO;21-12-2025;3;9;1929;21-12-2025 2:00;ELTORO-4;157350.332;1;0;0;0;0;0;1;0;0
2512;CO;21-12-2025;3;10;1930;21-12-2025 2:15;ELTORO-4;156024.5497;1;0;0;0;0;0;1;0;0
2512;CO;21-12-2025;3;11;1931;21-12-2025 2:30;ELTORO-4;155985.561;1;0;0;0;0;0;1;0;0
2512;CO;21-12-2025;3;12;1932;21-12-2025 2:45;ELTORO-4;155205.6759;1;0;0;0;0;0;1;0;0
2512;CO;21-12-2025;4;13;1933;21-12-2025 3:00;ELTORO-4;92263.48953;1;0;0;0;0;0;1;0;0
2512;CO;21-12-2025;4;14;1934;21-12-2025 3:15;ELTORO-4;40025.15783;1;0;0;0;0;0;1;0;0
2512;CO;21-12-2025;4;15;1935;21-12-2025 3:30;ELTORO-4;99456.30519;1;0;0;0;0;0;1;0;0
2512;CO;21-12-2025;4;16;1936;21-12-2025 3:45;ELTORO-4;99103.71054;1;0;0;0;0;0;1;0;0
2512;CO;21-12-2025;5;17;1937;21-12-2025 4:00;ELTORO-4;139948.373;1;0;0;0;0;0;1;0;0
2512;CO;21-12-2025;5;18;1938;21-12-2025 4:15;ELTORO-4;139594.9875;1;0;0;0;0;0;1;0;0
2512;CO;21-12-2025;5;19;1939;21-12-2025 4:30;ELTORO-4;139382.9361;1;0;0;0;0;0;1;0;0
2512;CO;21-12-2025;5;20;1940;21-12-2025 4:45;ELTORO-4;139665.6545;1;0;0;0;0;0;1;0;0
2512;CO;21-12-2025;6;21;1941;21-12-2025 5:00;ELTORO-4;208333.4982;0.597974401;0.402025599;0;0;0;0;1;0;0
2512;CO;21-12-2025;6;22;1942;21-12-2025 5:15;ELTORO-4;216059.9768;0.597974401;0.402025599;0;0;0;0;1;0;0
2512;CO;21-12-2025;6;23;1943;21-12-2025 5:30;ELTORO-4;223532.3496;0.597974401;0.402025599;0;0;0;0;1;0;0
2512;CO;21-12-2025;6;24;1944;21-12-2025 5:45;ELTORO-4;96757.68886;0.597974401;0.402025599;0;0;0;0;1;0;0
2512;CO;21-12-2025;7;25;1945;21-12-2025 6:00;ELTORO-4;57495.23589;1;0;0;0;0;0;1;0;0
2512;CO;21-12-2025;7;26;1946;21-12-2025 6:15;ELTORO-4;57547.95171;1;0;0;0;0;0;1;0;0
2512;CO;21-12-2025;7;27;1947;21-12-2025 6:30;ELTORO-4;54035.37906;1;0;0;0;0;0;1;0;0
2512;CO;21-12-2025;7;28;1948;21-12-2025 6:45;ELTORO-4;46797.12193;1;0;0;0;0;0;1;0;0
2512;CO;21-12-2025;8;29;1949;21-12-2025 7:00;ELTORO-4;35705.48375;1;0;0;0;0;0;1;0;0
2512;CO;21-12-2025;8;30;1950;21-12-2025 7:15;ELTORO-4;1661.098018;1;0;0;0;0;0;1;0;0
2512;CO;21-12-2025;8;31;1951;21-12-2025 7:30;ELTORO-4;1035.192192;1;0;0;0;0;0;1;0;0
2512;CO;21-12-2025;20;80;2000;21-12-2025 19:45;ELTORO-4;0;1;0;0;0;0;0;1;0;0
2512;CO;21-12-2025;21;81;2001;21-12-2025 20:00;ELTORO-4;42584.04022;1;0;0;0;0;0;1;0;0
2512;CO;21-12-2025;21;82;2002;21-12-2025 20:15;ELTORO-4;35211.88095;1;0;0;0;0;0;1;0;0
2512;CO;21-12-2025;21;83;2003;21-12-2025 20:30;ELTORO-4;29571.99392;1;0;0;0;0;0;1;0;0
2512;CO;21-12-2025;21;84;2004;21-12-2025 20:45;ELTORO-4;29410.9675;1;0;0;0;0;0;1;0;0
2512;CO;21-12-2025;22;85;2005;21-12-2025 21:00;ELTORO-4;21839.45158;1;0;0;0;0;0;1;0;0
2512;CO;21-12-2025;22;86;2006;21-12-2025 21:15;ELTORO-4;16862.70612;1;0;0;0;0;0;1;0;0
2512;CO;21-12-2025;22;87;2007;21-12-2025 21:30;ELTORO-4;40040.8462;1;0;0;0;0;0;1;0;0
2512;CO;21-12-2025;22;88;2008;21-12-2025 21:45;ELTORO-4;57453.34764;1;0;0;0;0;0;1;0;0
2512;CO;21-12-2025;23;89;2009;21-12-2025 22:00;ELTORO-4;51512.90931;1;0;0;0;0;0;1;0;0
2512;CO;21-12-2025;23;90;2010;21-12-2025 22:15;ELTORO-4;47784.65253;1;0;0;0;0;0;1;0;0
2512;CO;21-12-2025;23;91;2011;21-12-2025 22:30;ELTORO-4;47720.227;1;0;0;0;0;0;1;0;0
2512;CO;21-12-2025;23;92;2012;21-12-2025 22:45;ELTORO-4;33894.50648;1;0;0;0;0;0;1;0;0
2512;CO;21-12-2025;24;93;2013;21-12-2025 23:00;ELTORO-4;11304.05113;1;0;0;0;0;0;1;0;0
2512;CO;21-12-2025;24;94;2014;21-12-2025 23:15;ELTORO-4;11164.394;1;0;0;0;0;0;1;0;0
2512;CO;21-12-2025;24;95;2015;21-12-2025 23:30;ELTORO-4;10372.93505;1;0;0;0;0;0;1;0;0
2512;CO;21-12-2025;24;96;2016;21-12-2025 23:45;ELTORO-4;23950.01443;1;0;0;0;0;0;1;0;0
2512;CO;22-12-2025;1;1;2017;22-12-2025 0:00;ELTORO-4;30592.78315;1;0;0;0;0;0;1;0;0
2512;CO;22-12-2025;1;2;2018;22-12-2025 0:15;ELTORO-4;33375.21401;1;0;0;0;0;0;1;0;0
2512;CO;22-12-2025;1;3;2019;22-12-2025 0:30;ELTORO-4;20945.73913;1;0;0;0;0;0;1;0;0
2512;CO;22-12-2025;1;4;2020;22-12-2025 0:45;ELTORO-4;15004.4073;1;0;0;0;0;0;1;0;0
2512;CO;22-12-2025;2;5;2021;22-12-2025 1:00;ELTORO-4;3208.358417;1;0;0;0;0;0;1;0;0
2512;CO;22-12-2025;2;6;2022;22-12-2025 1:15;ELTORO-4;8869.561277;1;0;0;0;0;0;1;0;0
2512;CO;22-12-2025;2;7;2023;22-12-2025 1:30;ELTORO-4;16222.28025;1;0;0;0;0;0;1;0;0
2512;CO;22-12-2025;2;8;2024;22-12-2025 1:45;ELTORO-4;16625.02727;1;0;0;0;0;0;1;0;0
2512;CO;22-12-2025;3;9;2025;22-12-2025 2:00;ELTORO-4;31094.19653;1;0;0;0;0;0;1;0;0
2512;CO;22-12-2025;3;10;2026;22-12-2025 2:15;ELTORO-4;24823.55972;1;0;0;0;0;0;1;0;0
2512;CO;22-12-2025;3;11;2027;22-12-2025 2:30;ELTORO-4;18272.04688;1;0;0;0;0;0;1;0;0
2512;CO;22-12-2025;3;12;2028;22-12-2025 2:45;ELTORO-4;18087.56184;1;0;0;0;0;0;1;0;0
2512;CO;22-12-2025;4;13;2029;22-12-2025 3:00;ELTORO-4;18602.63027;1;0;0;0;0;0;1;0;0
2512;CO;22-12-2025;4;14;2030;22-12-2025 3:15;ELTORO-4;42401.33545;1;0;0;0;0;0;1;0;0
2512;CO;22-12-2025;4;15;2031;22-12-2025 3:30;ELTORO-4;43088.12855;1;0;0;0;0;0;1;0;0
2512;CO;22-12-2025;4;16;2032;22-12-2025 3:45;ELTORO-4;28485.81503;1;0;0;0;0;0;1;0;0
2512;CO;22-12-2025;5;17;2033;22-12-2025 4:00;ELTORO-4;16444.65162;1;0;0;0;0;0;1;0;0
2512;CO;22-12-2025;5;18;2034;22-12-2025 4:15;ELTORO-4;28009.99402;1;0;0;0;0;0;1;0;0
2512;CO;22-12-2025;5;19;2035;22-12-2025 4:30;ELTORO-4;27956.06735;1;0;0;0;0;0;1;0;0
2512;CO;22-12-2025;5;20;2036;22-12-2025 4:45;ELTORO-4;28139.40721;1;0;0;0;0;0;1;0;0
2512;CO;22-12-2025;6;21;2037;22-12-2025 5:00;ELTORO-4;97093.33146;1;0;0;0;0;0;1;0;0
2512;CO;22-12-2025;6;22;2038;22-12-2025 5:15;ELTORO-4;68645.66481;1;0;0;0;0;0;1;0;0
2512;CO;22-12-2025;6;23;2039;22-12-2025 5:30;ELTORO-4;35223.02017;1;0;0;0;0;0;1;0;0
2512;CO;22-12-2025;6;24;2040;22-12-2025 5:45;ELTORO-4;20023.76402;1;0;0;0;0;0;1;0;0
2512;CO;22-12-2025;7;25;2041;22-12-2025 6:00;ELTORO-4;93758.52705;1;0;0;0;0;0;1;0;0
2512;CO;22-12-2025;7;26;2042;22-12-2025 6:15;ELTORO-4;132659.9879;1;0;0;0;0;0;1;0;0
2512;CO;22-12-2025;7;27;2043;22-12-2025 6:30;ELTORO-4;71536.81781;1;0;0;0;0;0;1;0;0
2512;CO;22-12-2025;7;28;2044;22-12-2025 6:45;ELTORO-4;42693.42977;1;0;0;0;0;0;1;0;0
2512;CO;22-12-2025;8;29;2045;22-12-2025 7:00;ELTORO-4;32667.94147;1;0;0;0;0;0;1;0;0
2512;CO;22-12-2025;20;80;2096;22-12-2025 19:45;ELTORO-4;60925.80613;0.728465425;0.271534575;0;0;0;0;1;0;0
2512;CO;22-12-2025;21;81;2097;22-12-2025 20:00;ELTORO-4;64031.51457;0.866486749;0.133513251;0;0;0;0;1;0;0
2512;CO;22-12-2025;21;82;2098;22-12-2025 20:15;ELTORO-4;67874.63454;0.866486749;0.133513251;0;0;0;0;1;0;0
2512;CO;22-12-2025;21;83;2099;22-12-2025 20:30;ELTORO-4;84628.47468;0.866486749;0.133513251;0;0;0;0;1;0;0
2512;CO;22-12-2025;21;84;2100;22-12-2025 20:45;ELTORO-4;86893.70759;0.866486749;0.133513251;0;0;0;0;1;0;0
2512;CO;22-12-2025;22;85;2101;22-12-2025 21:00;ELTORO-4;84840.2209;1;0;0;0;0;0;1;0;0
2512;CO;22-12-2025;22;86;2102;22-12-2025 21:15;ELTORO-4;84595.6411;1;0;0;0;0;0;1;0;0
2512;CO;22-12-2025;22;87;2103;22-12-2025 21:30;ELTORO-4;84351.03225;1;0;0;0;0;0;1;0;0
2512;CO;22-12-2025;22;88;2104;22-12-2025 21:45;ELTORO-4;85207.10513;1;0;0;0;0;0;1;0;0
2512;CO;22-12-2025;23;89;2105;22-12-2025 22:00;ELTORO-4;152528.9584;1;0;0;0;0;0;1;0;0
2512;CO;22-12-2025;23;90;2106;22-12-2025 22:15;ELTORO-4;152308.8104;1;0;0;0;0;0;1;0;0
2512;CO;22-12-2025;23;91;2107;22-12-2025 22:30;ELTORO-4;152382.1757;1;0;0;0;0;0;1;0;0
2512;CO;22-12-2025;23;92;2108;22-12-2025 22:45;ELTORO-4;151330.6946;1;0;0;0;0;0;1;0;0
2512;CO;22-12-2025;24;93;2109;22-12-2025 23:00;ELTORO-4;127284.8944;1;0;0;0;0;0;1;0;0
2512;CO;22-12-2025;24;94;2110;22-12-2025 23:15;ELTORO-4;127192.0313;1;0;0;0;0;0;1;0;0
2512;CO;22-12-2025;24;95;2111;22-12-2025 23:30;ELTORO-4;127222.9857;1;0;0;0;0;0;1;0;0
2512;CO;22-12-2025;24;96;2112;22-12-2025 23:45;ELTORO-4;126944.4407;1;0;0;0;0;0;1;0;0
2512;CO;23-12-2025;1;1;2113;23-12-2025 0:00;ELTORO-4;99321.70329;1;0;0;0;0;0;1;0;0
2512;CO;23-12-2025;1;2;2114;23-12-2025 0:15;ELTORO-4;112928.5013;1;0;0;0;0;0;1;0;0
2512;CO;23-12-2025;1;3;2115;23-12-2025 0:30;ELTORO-4;162646.5068;1;0;0;0;0;0;1;0;0
2512;CO;23-12-2025;1;4;2116;23-12-2025 0:45;ELTORO-4;163851.8202;1;0;0;0;0;0;1;0;0
2512;CO;23-12-2025;2;5;2117;23-12-2025 1:00;ELTORO-4;253923.2243;1;0;0;0;0;0;1;0;0
2512;CO;23-12-2025;2;6;2118;23-12-2025 1:15;ELTORO-4;237019.7336;1;0;0;0;0;0;1;0;0
2512;CO;23-12-2025;2;7;2119;23-12-2025 1:30;ELTORO-4;122812.5473;1;0;0;0;0;0;1;0;0
2512;CO;23-12-2025;2;8;2120;23-12-2025 1:45;ELTORO-4;122024.7354;1;0;0;0;0;0;1;0;0
2512;CO;23-12-2025;3;9;2121;23-12-2025 2:00;ELTORO-4;107216.7236;1;0;0;0;0;0;1;0;0
2512;CO;23-12-2025;3;10;2122;23-12-2025 2:15;ELTORO-4;106754.4898;1;0;0;0;0;0;1;0;0
2512;CO;23-12-2025;3;11;2123;23-12-2025 2:30;ELTORO-4;105896.1718;1;0;0;0;0;0;1;0;0
2512;CO;23-12-2025;3;12;2124;23-12-2025 2:45;ELTORO-4;104410.5255;1;0;0;0;0;0;1;0;0
2512;CO;23-12-2025;4;13;2125;23-12-2025 3:00;ELTORO-4;60568.0474;1;0;0;0;0;0;1;0;0
2512;CO;23-12-2025;4;14;2126;23-12-2025 3:15;ELTORO-4;60740.2532;1;0;0;0;0;0;1;0;0
2512;CO;23-12-2025;4;15;2127;23-12-2025 3:30;ELTORO-4;61027.2334;1;0;0;0;0;0;1;0;0
2512;CO;23-12-2025;4;16;2128;23-12-2025 3:45;ELTORO-4;60950.70731;1;0;0;0;0;0;1;0;0
2512;CO;23-12-2025;5;17;2129;23-12-2025 4:00;ELTORO-4;72283.9467;1;0;0;0;0;0;1;0;0
2512;CO;23-12-2025;5;18;2130;23-12-2025 4:15;ELTORO-4;71986.44386;1;0;0;0;0;0;1;0;0
2512;CO;23-12-2025;5;19;2131;23-12-2025 4:30;ELTORO-4;149454.9022;1;0;0;0;0;0;1;0;0
2512;CO;23-12-2025;5;20;2132;23-12-2025 4:45;ELTORO-4;149825.6794;1;0;0;0;0;0;1;0;0
2512;CO;23-12-2025;6;21;2133;23-12-2025 5:00;ELTORO-4;179578.7909;1;0;0;0;0;0;1;0;0
2512;CO;23-12-2025;6;22;2134;23-12-2025 5:15;ELTORO-4;147297.286;1;0;0;0;0;0;1;0;0
2512;CO;23-12-2025;6;23;2135;23-12-2025 5:30;ELTORO-4;202525.2813;1;0;0;0;0;0;1;0;0
2512;CO;23-12-2025;6;24;2136;23-12-2025 5:45;ELTORO-4;203994.5323;1;0;0;0;0;0;1;0;0
2512;CO;23-12-2025;7;25;2137;23-12-2025 6:00;ELTORO-4;219971.3584;1;0;0;0;0;0;1;0;0
2512;CO;23-12-2025;7;26;2138;23-12-2025 6:15;ELTORO-4;423757.2975;1;0;0;0;0;0;1;0;0
2512;CO;23-12-2025;7;27;2139;23-12-2025 6:30;ELTORO-4;285184.4611;1;0;0;0;0;0;1;0;0
2512;CO;23-12-2025;7;28;2140;23-12-2025 6:45;ELTORO-4;197188.9996;1;0;0;0;0;0;1;0;0
2512;CO;23-12-2025;8;29;2141;23-12-2025 7:00;ELTORO-4;212106.9244;1;0;0;0;0;0;1;0;0
2512;CO;23-12-2025;8;30;2142;23-12-2025 7:15;ELTORO-4;50347.58982;1;0;0;0;0;0;1;0;0
2512;CO;23-12-2025;21;81;2193;23-12-2025 20:00;ELTORO-4;109792.6168;1;0;0;0;0;0;1;0;0
2512;CO;23-12-2025;21;82;2194;23-12-2025 20:15;ELTORO-4;109278.8324;1;0;0;0;0;0;1;0;0
2512;CO;23-12-2025;21;83;2195;23-12-2025 20:30;ELTORO-4;109278.8324;1;0;0;0;0;0;1;0;0
2512;CO;23-12-2025;21;84;2196;23-12-2025 20:45;ELTORO-4;110443.4104;1;0;0;0;0;0;1;0;0
2512;CO;23-12-2025;22;85;2197;23-12-2025 21:00;ELTORO-4;81186.43692;1;0;0;0;0;0;1;0;0
2512;CO;23-12-2025;22;86;2198;23-12-2025 21:15;ELTORO-4;78087.43454;1;0;0;0;0;0;1;0;0
2512;CO;23-12-2025;22;87;2199;23-12-2025 21:30;ELTORO-4;33840.92339;1;0;0;0;0;0;1;0;0
2512;CO;23-12-2025;22;88;2200;23-12-2025 21:45;ELTORO-4;47325.98536;1;0;0;0;0;0;1;0;0
2512;CO;23-12-2025;23;89;2201;23-12-2025 22:00;ELTORO-4;58744.14874;0.879643053;0.120356947;0;0;0;0;1;0;0
2512;CO;23-12-2025;23;90;2202;23-12-2025 22:15;ELTORO-4;57247.20583;0.879643053;0.120356947;0;0;0;0;1;0;0
2512;CO;23-12-2025;23;91;2203;23-12-2025 22:30;ELTORO-4;56717.0056;0.879643053;0.120356947;0;0;0;0;1;0;0
2512;CO;23-12-2025;23;92;2204;23-12-2025 22:45;ELTORO-4;55874.93284;0.879643053;0.120356947;0;0;0;0;1;0;0
2512;CO;23-12-2025;24;93;2205;23-12-2025 23:00;ELTORO-4;52667.09295;1;0;0;0;0;0;1;0;0
2512;CO;23-12-2025;24;94;2206;23-12-2025 23:15;ELTORO-4;52989.96467;1;0;0;0;0;0;1;0;0
2512;CO;23-12-2025;24;95;2207;23-12-2025 23:30;ELTORO-4;53136.67622;1;0;0;0;0;0;1;0;0
2512;CO;23-12-2025;24;96;2208;23-12-2025 23:45;ELTORO-4;20733.51719;1;0;0;0;0;0;1;0;0
2512;CO;24-12-2025;7;25;2233;24-12-2025 6:00;ELTORO-4;10993.83835;1;0;0;0;0;0;1;0;0
2512;CO;24-12-2025;20;80;2288;24-12-2025 19:45;ELTORO-4;103609.6255;0.478759359;0.521240641;0;0;0;0;1;0;0
2512;CO;24-12-2025;21;81;2289;24-12-2025 20:00;ELTORO-4;55210.69046;1;0;0;0;0;0;1;0;0
2512;CO;24-12-2025;21;82;2290;24-12-2025 20:15;ELTORO-4;52508.40776;1;0;0;0;0;0;1;0;0
2512;CO;24-12-2025;21;83;2291;24-12-2025 20:30;ELTORO-4;52379.72763;1;0;0;0;0;0;1;0;0
2512;CO;24-12-2025;21;84;2292;24-12-2025 20:45;ELTORO-4;37189.68565;1;0;0;0;0;0;1;0;0
2512;CO;24-12-2025;23;89;2297;24-12-2025 22:00;ELTORO-4;47379.16465;1;0;0;0;0;0;1;0;0
2512;CO;24-12-2025;23;90;2298;24-12-2025 22:15;ELTORO-4;31585.03614;1;0;0;0;0;0;1;0;0
2512;CO;25-12-2025;1;1;2301;25-12-2025 0:00;ELTORO-4;6381.19924;1;0;0;0;0;0;1;0;0
2512;CO;25-12-2025;1;2;2302;25-12-2025 0:15;ELTORO-4;6546.731707;1;0;0;0;0;0;1;0;0
2512;CO;25-12-2025;1;3;2303;25-12-2025 0:30;ELTORO-4;3537.710107;1;0;0;0;0;0;1;0;0
2512;CO;25-12-2025;2;8;2308;25-12-2025 1:45;ELTORO-4;1841.635827;1;0;0;0;0;0;1;0;0
2512;CO;25-12-2025;4;15;2315;25-12-2025 3:30;ELTORO-4;27756.63035;1;0;0;0;0;0;1;0;0
2512;CO;25-12-2025;4;16;2316;25-12-2025 3:45;ELTORO-4;24845.79648;1;0;0;0;0;0;1;0;0
2512;CO;25-12-2025;5;17;2317;25-12-2025 4:00;ELTORO-4;1723.416329;1;0;0;0;0;0;1;0;0
2512;CO;25-12-2025;6;22;2322;25-12-2025 5:15;ELTORO-4;7731.17916;1;0;0;0;0;0;1;0;0
2512;CO;25-12-2025;6;23;2323;25-12-2025 5:30;ELTORO-4;46131.767;1;0;0;0;0;0;1;0;0
2512;CO;25-12-2025;6;24;2324;25-12-2025 5:45;ELTORO-4;46367.63145;1;0;0;0;0;0;1;0;0
2512;CO;25-12-2025;20;80;2380;25-12-2025 19:45;ELTORO-4;18399.10049;1;0;0;0;0;0;1;0;0
2512;CO;25-12-2025;21;81;2381;25-12-2025 20:00;ELTORO-4;20618.43308;1;0;0;0;0;0;1;0;0
2512;CO;25-12-2025;21;82;2382;25-12-2025 20:15;ELTORO-4;25171.38553;1;0;0;0;0;0;1;0;0
2512;CO;25-12-2025;21;83;2383;25-12-2025 20:30;ELTORO-4;25371.97556;1;0;0;0;0;0;1;0;0
2512;CO;25-12-2025;21;84;2384;25-12-2025 20:45;ELTORO-4;30668.46288;1;0;0;0;0;0;1;0;0
2512;CO;25-12-2025;22;85;2385;25-12-2025 21:00;ELTORO-4;49222.36015;1;0;0;0;0;0;1;0;0
2512;CO;25-12-2025;22;86;2386;25-12-2025 21:15;ELTORO-4;55948.60088;1;0;0;0;0;0;1;0;0
2512;CO;25-12-2025;22;87;2387;25-12-2025 21:30;ELTORO-4;62921.85496;1;0;0;0;0;0;1;0;0
2512;CO;25-12-2025;22;88;2388;25-12-2025 21:45;ELTORO-4;62970.21981;1;0;0;0;0;0;1;0;0
2512;CO;25-12-2025;23;89;2389;25-12-2025 22:00;ELTORO-4;77186.0857;1;0;0;0;0;0;1;0;0
2512;CO;25-12-2025;23;90;2390;25-12-2025 22:15;ELTORO-4;77156.3755;1;0;0;0;0;0;1;0;0
2512;CO;25-12-2025;23;91;2391;25-12-2025 22:30;ELTORO-4;78077.39164;1;0;0;0;0;0;1;0;0
2512;CO;25-12-2025;23;92;2392;25-12-2025 22:45;ELTORO-4;77809.99986;1;0;0;0;0;0;1;0;0
2512;CO;25-12-2025;24;93;2393;25-12-2025 23:00;ELTORO-4;103754.1939;1;0;0;0;0;0;1;0;0
2512;CO;25-12-2025;24;94;2394;25-12-2025 23:15;ELTORO-4;103277.1569;1;0;0;0;0;0;1;0;0
2512;CO;25-12-2025;24;95;2395;25-12-2025 23:30;ELTORO-4;77591.74472;1;0;0;0;0;0;1;0;0
2512;CO;25-12-2025;24;96;2396;25-12-2025 23:45;ELTORO-4;71516.52236;1;0;0;0;0;0;1;0;0
2512;CO;26-12-2025;5;17;2413;26-12-2025 4:00;ELTORO-4;109935.5819;1;0;0;0;0;0;1;0;0
2512;CO;26-12-2025;5;18;2414;26-12-2025 4:15;ELTORO-4;224487.6783;1;0;0;0;0;0;1;0;0
2512;CO;26-12-2025;5;19;2415;26-12-2025 4:30;ELTORO-4;350917.2052;1;0;0;0;0;0;1;0;0
2512;CO;26-12-2025;5;20;2416;26-12-2025 4:45;ELTORO-4;356849.8459;1;0;0;0;0;0;1;0;0
2512;CO;26-12-2025;6;21;2417;26-12-2025 5:00;ELTORO-4;312040.2078;1;0;0;0;0;0;1;0;0
2512;CO;26-12-2025;6;22;2418;26-12-2025 5:15;ELTORO-4;271768.5302;1;0;0;0;0;0;1;0;0
2512;CO;26-12-2025;6;23;2419;26-12-2025 5:30;ELTORO-4;331170.9881;1;0;0;0;0;0;1;0;0
2512;CO;26-12-2025;6;24;2420;26-12-2025 5:45;ELTORO-4;330042.4915;1;0;0;0;0;0;1;0;0
2512;CO;26-12-2025;7;25;2421;26-12-2025 6:00;ELTORO-4;267461.282;1;0;0;0;0;0;1;0;0
2512;CO;26-12-2025;7;26;2422;26-12-2025 6:15;ELTORO-4;264647.7341;1;0;0;0;0;0;1;0;0
2512;CO;26-12-2025;7;27;2423;26-12-2025 6:30;ELTORO-4;266592.3766;1;0;0;0;0;0;1;0;0
2512;CO;26-12-2025;7;28;2424;26-12-2025 6:45;ELTORO-4;265640.7385;1;0;0;0;0;0;1;0;0
2512;CO;26-12-2025;8;29;2425;26-12-2025 7:00;ELTORO-4;549891.8333;0.911147903;0.088852097;0;0;0;0;1;0;0
2512;CO;26-12-2025;8;30;2426;26-12-2025 7:15;ELTORO-4;557391.2495;0.911147903;0.088852097;0;0;0;0;1;0;0
2512;CO;26-12-2025;8;31;2427;26-12-2025 7:30;ELTORO-4;279594.6387;0.911147903;0.088852097;0;0;0;0;1;0;0
2512;CO;26-12-2025;20;80;2476;26-12-2025 19:45;ELTORO-4;45589.66906;1;0;0;0;0;0;1;0;0
2512;CO;26-12-2025;21;81;2477;26-12-2025 20:00;ELTORO-4;43976.04929;1;0;0;0;0;0;1;0;0
2512;CO;26-12-2025;21;82;2478;26-12-2025 20:15;ELTORO-4;61168.69285;1;0;0;0;0;0;1;0;0
2512;CO;26-12-2025;21;83;2479;26-12-2025 20:30;ELTORO-4;78505.09331;1;0;0;0;0;0;1;0;0
2512;CO;26-12-2025;21;84;2480;26-12-2025 20:45;ELTORO-4;56635.14237;1;0;0;0;0;0;1;0;0
2512;CO;26-12-2025;22;85;2481;26-12-2025 21:00;ELTORO-4;10835.12093;1;0;0;0;0;0;1;0;0
2512;CO;26-12-2025;22;86;2482;26-12-2025 21:15;ELTORO-4;10547.26867;1;0;0;0;0;0;1;0;0
2512;CO;26-12-2025;22;87;2483;26-12-2025 21:30;ELTORO-4;11812.78255;1;0;0;0;0;0;1;0;0
2512;CO;26-12-2025;22;88;2484;26-12-2025 21:45;ELTORO-4;31715.16747;1;0;0;0;0;0;1;0;0
2512;CO;26-12-2025;23;89;2485;26-12-2025 22:00;ELTORO-4;38165.52284;0.976419404;0.023580596;0;0;0;0;1;0;0
2512;CO;26-12-2025;24;96;2492;26-12-2025 23:45;ELTORO-4;6312.316617;1;0;0;0;0;0;1;0;0
2512;CO;27-12-2025;5;18;2510;27-12-2025 4:15;ELTORO-4;10950.96629;1;0;0;0;0;0;1;0;0
2512;CO;27-12-2025;5;19;2511;27-12-2025 4:30;ELTORO-4;11211.44839;1;0;0;0;0;0;1;0;0
2512;CO;27-12-2025;5;20;2512;27-12-2025 4:45;ELTORO-4;11135.47444;1;0;0;0;0;0;1;0;0
2512;CO;27-12-2025;7;25;2517;27-12-2025 6:00;ELTORO-4;76734.0316;1;0;0;0;0;0;1;0;0
2512;CO;27-12-2025;7;26;2518;27-12-2025 6:15;ELTORO-4;51456.6873;1;0;0;0;0;0;1;0;0
2512;CO;27-12-2025;7;27;2519;27-12-2025 6:30;ELTORO-4;6207.767216;1;0;0;0;0;0;1;0;0
2512;CO;28-12-2025;5;20;2608;28-12-2025 4:45;ELTORO-4;2303.277472;1;0;0;0;0;0;1;0;0
2512;CO;28-12-2025;6;21;2609;28-12-2025 5:00;ELTORO-4;2007.934148;1;0;0;0;0;0;1;0;0
2512;CO;28-12-2025;6;22;2610;28-12-2025 5:15;ELTORO-4;1854.719193;1;0;0;0;0;0;1;0;0
2512;CO;28-12-2025;6;23;2611;28-12-2025 5:30;ELTORO-4;2034.578577;1;0;0;0;0;0;1;0;0
2512;CO;28-12-2025;6;24;2612;28-12-2025 5:45;ELTORO-4;2374.329831;1;0;0;0;0;0;1;0;0
2512;CO;28-12-2025;7;25;2613;28-12-2025 6:00;ELTORO-4;3731.084084;1;0;0;0;0;0;1;0;0
2512;CO;28-12-2025;7;26;2614;28-12-2025 6:15;ELTORO-4;3881.768846;1;0;0;0;0;0;1;0;0
2512;CO;28-12-2025;7;27;2615;28-12-2025 6:30;ELTORO-4;3781.312338;1;0;0;0;0;0;1;0;0
2512;CO;29-12-2025;7;25;2709;29-12-2025 6:00;ELTORO-4;6246.224844;1;0;0;0;0;0;1;0;0
2512;CO;29-12-2025;7;26;2710;29-12-2025 6:15;ELTORO-4;2562.469366;1;0;0;0;0;0;1;0;0
2512;CO;29-12-2025;7;27;2711;29-12-2025 6:30;ELTORO-4;2530.275635;1;0;0;0;0;0;1;0;0
2512;CO;29-12-2025;7;28;2712;29-12-2025 6:45;ELTORO-4;7477.027515;1;0;0;0;0;0;1;0;0
2512;CO;29-12-2025;8;29;2713;29-12-2025 7:00;ELTORO-4;15384.15612;0.436225886;0.563774114;0;0;0;0;1;0;0
2512;CO;29-12-2025;8;30;2714;29-12-2025 7:15;ELTORO-4;47673.41273;0.436225886;0.563774114;0;0;0;0;1;0;0
2512;CO;29-12-2025;21;81;2765;29-12-2025 20:00;ELTORO-4;0;0;1;0;0;0;0;1;0;0
2512;CO;29-12-2025;21;82;2766;29-12-2025 20:15;ELTORO-4;0;0;1;0;0;0;0;1;0;0
2512;CO;29-12-2025;21;83;2767;29-12-2025 20:30;ELTORO-4;0;0;1;0;0;0;0;1;0;0
2512;CO;29-12-2025;21;84;2768;29-12-2025 20:45;ELTORO-4;0;0;1;0;0;0;0;1;0;0
2512;CO;31-12-2025;8;29;2905;31-12-2025 7:00;ELTORO-4;2241.763184;0;1;0;0;0;0;1;0;0
2512;CO;31-12-2025;8;30;2906;31-12-2025 7:15;ELTORO-4;25062.64983;0;1;0;0;0;0;1;0;0
2512;CO;31-12-2025;8;31;2907;31-12-2025 7:30;ELTORO-4;16053.80084;0;1;0;0;0;0;1;0;0
2512;CO;01-12-2025;22;85;85;01-12-2025 21:00;PE-SANGABRIEL;91489.40831;0;0;1;0;0;0;0;1;0
2512;CO;01-12-2025;22;86;86;01-12-2025 21:15;PE-SANGABRIEL;78094.63474;0;0;1;0;0;0;0;1;0
2512;CO;01-12-2025;22;87;87;01-12-2025 21:30;PE-SANGABRIEL;88439.30417;0;0;1;0;0;0;0;1;0
2512;CO;01-12-2025;22;88;88;01-12-2025 21:45;PE-SANGABRIEL;93479.01075;0;0;1;0;0;0;0;1;0
2512;CO;01-12-2025;23;89;89;01-12-2025 22:00;PE-SANGABRIEL;20138.36259;0;0;1;0;0;0;0;1;0
2512;CO;01-12-2025;23;90;90;01-12-2025 22:15;PE-SANGABRIEL;18501.66123;0;0;1;0;0;0;0;1;0
2512;CO;01-12-2025;23;91;91;01-12-2025 22:30;PE-SANGABRIEL;18408.14293;0;0;1;0;0;0;0;1;0
2512;CO;01-12-2025;23;92;92;01-12-2025 22:45;PE-SANGABRIEL;18436.19646;0;0;1;0;0;0;0;1;0
2512;CO;02-12-2025;20;79;175;02-12-2025 19:30;PE-SANGABRIEL;7441.961098;0;0;1;0;0;0;0;1;0
2512;CO;02-12-2025;20;80;176;02-12-2025 19:45;PE-SANGABRIEL;111764.7731;0;0;1;0;0;0;0;1;0
2512;CO;02-12-2025;22;85;181;02-12-2025 21:00;PE-SANGABRIEL;100428.5234;0;0;1;0;0;0;0;1;0
2512;CO;02-12-2025;22;86;182;02-12-2025 21:15;PE-SANGABRIEL;79992.75934;0;0;1;0;0;0;0;1;0
2512;CO;02-12-2025;22;87;183;02-12-2025 21:30;PE-SANGABRIEL;92222.09879;0;0;1;0;0;0;0;1;0
2512;CO;02-12-2025;22;88;184;02-12-2025 21:45;PE-SANGABRIEL;103018.3765;0;0;1;0;0;0;0;1;0
2512;CO;03-12-2025;7;25;217;03-12-2025 6:00;PE-SANGABRIEL;0;0;0;0;0;0;0;0;0;0
2512;CO;03-12-2025;7;26;218;03-12-2025 6:15;PE-SANGABRIEL;0;0;0;0;0;0;0;0;0;0
2512;CO;03-12-2025;7;27;219;03-12-2025 6:30;PE-SANGABRIEL;0;0;0;0;0;0;0;0;0;0
2512;CO;03-12-2025;7;28;220;03-12-2025 6:45;PE-SANGABRIEL;0;0;0;0;0;0;0;0;0;0
2512;CO;03-12-2025;8;29;221;03-12-2025 7:00;PE-SANGABRIEL;0;0;0;0;0;0;0;0;0;0
2512;CO;03-12-2025;8;30;222;03-12-2025 7:15;PE-SANGABRIEL;0;0;0;0;0;0;0;0;0;0
2512;CO;03-12-2025;20;78;270;03-12-2025 19:15;PE-SANGABRIEL;114230.9795;0;0;0;1;0;0;0;1;0
2512;CO;03-12-2025;20;79;271;03-12-2025 19:30;PE-SANGABRIEL;426306.0625;0;0;0;1;0;0;0;1;0
2512;CO;03-12-2025;20;80;272;03-12-2025 19:45;PE-SANGABRIEL;687734.3193;0;0;0;1;0;0;0;1;0
2512;CO;03-12-2025;21;81;273;03-12-2025 20:00;PE-SANGABRIEL;598767.7744;0;0;0;1;0;0;0;1;0
2512;CO;03-12-2025;21;82;274;03-12-2025 20:15;PE-SANGABRIEL;512531.3065;0;0;0;1;0;0;0;1;0
2512;CO;03-12-2025;21;83;275;03-12-2025 20:30;PE-SANGABRIEL;567578.9578;0;0;0;1;0;0;0;1;0
2512;CO;03-12-2025;21;84;276;03-12-2025 20:45;PE-SANGABRIEL;910942.5917;0;0;0;1;0;0;0;1;0
2512;CO;04-12-2025;1;1;289;04-12-2025 0:00;PE-SANGABRIEL;836842.8577;0;0;1;0;0;0;0;1;0
2512;CO;04-12-2025;1;2;290;04-12-2025 0:15;PE-SANGABRIEL;798588.7455;0;0;1;0;0;0;0;1;0
2512;CO;04-12-2025;1;3;291;04-12-2025 0:30;PE-SANGABRIEL;717734.6882;0;0;1;0;0;0;0;1;0
2512;CO;04-12-2025;1;4;292;04-12-2025 0:45;PE-SANGABRIEL;720865.22;0;0;1;0;0;0;0;1;0
2512;CO;04-12-2025;2;5;293;04-12-2025 1:00;PE-SANGABRIEL;840548.6842;0;0;1;0;0;0;0;1;0
2512;CO;04-12-2025;2;6;294;04-12-2025 1:15;PE-SANGABRIEL;914749.3476;0;0;1;0;0;0;0;1;0
2512;CO;04-12-2025;2;7;295;04-12-2025 1:30;PE-SANGABRIEL;917527.9839;0;0;1;0;0;0;0;1;0
2512;CO;04-12-2025;2;8;296;04-12-2025 1:45;PE-SANGABRIEL;827199.0333;0;0;1;0;0;0;0;1;0
2512;CO;04-12-2025;3;9;297;04-12-2025 2:00;PE-SANGABRIEL;1126838.665;0;0;1;0;0;0;0;1;0
2512;CO;04-12-2025;3;10;298;04-12-2025 2:15;PE-SANGABRIEL;1042202.011;0;0;1;0;0;0;0;1;0
2512;CO;04-12-2025;3;11;299;04-12-2025 2:30;PE-SANGABRIEL;975947.0227;0;0;1;0;0;0;0;1;0
2512;CO;04-12-2025;3;12;300;04-12-2025 2:45;PE-SANGABRIEL;1036243.091;0;0;1;0;0;0;0;1;0
2512;CO;04-12-2025;4;13;301;04-12-2025 3:00;PE-SANGABRIEL;943425.5881;0;0;1;0;0;0;0;1;0
2512;CO;04-12-2025;4;14;302;04-12-2025 3:15;PE-SANGABRIEL;844633.7231;0;0;1;0;0;0;0;1;0
2512;CO;04-12-2025;4;15;303;04-12-2025 3:30;PE-SANGABRIEL;840687.6562;0;0;1;0;0;0;0;1;0
2512;CO;04-12-2025;4;16;304;04-12-2025 3:45;PE-SANGABRIEL;908606.0549;0;0;1;0;0;0;0;1;0
2512;CO;04-12-2025;5;17;305;04-12-2025 4:00;PE-SANGABRIEL;820393.9451;0;0;1;0;0;0;0;1;0
2512;CO;04-12-2025;5;18;306;04-12-2025 4:15;PE-SANGABRIEL;799342.8765;0;0;1;0;0;0;0;1;0
2512;CO;04-12-2025;5;19;307;04-12-2025 4:30;PE-SANGABRIEL;958550.0089;0;0;1;0;0;0;0;1;0
2512;CO;04-12-2025;5;20;308;04-12-2025 4:45;PE-SANGABRIEL;851495.3995;0;0;1;0;0;0;0;1;0
2512;CO;04-12-2025;6;21;309;04-12-2025 5:00;PE-SANGABRIEL;773097.595;0;0;1;0;0;0;0;1;0
2512;CO;04-12-2025;6;22;310;04-12-2025 5:15;PE-SANGABRIEL;861724.16;0;0;1;0;0;0;0;1;0
2512;CO;04-12-2025;6;23;311;04-12-2025 5:30;PE-SANGABRIEL;1025281.926;0;0;1;0;0;0;0;1;0
2512;CO;04-12-2025;6;24;312;04-12-2025 5:45;PE-SANGABRIEL;886010.8861;0;0;1;0;0;0;0;1;0
2512;CO;04-12-2025;7;25;313;04-12-2025 6:00;PE-SANGABRIEL;29908.98093;0;0;1;0;0;0;0;1;0
2512;CO;04-12-2025;7;26;314;04-12-2025 6:15;PE-SANGABRIEL;25300.75863;0;0;1;0;0;0;0;1;0
2512;CO;04-12-2025;7;27;315;04-12-2025 6:30;PE-SANGABRIEL;25384.25477;0;0;1;0;0;0;0;1;0
2512;CO;04-12-2025;7;28;316;04-12-2025 6:45;PE-SANGABRIEL;29739.02285;0;0;1;0;0;0;0;1;0
2512;CO;04-12-2025;8;29;317;04-12-2025 7:00;PE-SANGABRIEL;0;0;0;0;0;0;0;0;0;0
2512;CO;04-12-2025;8;30;318;04-12-2025 7:15;PE-SANGABRIEL;0;0;0;0;0;0;0;0;0;0
2512;CO;04-12-2025;10;38;326;04-12-2025 9:15;PE-SANGABRIEL;40920.94908;0;0;0;1;0;0;0;1;0
2512;CO;04-12-2025;10;39;327;04-12-2025 9:30;PE-SANGABRIEL;64463.61002;0;0;0;1;0;0;0;1;0
2512;CO;04-12-2025;10;40;328;04-12-2025 9:45;PE-SANGABRIEL;69410.30213;0;0;0;1;0;0;0;1;0
2512;CO;04-12-2025;17;65;353;04-12-2025 16:00;PE-SANGABRIEL;28026.40875;0;0;1;0;0;0;0;1;0
2512;CO;04-12-2025;17;66;354;04-12-2025 16:15;PE-SANGABRIEL;53014.01856;0;0;1;0;0;0;0;1;0
2512;CO;04-12-2025;17;67;355;04-12-2025 16:30;PE-SANGABRIEL;52766.9186;0;0;1;0;0;0;0;1;0
2512;CO;04-12-2025;17;68;356;04-12-2025 16:45;PE-SANGABRIEL;46461.70259;0;0;1;0;0;0;0;1;0
2512;CO;05-12-2025;3;9;393;05-12-2025 2:00;PE-SANGABRIEL;671248.9672;0;0;1;0;0;0;0;1;0
2512;CO;05-12-2025;3;10;394;05-12-2025 2:15;PE-SANGABRIEL;609985.79;0;0;1;0;0;0;0;1;0
2512;CO;05-12-2025;3;11;395;05-12-2025 2:30;PE-SANGABRIEL;458718.2492;0;0;1;0;0;0;0;1;0
2512;CO;05-12-2025;3;12;396;05-12-2025 2:45;PE-SANGABRIEL;458471.8914;0;0;1;0;0;0;0;1;0
2512;CO;05-12-2025;5;17;401;05-12-2025 4:00;PE-SANGABRIEL;464442.9077;0;0;1;0;0;0;0;1;0
2512;CO;05-12-2025;5;18;402;05-12-2025 4:15;PE-SANGABRIEL;465843.1878;0;0;1;0;0;0;0;1;0
2512;CO;05-12-2025;5;19;403;05-12-2025 4:30;PE-SANGABRIEL;469558.5311;0;0;1;0;0;0;0;1;0
2512;CO;05-12-2025;5;20;404;05-12-2025 4:45;PE-SANGABRIEL;514974.1161;0;0;1;0;0;0;0;1;0
2512;CO;05-12-2025;6;21;405;05-12-2025 5:00;PE-SANGABRIEL;102015.7505;0;0;1;0;0;0;0;1;0
2512;CO;05-12-2025;6;22;406;05-12-2025 5:15;PE-SANGABRIEL;102442.4097;0;0;1;0;0;0;0;1;0
2512;CO;05-12-2025;6;23;407;05-12-2025 5:30;PE-SANGABRIEL;102573.6761;0;0;1;0;0;0;0;1;0
2512;CO;05-12-2025;6;24;408;05-12-2025 5:45;PE-SANGABRIEL;94434.2725;0;0;1;0;0;0;0;1;0
2512;CO;05-12-2025;7;25;409;05-12-2025 6:00;PE-SANGABRIEL;20026.92971;0;0;1;0;0;0;0;1;0
2512;CO;05-12-2025;7;26;410;05-12-2025 6:15;PE-SANGABRIEL;20035.53043;0;0;1;0;0;0;0;1;0
2512;CO;05-12-2025;7;27;411;05-12-2025 6:30;PE-SANGABRIEL;20059.17796;0;0;1;0;0;0;0;1;0
2512;CO;05-12-2025;7;28;412;05-12-2025 6:45;PE-SANGABRIEL;20009.73272;0;0;1;0;0;0;0;1;0
2512;CO;05-12-2025;8;29;413;05-12-2025 7:00;PE-SANGABRIEL;190392.8534;0;0;0;1;0;0;0;1;0
2512;CO;05-12-2025;8;30;414;05-12-2025 7:15;PE-SANGABRIEL;64050.9584;0;0;0;1;0;0;0;1;0
2512;CO;05-12-2025;17;66;450;05-12-2025 16:15;PE-SANGABRIEL;72443.53622;0;0;0;1;0;0;0;1;0
2512;CO;05-12-2025;17;67;451;05-12-2025 16:30;PE-SANGABRIEL;97096.82026;0;0;0;1;0;0;0;1;0
2512;CO;05-12-2025;17;68;452;05-12-2025 16:45;PE-SANGABRIEL;266762.7046;0;0;0;1;0;0;0;1;0
2512;CO;05-12-2025;18;69;453;05-12-2025 17:00;PE-SANGABRIEL;202560.9287;0;0;0;1;0;0;0;1;0
2512;CO;05-12-2025;18;70;454;05-12-2025 17:15;PE-SANGABRIEL;99775.07378;0;0;0;1;0;0;0;1;0
2512;CO;05-12-2025;18;71;455;05-12-2025 17:30;PE-SANGABRIEL;99015.93478;0;0;0;1;0;0;0;1;0
2512;CO;05-12-2025;18;72;456;05-12-2025 17:45;PE-SANGABRIEL;98552.00792;0;0;0;1;0;0;0;1;0
2512;CO;05-12-2025;19;73;457;05-12-2025 18:00;PE-SANGABRIEL;156325.3665;0;0;0;1;0;0;0;1;0
2512;CO;05-12-2025;19;74;458;05-12-2025 18:15;PE-SANGABRIEL;31124.90724;0;0;0;1;0;0;0;1;0
2512;CO;05-12-2025;20;78;462;05-12-2025 19:15;PE-SANGABRIEL;27322.84103;0;0;0;1;0;0;0;1;0
2512;CO;05-12-2025;20;79;463;05-12-2025 19:30;PE-SANGABRIEL;60201.00524;0;0;0;1;0;0;0;1;0
2512;CO;05-12-2025;20;80;464;05-12-2025 19:45;PE-SANGABRIEL;30839.72343;0;0;0;1;0;0;0;1;0
2512;CO;05-12-2025;22;85;469;05-12-2025 21:00;PE-SANGABRIEL;432025.3243;0;0;1;0;0;0;0;1;0
2512;CO;05-12-2025;22;86;470;05-12-2025 21:15;PE-SANGABRIEL;445347.6485;0;0;1;0;0;0;0;1;0
2512;CO;05-12-2025;22;87;471;05-12-2025 21:30;PE-SANGABRIEL;445637.8718;0;0;1;0;0;0;0;1;0
2512;CO;05-12-2025;22;88;472;05-12-2025 21:45;PE-SANGABRIEL;445202.5368;0;0;1;0;0;0;0;1;0
2512;CO;05-12-2025;23;89;473;05-12-2025 22:00;PE-SANGABRIEL;361107.136;0;0;1;0;0;0;0;1;0
2512;CO;05-12-2025;23;90;474;05-12-2025 22:15;PE-SANGABRIEL;358525.0048;0;0;1;0;0;0;0;1;0
2512;CO;05-12-2025;23;91;475;05-12-2025 22:30;PE-SANGABRIEL;358251.1424;0;0;1;0;0;0;0;1;0
2512;CO;05-12-2025;23;92;476;05-12-2025 22:45;PE-SANGABRIEL;360129.056;0;0;1;0;0;0;0;1;0
2512;CO;05-12-2025;24;93;477;05-12-2025 23:00;PE-SANGABRIEL;744799.8432;0;0;1;0;0;0;0;1;0
2512;CO;05-12-2025;24;94;478;05-12-2025 23:15;PE-SANGABRIEL;746814.5582;0;0;1;0;0;0;0;1;0
2512;CO;05-12-2025;24;95;479;05-12-2025 23:30;PE-SANGABRIEL;527710.0612;0;0;1;0;0;0;0;1;0
2512;CO;05-12-2025;24;96;480;05-12-2025 23:45;PE-SANGABRIEL;501010.3732;0;0;1;0;0;0;0;1;0
2512;CO;06-12-2025;1;1;481;06-12-2025 0:00;PE-SANGABRIEL;831786.0789;0;0;1;0;0;0;0;1;0
2512;CO;06-12-2025;1;2;482;06-12-2025 0:15;PE-SANGABRIEL;658398.9565;0;0;1;0;0;0;0;1;0
2512;CO;06-12-2025;1;3;483;06-12-2025 0:30;PE-SANGABRIEL;954083.382;0;0;1;0;0;0;0;1;0
2512;CO;06-12-2025;1;4;484;06-12-2025 0:45;PE-SANGABRIEL;979598.6578;0;0;1;0;0;0;0;1;0
2512;CO;06-12-2025;2;5;485;06-12-2025 1:00;PE-SANGABRIEL;803808.7636;0;0;1;0;0;0;0;1;0
2512;CO;06-12-2025;2;6;486;06-12-2025 1:15;PE-SANGABRIEL;807832.4986;0;0;1;0;0;0;0;1;0
2512;CO;06-12-2025;2;7;487;06-12-2025 1:30;PE-SANGABRIEL;785399.0527;0;0;1;0;0;0;0;1;0
2512;CO;06-12-2025;2;8;488;06-12-2025 1:45;PE-SANGABRIEL;786736.6825;0;0;1;0;0;0;0;1;0
2512;CO;06-12-2025;3;9;489;06-12-2025 2:00;PE-SANGABRIEL;666174.4163;0;0;1;0;0;0;0;1;0
2512;CO;06-12-2025;3;10;490;06-12-2025 2:15;PE-SANGABRIEL;660441.3833;0;0;1;0;0;0;0;1;0
2512;CO;06-12-2025;3;11;491;06-12-2025 2:30;PE-SANGABRIEL;663201.7163;0;0;1;0;0;0;0;1;0
2512;CO;06-12-2025;3;12;492;06-12-2025 2:45;PE-SANGABRIEL;658388.6971;0;0;1;0;0;0;0;1;0
2512;CO;06-12-2025;4;13;493;06-12-2025 3:00;PE-SANGABRIEL;654849.7339;0;0;1;0;0;0;0;1;0
2512;CO;06-12-2025;4;14;494;06-12-2025 3:15;PE-SANGABRIEL;663357.9671;0;0;1;0;0;0;0;1;0
2512;CO;06-12-2025;4;15;495;06-12-2025 3:30;PE-SANGABRIEL;670845.1774;0;0;1;0;0;0;0;1;0
2512;CO;06-12-2025;4;16;496;06-12-2025 3:45;PE-SANGABRIEL;670845.1774;0;0;1;0;0;0;0;1;0
2512;CO;06-12-2025;5;17;497;06-12-2025 4:00;PE-SANGABRIEL;617563.6988;0;0;1;0;0;0;0;1;0
2512;CO;06-12-2025;5;18;498;06-12-2025 4:15;PE-SANGABRIEL;619174.1336;0;0;1;0;0;0;0;1;0
2512;CO;06-12-2025;5;19;499;06-12-2025 4:30;PE-SANGABRIEL;617697.9333;0;0;1;0;0;0;0;1;0
2512;CO;06-12-2025;5;20;500;06-12-2025 4:45;PE-SANGABRIEL;617429.4644;0;0;1;0;0;0;0;1;0
2512;CO;06-12-2025;6;21;501;06-12-2025 5:00;PE-SANGABRIEL;525054.6824;0;0;1;0;0;0;0;1;0
2512;CO;06-12-2025;6;22;502;06-12-2025 5:15;PE-SANGABRIEL;499971.7902;0;0;1;0;0;0;0;1;0
2512;CO;06-12-2025;6;23;503;06-12-2025 5:30;PE-SANGABRIEL;508373.7737;0;0;1;0;0;0;0;1;0
2512;CO;06-12-2025;6;24;504;06-12-2025 5:45;PE-SANGABRIEL;524588.8273;0;0;1;0;0;0;0;1;0
2512;CO;06-12-2025;7;25;505;06-12-2025 6:00;PE-SANGABRIEL;382942.0442;0;0;1;0;0;0;0;1;0
2512;CO;06-12-2025;7;26;506;06-12-2025 6:15;PE-SANGABRIEL;359454.7525;0;0;1;0;0;0;0;1;0
2512;CO;06-12-2025;7;27;507;06-12-2025 6:30;PE-SANGABRIEL;353231.1853;0;0;1;0;0;0;0;1;0
2512;CO;06-12-2025;7;28;508;06-12-2025 6:45;PE-SANGABRIEL;353732.6686;0;0;1;0;0;0;0;1;0
2512;CO;06-12-2025;8;29;509;06-12-2025 7:00;PE-SANGABRIEL;468438.1125;0;0;0.894356697;0.105643303;0;0;0;1;0
2512;CO;06-12-2025;12;47;527;06-12-2025 11:30;PE-SANGABRIEL;167081.5189;0;0;0;0;1;0;0;0;1
2512;CO;06-12-2025;12;48;528;06-12-2025 11:45;PE-SANGABRIEL;747413.2856;0;0;0;0;1;0;0;0;1
2512;CO;06-12-2025;13;49;529;06-12-2025 12:00;PE-SANGABRIEL;175135.8488;0;0;0;0;1;0;0;0;1
2512;CO;06-12-2025;13;50;530;06-12-2025 12:15;PE-SANGABRIEL;164731.2106;0;0;0;0;1;0;0;0;1
2512;CO;06-12-2025;13;51;531;06-12-2025 12:30;PE-SANGABRIEL;193082.1882;0;0;0;0;1;0;0;0;1
2512;CO;06-12-2025;13;52;532;06-12-2025 12:45;PE-SANGABRIEL;194683.5333;0;0;0;0;1;0;0;0;1
2512;CO;07-12-2025;8;29;605;07-12-2025 7:00;PE-SANGABRIEL;7989.837196;0;0;0;1;0;0;0;1;0
2512;CO;07-12-2025;9;35;611;07-12-2025 8:30;PE-SANGABRIEL;89020.75361;0;0;0.915465741;0.084534259;0;0;0;1;0
2512;CO;07-12-2025;9;36;612;07-12-2025 8:45;PE-SANGABRIEL;680508.9726;0;0;0.915465741;0.084534259;0;0;0;1;0
2512;CO;07-12-2025;10;37;613;07-12-2025 9:00;PE-SANGABRIEL;48552.99819;0;0;0;1;0;0;0;1;0
2512;CO;07-12-2025;10;38;614;07-12-2025 9:15;PE-SANGABRIEL;49342.60802;0;0;0;1;0;0;0;1;0
2512;CO;07-12-2025;10;39;615;07-12-2025 9:30;PE-SANGABRIEL;49540.70991;0;0;0;1;0;0;0;1;0
2512;CO;07-12-2025;10;40;616;07-12-2025 9:45;PE-SANGABRIEL;49723.57318;0;0;0;1;0;0;0;1;0
2512;CO;07-12-2025;20;80;656;07-12-2025 19:45;PE-SANGABRIEL;70517.81099;0;0;0;1;0;0;0;1;0
2512;CO;08-12-2025;21;81;753;08-12-2025 20:00;PE-SANGABRIEL;3451.035066;0;0;0;1;0;0;0;1;0
2512;CO;08-12-2025;21;82;754;08-12-2025 20:15;PE-SANGABRIEL;3536.214963;0;0;0;1;0;0;0;1;0
2512;CO;08-12-2025;21;83;755;08-12-2025 20:30;PE-SANGABRIEL;3649.615245;0;0;0;1;0;0;0;1;0
2512;CO;08-12-2025;21;84;756;08-12-2025 20:45;PE-SANGABRIEL;3645.009368;0;0;0;1;0;0;0;1;0
2512;CO;09-12-2025;10;37;805;09-12-2025 9:00;PE-SANGABRIEL;0;0;0;0;0;0;0;0;0;0
2512;CO;09-12-2025;10;38;806;09-12-2025 9:15;PE-SANGABRIEL;0;0;0;0;0;0;0;0;0;0
2512;CO;09-12-2025;10;39;807;09-12-2025 9:30;PE-SANGABRIEL;0;0;0;0;0;0;0;0;0;0
2512;CO;09-12-2025;10;40;808;09-12-2025 9:45;PE-SANGABRIEL;0;0;0;0;0;0;0;0;0;0
2512;CO;11-12-2025;22;85;1045;11-12-2025 21:00;PE-SANGABRIEL;27260.77724;0;0;0;1;0;0;0;1;0
2512;CO;11-12-2025;22;86;1046;11-12-2025 21:15;PE-SANGABRIEL;34239.35008;0;0;0;1;0;0;0;1;0
2512;CO;11-12-2025;22;87;1047;11-12-2025 21:30;PE-SANGABRIEL;34341.08774;0;0;0;1;0;0;0;1;0
2512;CO;11-12-2025;22;88;1048;11-12-2025 21:45;PE-SANGABRIEL;30053.82189;0;0;0;1;0;0;0;1;0
2512;CO;13-12-2025;20;79;1231;13-12-2025 19:30;PE-SANGABRIEL;0;0;0;0;0;0;0;0;0;0
2512;CO;13-12-2025;20;80;1232;13-12-2025 19:45;PE-SANGABRIEL;0;0;0;0;0;0;0;0;0;0
2512;CO;14-12-2025;1;1;1249;14-12-2025 0:00;PE-SANGABRIEL;198760.3821;0;0;0;0;0;1;0;0;1
2512;CO;14-12-2025;1;2;1250;14-12-2025 0:15;PE-SANGABRIEL;259875.4504;0;0;0;0;0;1;0;0;1
2512;CO;14-12-2025;1;3;1251;14-12-2025 0:30;PE-SANGABRIEL;246293.9654;0;0;0;0;0;1;0;0;1
2512;CO;14-12-2025;1;4;1252;14-12-2025 0:45;PE-SANGABRIEL;196950.1349;0;0;0;0;0;1;0;0;1
2512;CO;14-12-2025;2;5;1253;14-12-2025 1:00;PE-SANGABRIEL;0;0;0;0;0;0;0;0;0;0
2512;CO;14-12-2025;2;6;1254;14-12-2025 1:15;PE-SANGABRIEL;0;0;0;0;0;0;0;0;0;0
2512;CO;14-12-2025;2;7;1255;14-12-2025 1:30;PE-SANGABRIEL;0;0;0;0;0;0;0;0;0;0
2512;CO;14-12-2025;2;8;1256;14-12-2025 1:45;PE-SANGABRIEL;0;0;0;0;0;0;0;0;0;0
2512;CO;14-12-2025;8;29;1277;14-12-2025 7:00;PE-SANGABRIEL;0;0;0;0;0;0;0;0;0;0
2512;CO;14-12-2025;24;93;1341;14-12-2025 23:00;PE-SANGABRIEL;0;0;0;0;0;0;0;0;0;0
2512;CO;14-12-2025;24;94;1342;14-12-2025 23:15;PE-SANGABRIEL;0;0;0;0;0;0;0;0;0;0
2512;CO;14-12-2025;24;95;1343;14-12-2025 23:30;PE-SANGABRIEL;0;0;0;0;0;0;0;0;0;0
2512;CO;14-12-2025;24;96;1344;14-12-2025 23:45;PE-SANGABRIEL;0;0;0;0;0;0;0;0;0;0
2512;CO;15-12-2025;22;85;1429;15-12-2025 21:00;PE-SANGABRIEL;14007.7231;0;0;0;1;0;0;0;1;0
2512;CO;15-12-2025;22;86;1430;15-12-2025 21:15;PE-SANGABRIEL;13990.5268;0;0;0;1;0;0;0;1;0
2512;CO;15-12-2025;22;87;1431;15-12-2025 21:30;PE-SANGABRIEL;14004.43803;0;0;0;1;0;0;0;1;0
2512;CO;15-12-2025;22;88;1432;15-12-2025 21:45;PE-SANGABRIEL;14063.04397;0;0;0;1;0;0;0;1;0
2512;CO;16-12-2025;3;9;1449;16-12-2025 2:00;PE-SANGABRIEL;300887.5038;0;0;1;0;0;0;0;1;0
2512;CO;16-12-2025;3;10;1450;16-12-2025 2:15;PE-SANGABRIEL;301837.5749;0;0;1;0;0;0;0;1;0
2512;CO;16-12-2025;3;11;1451;16-12-2025 2:30;PE-SANGABRIEL;300421.0606;0;0;1;0;0;0;0;1;0
2512;CO;16-12-2025;3;12;1452;16-12-2025 2:45;PE-SANGABRIEL;279794.5846;0;0;1;0;0;0;0;1;0
2512;CO;16-12-2025;4;13;1453;16-12-2025 3:00;PE-SANGABRIEL;252863.1248;0;0;1;0;0;0;0;1;0
2512;CO;16-12-2025;4;14;1454;16-12-2025 3:15;PE-SANGABRIEL;267477.2538;0;0;1;0;0;0;0;1;0
2512;CO;16-12-2025;4;15;1455;16-12-2025 3:30;PE-SANGABRIEL;302422.0511;0;0;1;0;0;0;0;1;0
2512;CO;16-12-2025;4;16;1456;16-12-2025 3:45;PE-SANGABRIEL;335549.4522;0;0;1;0;0;0;0;1;0
2512;CO;16-12-2025;5;17;1457;16-12-2025 4:00;PE-SANGABRIEL;302675.7208;0;0;1;0;0;0;0;1;0
2512;CO;16-12-2025;5;18;1458;16-12-2025 4:15;PE-SANGABRIEL;303850.2314;0;0;1;0;0;0;0;1;0
2512;CO;16-12-2025;5;19;1459;16-12-2025 4:30;PE-SANGABRIEL;304262.9033;0;0;1;0;0;0;0;1;0
2512;CO;16-12-2025;5;20;1460;16-12-2025 4:45;PE-SANGABRIEL;371319.9318;0;0;1;0;0;0;0;1;0
2512;CO;16-12-2025;6;21;1461;16-12-2025 5:00;PE-SANGABRIEL;548969.5905;0;0;1;0;0;0;0;1;0
2512;CO;16-12-2025;6;22;1462;16-12-2025 5:15;PE-SANGABRIEL;548457.0198;0;0;1;0;0;0;0;1;0
2512;CO;16-12-2025;6;23;1463;16-12-2025 5:30;PE-SANGABRIEL;547374.9194;0;0;1;0;0;0;0;1;0
2512;CO;16-12-2025;6;24;1464;16-12-2025 5:45;PE-SANGABRIEL;546178.9013;0;0;1;0;0;0;0;1;0
2512;CO;16-12-2025;7;25;1465;16-12-2025 6:00;PE-SANGABRIEL;593151.3594;0;0;1;0;0;0;0;1;0
2512;CO;16-12-2025;7;26;1466;16-12-2025 6:15;PE-SANGABRIEL;590616.5182;0;0;1;0;0;0;0;1;0
2512;CO;16-12-2025;7;27;1467;16-12-2025 6:30;PE-SANGABRIEL;584624.0529;0;0;1;0;0;0;0;1;0
2512;CO;16-12-2025;7;28;1468;16-12-2025 6:45;PE-SANGABRIEL;401901.0048;0;0;1;0;0;0;0;1;0
2512;CO;16-12-2025;20;78;1518;16-12-2025 19:15;PE-SANGABRIEL;105842.1174;0;0;0;1;0;0;0;1;0
2512;CO;16-12-2025;20;79;1519;16-12-2025 19:30;PE-SANGABRIEL;174595.6187;0;0;0;1;0;0;0;1;0
2512;CO;16-12-2025;20;80;1520;16-12-2025 19:45;PE-SANGABRIEL;175481.1208;0;0;0;1;0;0;0;1;0
2512;CO;16-12-2025;21;81;1521;16-12-2025 20:00;PE-SANGABRIEL;607684.2404;0;0;0;1;0;0;0;1;0
2512;CO;16-12-2025;21;82;1522;16-12-2025 20:15;PE-SANGABRIEL;687990.1866;0;0;0;1;0;0;0;1;0
2512;CO;16-12-2025;21;83;1523;16-12-2025 20:30;PE-SANGABRIEL;639838.0847;0;0;0;1;0;0;0;1;0
2512;CO;16-12-2025;21;84;1524;16-12-2025 20:45;PE-SANGABRIEL;689085.015;0;0;0;1;0;0;0;1;0
2512;CO;16-12-2025;24;93;1533;16-12-2025 23:00;PE-SANGABRIEL;480918.255;0;0;1;0;0;0;0;1;0
2512;CO;16-12-2025;24;94;1534;16-12-2025 23:15;PE-SANGABRIEL;481174.3895;0;0;1;0;0;0;0;1;0
2512;CO;16-12-2025;24;95;1535;16-12-2025 23:30;PE-SANGABRIEL;287734.7581;0;0;1;0;0;0;0;1;0
2512;CO;16-12-2025;24;96;1536;16-12-2025 23:45;PE-SANGABRIEL;286574.1679;0;0;1;0;0;0;0;1;0
2512;CO;17-12-2025;20;78;1614;17-12-2025 19:15;PE-SANGABRIEL;182924.0289;0;0;0;1;0;0;0;1;0
2512;CO;17-12-2025;20;79;1615;17-12-2025 19:30;PE-SANGABRIEL;223842.4994;0;0;0;1;0;0;0;1;0
2512;CO;17-12-2025;20;80;1616;17-12-2025 19:45;PE-SANGABRIEL;226023.5305;0;0;0;1;0;0;0;1;0
2512;CO;17-12-2025;21;81;1617;17-12-2025 20:00;PE-SANGABRIEL;0;0;0;0;0;0;0;0;0;0
2512;CO;17-12-2025;21;82;1618;17-12-2025 20:15;PE-SANGABRIEL;0;0;0;0;0;0;0;0;0;0
2512;CO;17-12-2025;21;83;1619;17-12-2025 20:30;PE-SANGABRIEL;0;0;0;0;0;0;0;0;0;0
2512;CO;17-12-2025;21;84;1620;17-12-2025 20:45;PE-SANGABRIEL;0;0;0;0;0;0;0;0;0;0
2512;CO;17-12-2025;22;85;1621;17-12-2025 21:00;PE-SANGABRIEL;1558752.435;0;0;0;0;0;1;0;0;1
2512;CO;17-12-2025;22;86;1622;17-12-2025 21:15;PE-SANGABRIEL;1843512.37;0;0;0;0;0;1;0;0;1
2512;CO;17-12-2025;22;87;1623;17-12-2025 21:30;PE-SANGABRIEL;1729138.757;0;0;0;0;0;1;0;0;1
2512;CO;17-12-2025;22;88;1624;17-12-2025 21:45;PE-SANGABRIEL;1727027.403;0;0;0;0;0;1;0;0;1
2512;CO;18-12-2025;1;1;1633;18-12-2025 0:00;PE-SANGABRIEL;0;0;0;0;0;0;0;0;0;0
2512;CO;18-12-2025;1;2;1634;18-12-2025 0:15;PE-SANGABRIEL;0;0;0;0;0;0;0;0;0;0
2512;CO;18-12-2025;1;3;1635;18-12-2025 0:30;PE-SANGABRIEL;0;0;0;0;0;0;0;0;0;0
2512;CO;18-12-2025;1;4;1636;18-12-2025 0:45;PE-SANGABRIEL;0;0;0;0;0;0;0;0;0;0
2512;CO;18-12-2025;2;5;1637;18-12-2025 1:00;PE-SANGABRIEL;0;0;0;0;0;0;0;0;0;0
2512;CO;18-12-2025;2;6;1638;18-12-2025 1:15;PE-SANGABRIEL;0;0;0;0;0;0;0;0;0;0
2512;CO;18-12-2025;2;7;1639;18-12-2025 1:30;PE-SANGABRIEL;0;0;0;0;0;0;0;0;0;0
2512;CO;18-12-2025;2;8;1640;18-12-2025 1:45;PE-SANGABRIEL;0;0;0;0;0;0;0;0;0;0
2512;CO;18-12-2025;8;29;1661;18-12-2025 7:00;PE-SANGABRIEL;0;0;0;0;0;0;0;0;0;0
2512;CO;18-12-2025;8;30;1662;18-12-2025 7:15;PE-SANGABRIEL;0;0;0;0;0;0;0;0;0;0
2512;CO;18-12-2025;8;31;1663;18-12-2025 7:30;PE-SANGABRIEL;0;0;0;0;0;0;0;0;0;0
2512;CO;18-12-2025;8;32;1664;18-12-2025 7:45;PE-SANGABRIEL;0;0;0;0;0;0;0;0;0;0
2512;CO;19-12-2025;3;9;1737;19-12-2025 2:00;PE-SANGABRIEL;0;0;0;0;0;0;0;0;0;0
2512;CO;19-12-2025;3;10;1738;19-12-2025 2:15;PE-SANGABRIEL;0;0;0;0;0;0;0;0;0;0
2512;CO;19-12-2025;3;11;1739;19-12-2025 2:30;PE-SANGABRIEL;0;0;0;0;0;0;0;0;0;0
2512;CO;19-12-2025;3;12;1740;19-12-2025 2:45;PE-SANGABRIEL;0;0;0;0;0;0;0;0;0;0
2512;CO;19-12-2025;4;13;1741;19-12-2025 3:00;PE-SANGABRIEL;0;0;0;0;0;0;0;0;0;0
2512;CO;19-12-2025;4;14;1742;19-12-2025 3:15;PE-SANGABRIEL;0;0;0;0;0;0;0;0;0;0
2512;CO;19-12-2025;4;15;1743;19-12-2025 3:30;PE-SANGABRIEL;0;0;0;0;0;0;0;0;0;0
2512;CO;19-12-2025;4;16;1744;19-12-2025 3:45;PE-SANGABRIEL;0;0;0;0;0;0;0;0;0;0
2512;CO;19-12-2025;21;81;1809;19-12-2025 20:00;PE-SANGABRIEL;99353.30875;0;0;0;1;0;0;0;1;0
2512;CO;19-12-2025;21;82;1810;19-12-2025 20:15;PE-SANGABRIEL;101794.9075;0;0;0;1;0;0;0;1;0
2512;CO;19-12-2025;21;83;1811;19-12-2025 20:30;PE-SANGABRIEL;112590.3122;0;0;0;1;0;0;0;1;0
2512;CO;19-12-2025;21;84;1812;19-12-2025 20:45;PE-SANGABRIEL;112758.7005;0;0;0;1;0;0;0;1;0
2512;CO;20-12-2025;7;25;1849;20-12-2025 6:00;PE-SANGABRIEL;11298.36057;0;0;1;0;0;0;0;1;0
2512;CO;20-12-2025;7;26;1850;20-12-2025 6:15;PE-SANGABRIEL;11292.59613;0;0;1;0;0;0;0;1;0
2512;CO;20-12-2025;7;27;1851;20-12-2025 6:30;PE-SANGABRIEL;11292.59613;0;0;1;0;0;0;0;1;0
2512;CO;20-12-2025;7;28;1852;20-12-2025 6:45;PE-SANGABRIEL;11237.26897;0;0;1;0;0;0;0;1;0
2512;CO;20-12-2025;8;29;1853;20-12-2025 7:00;PE-SANGABRIEL;0;0;0;0;0;0;0;0;0;0
2512;CO;20-12-2025;8;30;1854;20-12-2025 7:15;PE-SANGABRIEL;0;0;0;0;0;0;0;0;0;0
2512;CO;20-12-2025;10;40;1864;20-12-2025 9:45;PE-SANGABRIEL;228573.0802;0;0;1;0;0;0;0;1;0
2512;CO;20-12-2025;20;80;1904;20-12-2025 19:45;PE-SANGABRIEL;59689.56647;0;0;1;0;0;0;0;1;0
2512;CO;20-12-2025;23;89;1913;20-12-2025 22:00;PE-SANGABRIEL;0;0;0;0;0;0;0;0;0;0
2512;CO;20-12-2025;23;90;1914;20-12-2025 22:15;PE-SANGABRIEL;0;0;0;0;0;0;0;0;0;0
2512;CO;20-12-2025;23;91;1915;20-12-2025 22:30;PE-SANGABRIEL;0;0;0;0;0;0;0;0;0;0
2512;CO;20-12-2025;23;92;1916;20-12-2025 22:45;PE-SANGABRIEL;0;0;0;0;0;0;0;0;0;0
2512;CO;21-12-2025;22;85;2005;21-12-2025 21:00;PE-SANGABRIEL;0;0;0;0;0;0;0;0;0;0
2512;CO;21-12-2025;22;86;2006;21-12-2025 21:15;PE-SANGABRIEL;0;0;0;0;0;0;0;0;0;0
2512;CO;21-12-2025;22;87;2007;21-12-2025 21:30;PE-SANGABRIEL;0;0;0;0;0;0;0;0;0;0
2512;CO;21-12-2025;22;88;2008;21-12-2025 21:45;PE-SANGABRIEL;0;0;0;0;0;0;0;0;0;0
2512;CO;21-12-2025;24;93;2013;21-12-2025 23:00;PE-SANGABRIEL;0;0;0;0;0;0;0;0;0;0
2512;CO;21-12-2025;24;94;2014;21-12-2025 23:15;PE-SANGABRIEL;0;0;0;0;0;0;0;0;0;0
2512;CO;21-12-2025;24;95;2015;21-12-2025 23:30;PE-SANGABRIEL;0;0;0;0;0;0;0;0;0;0
2512;CO;21-12-2025;24;96;2016;21-12-2025 23:45;PE-SANGABRIEL;0;0;0;0;0;0;0;0;0;0
2512;CO;22-12-2025;1;1;2017;22-12-2025 0:00;PE-SANGABRIEL;0;0;0;0;0;0;0;0;0;0
2512;CO;22-12-2025;1;2;2018;22-12-2025 0:15;PE-SANGABRIEL;0;0;0;0;0;0;0;0;0;0
2512;CO;22-12-2025;1;3;2019;22-12-2025 0:30;PE-SANGABRIEL;0;0;0;0;0;0;0;0;0;0
2512;CO;22-12-2025;1;4;2020;22-12-2025 0:45;PE-SANGABRIEL;0;0;0;0;0;0;0;0;0;0
2512;CO;22-12-2025;2;5;2021;22-12-2025 1:00;PE-SANGABRIEL;0;0;0;0;0;0;0;0;0;0
2512;CO;22-12-2025;2;6;2022;22-12-2025 1:15;PE-SANGABRIEL;0;0;0;0;0;0;0;0;0;0
2512;CO;22-12-2025;2;7;2023;22-12-2025 1:30;PE-SANGABRIEL;0;0;0;0;0;0;0;0;0;0
2512;CO;22-12-2025;2;8;2024;22-12-2025 1:45;PE-SANGABRIEL;0;0;0;0;0;0;0;0;0;0
2512;CO;22-12-2025;3;9;2025;22-12-2025 2:00;PE-SANGABRIEL;0;0;0;0;0;0;0;0;0;0
2512;CO;22-12-2025;3;10;2026;22-12-2025 2:15;PE-SANGABRIEL;0;0;0;0;0;0;0;0;0;0
2512;CO;22-12-2025;3;11;2027;22-12-2025 2:30;PE-SANGABRIEL;0;0;0;0;0;0;0;0;0;0
2512;CO;22-12-2025;3;12;2028;22-12-2025 2:45;PE-SANGABRIEL;0;0;0;0;0;0;0;0;0;0
2512;CO;22-12-2025;4;13;2029;22-12-2025 3:00;PE-SANGABRIEL;0;0;0;0;0;0;0;0;0;0
2512;CO;22-12-2025;4;14;2030;22-12-2025 3:15;PE-SANGABRIEL;0;0;0;0;0;0;0;0;0;0
2512;CO;22-12-2025;4;15;2031;22-12-2025 3:30;PE-SANGABRIEL;0;0;0;0;0;0;0;0;0;0
2512;CO;22-12-2025;4;16;2032;22-12-2025 3:45;PE-SANGABRIEL;0;0;0;0;0;0;0;0;0;0
2512;CO;22-12-2025;6;21;2037;22-12-2025 5:00;PE-SANGABRIEL;12904.3892;0;0;0;1;0;0;0;1;0
2512;CO;22-12-2025;6;22;2038;22-12-2025 5:15;PE-SANGABRIEL;11749.7124;0;0;0;1;0;0;0;1;0
2512;CO;22-12-2025;6;23;2039;22-12-2025 5:30;PE-SANGABRIEL;10380.90063;0;0;0;1;0;0;0;1;0
2512;CO;22-12-2025;6;24;2040;22-12-2025 5:45;PE-SANGABRIEL;9784.926098;0;0;0;1;0;0;0;1;0
2512;CO;22-12-2025;7;25;2041;22-12-2025 6:00;PE-SANGABRIEL;131449.6971;0;0;0;1;0;0;0;1;0
2512;CO;22-12-2025;7;26;2042;22-12-2025 6:15;PE-SANGABRIEL;148985.8338;0;0;0;1;0;0;0;1;0
2512;CO;22-12-2025;7;27;2043;22-12-2025 6:30;PE-SANGABRIEL;122244.8351;0;0;0;1;0;0;0;1;0
2512;CO;22-12-2025;7;28;2044;22-12-2025 6:45;PE-SANGABRIEL;109160.928;0;0;0;1;0;0;0;1;0
2512;CO;22-12-2025;8;29;2045;22-12-2025 7:00;PE-SANGABRIEL;96640.58811;0;0;0;1;0;0;0;1;0
2512;CO;22-12-2025;8;30;2046;22-12-2025 7:15;PE-SANGABRIEL;77436.47723;0;0;0;1;0;0;0;1;0
2512;CO;22-12-2025;8;31;2047;22-12-2025 7:30;PE-SANGABRIEL;14705.91471;0;0;0;1;0;0;0;1;0
2512;CO;22-12-2025;20;79;2095;22-12-2025 19:30;PE-SANGABRIEL;5631.598679;0;0;0;1;0;0;0;1;0
2512;CO;22-12-2025;20;80;2096;22-12-2025 19:45;PE-SANGABRIEL;84600.93791;0;0;0;1;0;0;0;1;0
2512;CO;22-12-2025;21;81;2097;22-12-2025 20:00;PE-SANGABRIEL;267812.4475;0;0;0;1;0;0;0;1;0
2512;CO;22-12-2025;21;82;2098;22-12-2025 20:15;PE-SANGABRIEL;272297.8388;0;0;0;1;0;0;0;1;0
2512;CO;22-12-2025;21;83;2099;22-12-2025 20:30;PE-SANGABRIEL;296344.8425;0;0;0;1;0;0;0;1;0
2512;CO;22-12-2025;21;84;2100;22-12-2025 20:45;PE-SANGABRIEL;300281.8641;0;0;0;1;0;0;0;1;0
2512;CO;23-12-2025;2;5;2117;23-12-2025 1:00;PE-SANGABRIEL;0;0;0;0;0;0;0;0;0;0
2512;CO;23-12-2025;2;6;2118;23-12-2025 1:15;PE-SANGABRIEL;0;0;0;0;0;0;0;0;0;0
2512;CO;23-12-2025;2;7;2119;23-12-2025 1:30;PE-SANGABRIEL;0;0;0;0;0;0;0;0;0;0
2512;CO;23-12-2025;2;8;2120;23-12-2025 1:45;PE-SANGABRIEL;0;0;0;0;0;0;0;0;0;0
2512;CO;23-12-2025;4;13;2125;23-12-2025 3:00;PE-SANGABRIEL;0;0;0;0;0;0;0;0;0;0
2512;CO;23-12-2025;4;14;2126;23-12-2025 3:15;PE-SANGABRIEL;0;0;0;0;0;0;0;0;0;0
2512;CO;23-12-2025;4;15;2127;23-12-2025 3:30;PE-SANGABRIEL;0;0;0;0;0;0;0;0;0;0
2512;CO;23-12-2025;4;16;2128;23-12-2025 3:45;PE-SANGABRIEL;0;0;0;0;0;0;0;0;0;0
2512;CO;23-12-2025;5;17;2129;23-12-2025 4:00;PE-SANGABRIEL;0;0;0;0;0;0;0;0;0;0
2512;CO;23-12-2025;5;18;2130;23-12-2025 4:15;PE-SANGABRIEL;0;0;0;0;0;0;0;0;0;0
2512;CO;23-12-2025;5;19;2131;23-12-2025 4:30;PE-SANGABRIEL;0;0;0;0;0;0;0;0;0;0
2512;CO;23-12-2025;5;20;2132;23-12-2025 4:45;PE-SANGABRIEL;0;0;0;0;0;0;0;0;0;0
2512;CO;23-12-2025;6;21;2133;23-12-2025 5:00;PE-SANGABRIEL;0;0;0;0;1;0;0;0;1;0
2512;CO;23-12-2025;6;22;2134;23-12-2025 5:15;PE-SANGABRIEL;0;0;0;0;1;0;0;0;1;0
2512;CO;23-12-2025;6;23;2135;23-12-2025 5:30;PE-SANGABRIEL;0;0;0;0;1;0;0;0;1;0
2512;CO;23-12-2025;6;24;2136;23-12-2025 5:45;PE-SANGABRIEL;0;0;0;0;1;0;0;0;1;0
2512;CO;23-12-2025;7;25;2137;23-12-2025 6:00;PE-SANGABRIEL;0;0;0;0;0;0;0;0;0;0
2512;CO;23-12-2025;7;26;2138;23-12-2025 6:15;PE-SANGABRIEL;0;0;0;0;0;0;0;0;0;0
2512;CO;23-12-2025;7;27;2139;23-12-2025 6:30;PE-SANGABRIEL;0;0;0;0;0;0;0;0;0;0
2512;CO;23-12-2025;7;28;2140;23-12-2025 6:45;PE-SANGABRIEL;0;0;0;0;0;0;0;0;0;0
2512;CO;23-12-2025;8;29;2141;23-12-2025 7:00;PE-SANGABRIEL;0;0;0;0;1;0;0;0;1;0
2512;CO;23-12-2025;8;30;2142;23-12-2025 7:15;PE-SANGABRIEL;0;0;0;0;1;0;0;0;1;0
2512;CO;23-12-2025;8;31;2143;23-12-2025 7:30;PE-SANGABRIEL;0;0;0;0;1;0;0;0;1;0
2512;CO;23-12-2025;21;81;2193;23-12-2025 20:00;PE-SANGABRIEL;89650.19844;0;0;0;1;0;0;0;1;0
2512;CO;23-12-2025;21;82;2194;23-12-2025 20:15;PE-SANGABRIEL;89521.05935;0;0;0;1;0;0;0;1;0
2512;CO;23-12-2025;21;83;2195;23-12-2025 20:30;PE-SANGABRIEL;89299.67806;0;0;0;1;0;0;0;1;0
2512;CO;23-12-2025;21;84;2196;23-12-2025 20:45;PE-SANGABRIEL;89779.33752;0;0;0;1;0;0;0;1;0
2512;CO;23-12-2025;22;85;2197;23-12-2025 21:00;PE-SANGABRIEL;184333.0468;0;0;0;1;0;0;0;1;0
2512;CO;23-12-2025;22;86;2198;23-12-2025 21:15;PE-SANGABRIEL;182830.547;0;0;0;1;0;0;0;1;0
2512;CO;23-12-2025;22;87;2199;23-12-2025 21:30;PE-SANGABRIEL;154080.092;0;0;0;1;0;0;0;1;0
2512;CO;23-12-2025;22;88;2200;23-12-2025 21:45;PE-SANGABRIEL;162842.8625;0;0;0;1;0;0;0;1;0
2512;CO;23-12-2025;23;89;2201;23-12-2025 22:00;PE-SANGABRIEL;54308.54204;0;0;0;1;0;0;0;1;0
2512;CO;23-12-2025;23;90;2202;23-12-2025 22:15;PE-SANGABRIEL;53957.07757;0;0;0;1;0;0;0;1;0
2512;CO;23-12-2025;23;91;2203;23-12-2025 22:30;PE-SANGABRIEL;53839.92611;0;0;0;1;0;0;0;1;0
2512;CO;23-12-2025;23;92;2204;23-12-2025 22:45;PE-SANGABRIEL;53706.04162;0;0;0;1;0;0;0;1;0
2512;CO;23-12-2025;24;93;2205;23-12-2025 23:00;PE-SANGABRIEL;2107.081126;0;0;0;1;0;0;0;1;0
2512;CO;23-12-2025;24;94;2206;23-12-2025 23:15;PE-SANGABRIEL;2109.0504;0;0;0;1;0;0;0;1;0
2512;CO;23-12-2025;24;95;2207;23-12-2025 23:30;PE-SANGABRIEL;2102.26752;0;0;0;1;0;0;0;1;0
2512;CO;23-12-2025;24;96;2208;23-12-2025 23:45;PE-SANGABRIEL;1860.604389;0;0;0;1;0;0;0;1;0
2512;CO;24-12-2025;7;25;2233;24-12-2025 6:00;PE-SANGABRIEL;0;0;0;0;0;0;0;0;0;0
2512;CO;24-12-2025;7;26;2234;24-12-2025 6:15;PE-SANGABRIEL;0;0;0;0;0;0;0;0;0;0
2512;CO;24-12-2025;7;27;2235;24-12-2025 6:30;PE-SANGABRIEL;0;0;0;0;0;0;0;0;0;0
2512;CO;24-12-2025;7;28;2236;24-12-2025 6:45;PE-SANGABRIEL;0;0;0;0;0;0;0;0;0;0
2512;CO;24-12-2025;8;29;2237;24-12-2025 7:00;PE-SANGABRIEL;0;0;0;0;0;0;0;0;0;0
2512;CO;24-12-2025;8;30;2238;24-12-2025 7:15;PE-SANGABRIEL;0;0;0;0;0;0;0;0;0;0
2512;CO;24-12-2025;8;31;2239;24-12-2025 7:30;PE-SANGABRIEL;0;0;0;0;0;0;0;0;0;0
2512;CO;24-12-2025;20;79;2287;24-12-2025 19:30;PE-SANGABRIEL;497610.8941;0;0;0.912012148;0.087987852;0;0;0;1;0
2512;CO;24-12-2025;20;80;2288;24-12-2025 19:45;PE-SANGABRIEL;1064461.932;0;0;0.912012148;0.087987852;0;0;0;1;0
2512;CO;24-12-2025;21;81;2289;24-12-2025 20:00;PE-SANGABRIEL;460999.6162;0;0;0;1;0;0;0;1;0
2512;CO;24-12-2025;21;82;2290;24-12-2025 20:15;PE-SANGABRIEL;454331.4847;0;0;0;1;0;0;0;1;0
2512;CO;24-12-2025;21;83;2291;24-12-2025 20:30;PE-SANGABRIEL;450500.8559;0;0;0;1;0;0;0;1;0
2512;CO;24-12-2025;21;84;2292;24-12-2025 20:45;PE-SANGABRIEL;422116.8037;0;0;0;1;0;0;0;1;0
2512;CO;25-12-2025;1;1;2301;25-12-2025 0:00;PE-SANGABRIEL;92683.77054;0;0;1;0;0;0;0;1;0
2512;CO;25-12-2025;1;2;2302;25-12-2025 0:15;PE-SANGABRIEL;92986.65316;0;0;1;0;0;0;0;1;0
2512;CO;25-12-2025;1;3;2303;25-12-2025 0:30;PE-SANGABRIEL;91934.33751;0;0;1;0;0;0;0;1;0
2512;CO;25-12-2025;1;4;2304;25-12-2025 0:45;PE-SANGABRIEL;82709.38568;0;0;1;0;0;0;0;1;0
2512;CO;25-12-2025;3;9;2309;25-12-2025 2:00;PE-SANGABRIEL;685821.1016;0;0;1;0;0;0;0;1;0
2512;CO;25-12-2025;3;10;2310;25-12-2025 2:15;PE-SANGABRIEL;598942.9326;0;0;1;0;0;0;0;1;0
2512;CO;25-12-2025;3;11;2311;25-12-2025 2:30;PE-SANGABRIEL;590078.1364;0;0;1;0;0;0;0;1;0
2512;CO;25-12-2025;3;12;2312;25-12-2025 2:45;PE-SANGABRIEL;588819.0346;0;0;1;0;0;0;0;1;0
2512;CO;25-12-2025;4;13;2313;25-12-2025 3:00;PE-SANGABRIEL;589448.5855;0;0;1;0;0;0;0;1;0
2512;CO;25-12-2025;4;14;2314;25-12-2025 3:15;PE-SANGABRIEL;668598.3156;0;0;1;0;0;0;0;1;0
2512;CO;25-12-2025;4;15;2315;25-12-2025 3:30;PE-SANGABRIEL;846354.5681;0;0;1;0;0;0;0;1;0
2512;CO;25-12-2025;4;16;2316;25-12-2025 3:45;PE-SANGABRIEL;833019.6007;0;0;1;0;0;0;0;1;0
2512;CO;25-12-2025;5;17;2317;25-12-2025 4:00;PE-SANGABRIEL;711505.4835;0;0;1;0;0;0;0;1;0
2512;CO;25-12-2025;5;18;2318;25-12-2025 4:15;PE-SANGABRIEL;641553.9598;0;0;1;0;0;0;0;1;0
2512;CO;25-12-2025;5;19;2319;25-12-2025 4:30;PE-SANGABRIEL;598576.2822;0;0;1;0;0;0;0;1;0
2512;CO;25-12-2025;5;20;2320;25-12-2025 4:45;PE-SANGABRIEL;603585.205;0;0;1;0;0;0;0;1;0
2512;CO;25-12-2025;6;21;2321;25-12-2025 5:00;PE-SANGABRIEL;316024.3568;0;0;1;0;0;0;0;1;0
2512;CO;25-12-2025;6;22;2322;25-12-2025 5:15;PE-SANGABRIEL;362281.801;0;0;1;0;0;0;0;1;0
2512;CO;25-12-2025;6;23;2323;25-12-2025 5:30;PE-SANGABRIEL;422655.2248;0;0;1;0;0;0;0;1;0
2512;CO;25-12-2025;6;24;2324;25-12-2025 5:45;PE-SANGABRIEL;423696.9239;0;0;1;0;0;0;0;1;0
2512;CO;25-12-2025;7;25;2325;25-12-2025 6:00;PE-SANGABRIEL;398492.5452;0;0;0.828077179;0.171922821;0;0;0;1;0
2512;CO;25-12-2025;7;26;2326;25-12-2025 6:15;PE-SANGABRIEL;396534.5033;0;0;0.828077179;0.171922821;0;0;0;1;0
2512;CO;25-12-2025;7;27;2327;25-12-2025 6:30;PE-SANGABRIEL;393171.8862;0;0;0.828077179;0.171922821;0;0;0;1;0
2512;CO;25-12-2025;7;28;2328;25-12-2025 6:45;PE-SANGABRIEL;394587.6254;0;0;0.828077179;0.171922821;0;0;0;1;0
2512;CO;25-12-2025;8;29;2329;25-12-2025 7:00;PE-SANGABRIEL;569203.0003;0;0;0.895968395;0.104031605;0;0;0;1;0
2512;CO;25-12-2025;8;30;2330;25-12-2025 7:15;PE-SANGABRIEL;506599.6272;0;0;0.895968395;0.104031605;0;0;0;1;0
2512;CO;25-12-2025;8;31;2331;25-12-2025 7:30;PE-SANGABRIEL;93324.26542;0;0;0.895968395;0.104031605;0;0;0;1;0
2512;CO;25-12-2025;20;80;2380;25-12-2025 19:45;PE-SANGABRIEL;0;0;0;0;0;0;0;0;0;0
2512;CO;25-12-2025;22;85;2385;25-12-2025 21:00;PE-SANGABRIEL;1172421.589;0;0;1;0;0;0;0;1;0
2512;CO;25-12-2025;22;86;2386;25-12-2025 21:15;PE-SANGABRIEL;1206317.847;0;0;1;0;0;0;0;1;0
2512;CO;25-12-2025;22;87;2387;25-12-2025 21:30;PE-SANGABRIEL;1248543.929;0;0;1;0;0;0;0;1;0
2512;CO;25-12-2025;22;88;2388;25-12-2025 21:45;PE-SANGABRIEL;1249338.842;0;0;1;0;0;0;0;1;0
2512;CO;25-12-2025;23;89;2389;25-12-2025 22:00;PE-SANGABRIEL;634177.802;0;0;1;0;0;0;0;1;0
2512;CO;25-12-2025;23;90;2390;25-12-2025 22:15;PE-SANGABRIEL;632627.4099;0;0;1;0;0;0;0;1;0
2512;CO;25-12-2025;23;91;2391;25-12-2025 22:30;PE-SANGABRIEL;636941.5446;0;0;1;0;0;0;0;1;0
2512;CO;25-12-2025;23;92;2392;25-12-2025 22:45;PE-SANGABRIEL;636334.8694;0;0;1;0;0;0;0;1;0
2512;CO;25-12-2025;24;93;2393;25-12-2025 23:00;PE-SANGABRIEL;331201.4098;0;0;1;0;0;0;0;1;0
2512;CO;25-12-2025;24;94;2394;25-12-2025 23:15;PE-SANGABRIEL;330531.0331;0;0;1;0;0;0;0;1;0
2512;CO;25-12-2025;24;95;2395;25-12-2025 23:30;PE-SANGABRIEL;308003.5003;0;0;1;0;0;0;0;1;0
2512;CO;25-12-2025;24;96;2396;25-12-2025 23:45;PE-SANGABRIEL;303407.879;0;0;1;0;0;0;0;1;0
2512;CO;26-12-2025;1;1;2397;26-12-2025 0:00;PE-SANGABRIEL;1166511.391;0;0;1;0;0;0;0;1;0
2512;CO;26-12-2025;1;2;2398;26-12-2025 0:15;PE-SANGABRIEL;1156617.023;0;0;1;0;0;0;0;1;0
2512;CO;26-12-2025;1;3;2399;26-12-2025 0:30;PE-SANGABRIEL;960155.2718;0;0;1;0;0;0;0;1;0
2512;CO;26-12-2025;1;4;2400;26-12-2025 0:45;PE-SANGABRIEL;946878.7902;0;0;1;0;0;0;0;1;0
2512;CO;26-12-2025;3;9;2405;26-12-2025 2:00;PE-SANGABRIEL;865306.1494;0;0;1;0;0;0;0;1;0
2512;CO;26-12-2025;3;10;2406;26-12-2025 2:15;PE-SANGABRIEL;812204.2882;0;0;1;0;0;0;0;1;0
2512;CO;26-12-2025;3;11;2407;26-12-2025 2:30;PE-SANGABRIEL;803735.6458;0;0;1;0;0;0;0;1;0
2512;CO;26-12-2025;3;12;2408;26-12-2025 2:45;PE-SANGABRIEL;877233.7667;0;0;1;0;0;0;0;1;0
2512;CO;26-12-2025;4;13;2409;26-12-2025 3:00;PE-SANGABRIEL;759868.9727;0;0;1;0;0;0;0;1;0
2512;CO;26-12-2025;4;14;2410;26-12-2025 3:15;PE-SANGABRIEL;863085.2008;0;0;1;0;0;0;0;1;0
2512;CO;26-12-2025;4;15;2411;26-12-2025 3:30;PE-SANGABRIEL;1154462.451;0;0;1;0;0;0;0;1;0
2512;CO;26-12-2025;4;16;2412;26-12-2025 3:45;PE-SANGABRIEL;1150880.322;0;0;1;0;0;0;0;1;0
2512;CO;26-12-2025;5;17;2413;26-12-2025 4:00;PE-SANGABRIEL;125321.3582;0;0;1;0;0;0;0;1;0
2512;CO;26-12-2025;5;18;2414;26-12-2025 4:15;PE-SANGABRIEL;174812.5671;0;0;1;0;0;0;0;1;0
2512;CO;26-12-2025;5;19;2415;26-12-2025 4:30;PE-SANGABRIEL;229292.6122;0;0;1;0;0;0;0;1;0
2512;CO;26-12-2025;5;20;2416;26-12-2025 4:45;PE-SANGABRIEL;232334.9627;0;0;1;0;0;0;0;1;0
2512;CO;26-12-2025;22;85;2481;26-12-2025 21:00;PE-SANGABRIEL;93116.74372;0;0;0;1;0;0;0;1;0
2512;CO;26-12-2025;22;86;2482;26-12-2025 21:15;PE-SANGABRIEL;92873.04922;0;0;0;1;0;0;0;1;0
2512;CO;26-12-2025;22;87;2483;26-12-2025 21:30;PE-SANGABRIEL;93497.45424;0;0;0;1;0;0;0;1;0
2512;CO;26-12-2025;22;88;2484;26-12-2025 21:45;PE-SANGABRIEL;104496.7279;0;0;0;1;0;0;0;1;0
2512;CO;27-12-2025;8;29;2521;27-12-2025 7:00;PE-SANGABRIEL;0;0;0;0;0;0;0;0;0;0
2512;CO;27-12-2025;8;30;2522;27-12-2025 7:15;PE-SANGABRIEL;0;0;0;0;0;0;0;0;0;0
2512;CO;27-12-2025;8;31;2523;27-12-2025 7:30;PE-SANGABRIEL;0;0;0;0;0;0;0;0;0;0
2512;CO;27-12-2025;24;93;2585;27-12-2025 23:00;PE-SANGABRIEL;490659.6811;0;0;1;0;0;0;0;1;0
2512;CO;27-12-2025;24;94;2586;27-12-2025 23:15;PE-SANGABRIEL;530761.7923;0;0;1;0;0;0;0;1;0
2512;CO;27-12-2025;24;95;2587;27-12-2025 23:30;PE-SANGABRIEL;530818.3902;0;0;1;0;0;0;0;1;0
2512;CO;27-12-2025;24;96;2588;27-12-2025 23:45;PE-SANGABRIEL;546961.179;0;0;1;0;0;0;0;1;0
2512;CO;28-12-2025;1;1;2589;28-12-2025 0:00;PE-SANGABRIEL;776065.4647;0;0;1;0;0;0;0;1;0
2512;CO;28-12-2025;1;2;2590;28-12-2025 0:15;PE-SANGABRIEL;775070.5429;0;0;1;0;0;0;0;1;0
2512;CO;28-12-2025;1;3;2591;28-12-2025 0:30;PE-SANGABRIEL;774075.6211;0;0;1;0;0;0;0;1;0
2512;CO;28-12-2025;1;4;2592;28-12-2025 0:45;PE-SANGABRIEL;775236.3349;0;0;1;0;0;0;0;1;0
2512;CO;28-12-2025;3;9;2597;28-12-2025 2:00;PE-SANGABRIEL;331580.4517;0;0;1;0;0;0;0;1;0
2512;CO;28-12-2025;3;10;2598;28-12-2025 2:15;PE-SANGABRIEL;332154.3865;0;0;1;0;0;0;0;1;0
2512;CO;28-12-2025;3;11;2599;28-12-2025 2:30;PE-SANGABRIEL;331114.0792;0;0;1;0;0;0;0;1;0
2512;CO;28-12-2025;3;12;2600;28-12-2025 2:45;PE-SANGABRIEL;331688.0874;0;0;1;0;0;0;0;1;0
2512;CO;28-12-2025;4;13;2601;28-12-2025 3:00;PE-SANGABRIEL;309508.3981;0;0;1;0;0;0;0;1;0
2512;CO;28-12-2025;4;14;2602;28-12-2025 3:15;PE-SANGABRIEL;308512.5537;0;0;1;0;0;0;0;1;0
2512;CO;28-12-2025;4;15;2603;28-12-2025 3:30;PE-SANGABRIEL;307218.0087;0;0;1;0;0;0;0;1;0
2512;CO;28-12-2025;4;16;2604;28-12-2025 3:45;PE-SANGABRIEL;306089.3251;0;0;1;0;0;0;0;1;0
2512;CO;28-12-2025;5;17;2605;28-12-2025 4:00;PE-SANGABRIEL;556703.971;0;0;1;0;0;0;0;1;0
2512;CO;28-12-2025;5;18;2606;28-12-2025 4:15;PE-SANGABRIEL;605871.5816;0;0;1;0;0;0;0;1;0
2512;CO;28-12-2025;5;19;2607;28-12-2025 4:30;PE-SANGABRIEL;640393.4401;0;0;1;0;0;0;0;1;0
2512;CO;28-12-2025;5;20;2608;28-12-2025 4:45;PE-SANGABRIEL;673265.3787;0;0;1;0;0;0;0;1;0
2512;CO;28-12-2025;6;21;2609;28-12-2025 5:00;PE-SANGABRIEL;174210.0679;0;0;1;0;0;0;0;1;0
2512;CO;28-12-2025;6;22;2610;28-12-2025 5:15;PE-SANGABRIEL;173337.4928;0;0;1;0;0;0;0;1;0
2512;CO;28-12-2025;6;23;2611;28-12-2025 5:30;PE-SANGABRIEL;173849.6666;0;0;1;0;0;0;0;1;0
2512;CO;28-12-2025;6;24;2612;28-12-2025 5:45;PE-SANGABRIEL;175044.6909;0;0;1;0;0;0;0;1;0
2512;CO;28-12-2025;7;25;2613;28-12-2025 6:00;PE-SANGABRIEL;72597.16669;0;0;1;0;0;0;0;1;0
2512;CO;28-12-2025;7;26;2614;28-12-2025 6:15;PE-SANGABRIEL;72785.17838;0;0;1;0;0;0;0;1;0
2512;CO;28-12-2025;7;27;2615;28-12-2025 6:30;PE-SANGABRIEL;72706.83894;0;0;1;0;0;0;0;1;0
2512;CO;28-12-2025;7;28;2616;28-12-2025 6:45;PE-SANGABRIEL;67075.97593;0;0;1;0;0;0;0;1;0
2512;CO;28-12-2025;8;29;2617;28-12-2025 7:00;PE-SANGABRIEL;374703.1777;0;0;1;0;0;0;0;1;0
2512;CO;28-12-2025;8;30;2618;28-12-2025 7:15;PE-SANGABRIEL;235864.8907;0;0;1;0;0;0;0;1;0
2512;CO;28-12-2025;24;93;2681;28-12-2025 23:00;PE-SANGABRIEL;8858.919848;0;0;1;0;0;0;0;1;0
2512;CO;28-12-2025;24;94;2682;28-12-2025 23:15;PE-SANGABRIEL;8754.831548;0;0;1;0;0;0;0;1;0
2512;CO;28-12-2025;24;95;2683;28-12-2025 23:30;PE-SANGABRIEL;7994.437921;0;0;1;0;0;0;0;1;0
2512;CO;28-12-2025;24;96;2684;28-12-2025 23:45;PE-SANGABRIEL;7467.157669;0;0;1;0;0;0;0;1;0
2512;CO;29-12-2025;1;1;2685;29-12-2025 0:00;PE-SANGABRIEL;143463.3589;0;0;1;0;0;0;0;1;0
2512;CO;29-12-2025;1;2;2686;29-12-2025 0:15;PE-SANGABRIEL;137189.0627;0;0;1;0;0;0;0;1;0
2512;CO;29-12-2025;1;3;2687;29-12-2025 0:30;PE-SANGABRIEL;133866.7516;0;0;1;0;0;0;0;1;0
2512;CO;29-12-2025;1;4;2688;29-12-2025 0:45;PE-SANGABRIEL;141043.2231;0;0;1;0;0;0;0;1;0
2512;CO;29-12-2025;4;13;2697;29-12-2025 3:00;PE-SANGABRIEL;316799.2771;0;0;1;0;0;0;0;1;0
2512;CO;29-12-2025;4;14;2698;29-12-2025 3:15;PE-SANGABRIEL;317441.6733;0;0;1;0;0;0;0;1;0
2512;CO;29-12-2025;4;15;2699;29-12-2025 3:30;PE-SANGABRIEL;317948.7875;0;0;1;0;0;0;0;1;0
2512;CO;29-12-2025;4;16;2700;29-12-2025 3:45;PE-SANGABRIEL;317982.6607;0;0;1;0;0;0;0;1;0
2512;CO;29-12-2025;6;21;2705;29-12-2025 5:00;PE-SANGABRIEL;28661.24801;0;0;1;0;0;0;0;1;0
2512;CO;29-12-2025;6;22;2706;29-12-2025 5:15;PE-SANGABRIEL;28865.75319;0;0;1;0;0;0;0;1;0
2512;CO;29-12-2025;6;23;2707;29-12-2025 5:30;PE-SANGABRIEL;28865.75319;0;0;1;0;0;0;0;1;0
2512;CO;29-12-2025;6;24;2708;29-12-2025 5:45;PE-SANGABRIEL;28841.33466;0;0;1;0;0;0;0;1;0
2512;CO;29-12-2025;7;25;2709;29-12-2025 6:00;PE-SANGABRIEL;4971.758877;0;0;1;0;0;0;0;1;0
2512;CO;29-12-2025;7;26;2710;29-12-2025 6:15;PE-SANGABRIEL;4486.411087;0;0;1;0;0;0;0;1;0
2512;CO;29-12-2025;7;27;2711;29-12-2025 6:30;PE-SANGABRIEL;4477.869158;0;0;1;0;0;0;0;1;0
2512;CO;29-12-2025;7;28;2712;29-12-2025 6:45;PE-SANGABRIEL;5111.051814;0;0;1;0;0;0;0;1;0
2512;CO;29-12-2025;8;29;2713;29-12-2025 7:00;PE-SANGABRIEL;238943.2313;0;0;1;0;0;0;0;1;0
2512;CO;29-12-2025;8;30;2714;29-12-2025 7:15;PE-SANGABRIEL;239477.723;0;0;1;0;0;0;0;1;0
2512;CO;29-12-2025;8;31;2715;29-12-2025 7:30;PE-SANGABRIEL;104747.7447;0;0;1;0;0;0;0;1;0
2512;CO;29-12-2025;21;81;2765;29-12-2025 20:00;PE-SANGABRIEL;0;0;0;0;0;0;0;0;0;0
2512;CO;29-12-2025;21;82;2766;29-12-2025 20:15;PE-SANGABRIEL;0;0;0;0;0;0;0;0;0;0
2512;CO;29-12-2025;21;83;2767;29-12-2025 20:30;PE-SANGABRIEL;0;0;0;0;0;0;0;0;0;0
2512;CO;29-12-2025;21;84;2768;29-12-2025 20:45;PE-SANGABRIEL;0;0;0;0;0;0;0;0;0;0
2512;CO;29-12-2025;22;85;2769;29-12-2025 21:00;PE-SANGABRIEL;0;0;0;0;0;0;0;0;0;0
2512;CO;29-12-2025;22;86;2770;29-12-2025 21:15;PE-SANGABRIEL;0;0;0;0;0;0;0;0;0;0
2512;CO;29-12-2025;22;87;2771;29-12-2025 21:30;PE-SANGABRIEL;0;0;0;0;0;0;0;0;0;0
2512;CO;29-12-2025;22;88;2772;29-12-2025 21:45;PE-SANGABRIEL;0;0;0;0;0;0;0;0;0;0
2512;CO;30-12-2025;5;17;2797;30-12-2025 4:00;PE-SANGABRIEL;35280.62163;0;0;1;0;0;0;0;1;0
2512;CO;30-12-2025;5;18;2798;30-12-2025 4:15;PE-SANGABRIEL;34198.72983;0;0;1;0;0;0;0;1;0
2512;CO;30-12-2025;5;19;2799;30-12-2025 4:30;PE-SANGABRIEL;33013.13975;0;0;1;0;0;0;0;1;0
2512;CO;30-12-2025;5;20;2800;30-12-2025 4:45;PE-SANGABRIEL;33020.24401;0;0;1;0;0;0;0;1;0
2512;CO;30-12-2025;7;25;2805;30-12-2025 6:00;PE-SANGABRIEL;224749.5957;0;0;1;0;0;0;0;1;0
2512;CO;30-12-2025;7;26;2806;30-12-2025 6:15;PE-SANGABRIEL;224604.7752;0;0;1;0;0;0;0;1;0
2512;CO;30-12-2025;7;27;2807;30-12-2025 6:30;PE-SANGABRIEL;191657.358;0;0;1;0;0;0;0;1;0
2512;CO;30-12-2025;7;28;2808;30-12-2025 6:45;PE-SANGABRIEL;171646.6031;0;0;1;0;0;0;0;1;0
2512;CO;30-12-2025;8;29;2809;30-12-2025 7:00;PE-SANGABRIEL;273228.7964;0;0;1;0;0;0;0;1;0
2512;CO;30-12-2025;8;30;2810;30-12-2025 7:15;PE-SANGABRIEL;248072.1182;0;0;1;0;0;0;0;1;0
2512;CO;30-12-2025;8;31;2811;30-12-2025 7:30;PE-SANGABRIEL;208605.3752;0;0;1;0;0;0;0;1;0
2512;CO;30-12-2025;8;32;2812;30-12-2025 7:45;PE-SANGABRIEL;68705.32925;0;0;1;0;0;0;0;1;0
2512;CO;30-12-2025;22;85;2865;30-12-2025 21:00;PE-SANGABRIEL;206559.0946;0;0;0;1;0;0;0;1;0
2512;CO;30-12-2025;22;86;2866;30-12-2025 21:15;PE-SANGABRIEL;204518.4748;0;0;0;1;0;0;0;1;0
2512;CO;30-12-2025;22;87;2867;30-12-2025 21:30;PE-SANGABRIEL;204453.3301;0;0;0;1;0;0;0;1;0
2512;CO;30-12-2025;22;88;2868;30-12-2025 21:45;PE-SANGABRIEL;204283.9046;0;0;0;1;0;0;0;1;0
2512;CO;31-12-2025;1;1;2877;31-12-2025 0:00;PE-SANGABRIEL;617735.0897;0;0;1;0;0;0;0;1;0
2512;CO;31-12-2025;1;2;2878;31-12-2025 0:15;PE-SANGABRIEL;570268.1626;0;0;1;0;0;0;0;1;0
2512;CO;31-12-2025;1;3;2879;31-12-2025 0:30;PE-SANGABRIEL;493745.75;0;0;1;0;0;0;0;1;0
2512;CO;31-12-2025;1;4;2880;31-12-2025 0:45;PE-SANGABRIEL;492535.0432;0;0;1;0;0;0;0;1;0
2512;CO;31-12-2025;3;9;2885;31-12-2025 2:00;PE-SANGABRIEL;907729.1905;0.103942652;0;0.896057348;0;0;0;0.103942652;0.896057348;0
2512;CO;31-12-2025;3;10;2886;31-12-2025 2:15;PE-SANGABRIEL;1007960.414;0.103942652;0;0.896057348;0;0;0;0.103942652;0.896057348;0
2512;CO;31-12-2025;3;11;2887;31-12-2025 2:30;PE-SANGABRIEL;1011047.093;0.103942652;0;0.896057348;0;0;0;0.103942652;0.896057348;0
2512;CO;31-12-2025;3;12;2888;31-12-2025 2:45;PE-SANGABRIEL;1012750.089;0.103942652;0;0.896057348;0;0;0;0.103942652;0.896057348;0
2512;CO;31-12-2025;4;13;2889;31-12-2025 3:00;PE-SANGABRIEL;1019006.479;0.056603774;0;0.943396226;0;0;0;0.056603774;0.943396226;0
2512;CO;31-12-2025;4;14;2890;31-12-2025 3:15;PE-SANGABRIEL;1013959.851;0.056603774;0;0.943396226;0;0;0;0.056603774;0.943396226;0
2512;CO;31-12-2025;4;15;2891;31-12-2025 3:30;PE-SANGABRIEL;1015463.127;0.056603774;0;0.943396226;0;0;0;0.056603774;0.943396226;0
2512;CO;31-12-2025;4;16;2892;31-12-2025 3:45;PE-SANGABRIEL;1010631.083;0.056603774;0;0.943396226;0;0;0;0.056603774;0.943396226;0
2512;CO;31-12-2025;5;17;2893;31-12-2025 4:00;PE-SANGABRIEL;1017181.157;0.13693901;0;0.86306099;0;0;0;0.13693901;0.86306099;0
2512;CO;31-12-2025;5;18;2894;31-12-2025 4:15;PE-SANGABRIEL;1007517.239;0.13693901;0;0.86306099;0;0;0;0.13693901;0.86306099;0
2512;CO;31-12-2025;5;19;2895;31-12-2025 4:30;PE-SANGABRIEL;1007517.239;0.13693901;0;0.86306099;0;0;0;0.13693901;0.86306099;0
2512;CO;31-12-2025;5;20;2896;31-12-2025 4:45;PE-SANGABRIEL;1007409.777;0.13693901;0;0.86306099;0;0;0;0.13693901;0.86306099;0
2512;CO;31-12-2025;6;21;2897;31-12-2025 5:00;PE-SANGABRIEL;385597.4919;0.061990212;0;0.938009788;0;0;0;0.061990212;0.938009788;0
2512;CO;31-12-2025;6;22;2898;31-12-2025 5:15;PE-SANGABRIEL;386091.4255;0.061990212;0;0.938009788;0;0;0;0.061990212;0.938009788;0
2512;CO;31-12-2025;6;23;2899;31-12-2025 5:30;PE-SANGABRIEL;389013.8987;0.061990212;0;0.938009788;0;0;0;0.061990212;0.938009788;0
2512;CO;31-12-2025;6;24;2900;31-12-2025 5:45;PE-SANGABRIEL;389178.5432;0.061990212;0;0.938009788;0;0;0;0.061990212;0.938009788;0
2512;CO;31-12-2025;7;25;2901;31-12-2025 6:00;PE-SANGABRIEL;439625.5928;0;0;1;0;0;0;0;1;0
2512;CO;31-12-2025;7;26;2902;31-12-2025 6:15;PE-SANGABRIEL;389447.1397;0;0;1;0;0;0;0;1;0
2512;CO;31-12-2025;7;27;2903;31-12-2025 6:30;PE-SANGABRIEL;370904.1591;0;0;1;0;0;0;0;1;0
2512;CO;31-12-2025;7;28;2904;31-12-2025 6:45;PE-SANGABRIEL;370072.9329;0;0;1;0;0;0;0;1;0
2512;CO;31-12-2025;8;29;2905;31-12-2025 7:00;PE-SANGABRIEL;842148.6469;0;0;0.844921941;0.155078059;0;0;0;1;0
2512;CO;31-12-2025;8;30;2906;31-12-2025 7:15;PE-SANGABRIEL;792127.8732;0;0;0.844921941;0.155078059;0;0;0;1;0
2512;CO;31-12-2025;8;31;2907;31-12-2025 7:30;PE-SANGABRIEL;657567.2651;0;0;0.844921941;0.155078059;0;0;0;1;0
2512;CO;31-12-2025;8;32;2908;31-12-2025 7:45;PE-SANGABRIEL;399190.0273;0;0;0.844921941;0.155078059;0;0;0;1;0
2512;CO;31-12-2025;22;85;2961;31-12-2025 21:00;PE-SANGABRIEL;671025.4523;0;0;0.98162024;0.01837976;0;0;0;1;0
2512;CO;31-12-2025;22;86;2962;31-12-2025 21:15;PE-SANGABRIEL;673624.8991;0;0;0.98162024;0.01837976;0;0;0;1;0
2512;CO;31-12-2025;22;87;2963;31-12-2025 21:30;PE-SANGABRIEL;663788.9076;0;0;0.98162024;0.01837976;0;0;0;1;0
2512;CO;31-12-2025;22;88;2964;31-12-2025 21:45;PE-SANGABRIEL;865653.4856;0;0;0.98162024;0.01837976;0;0;0;1;0
2512;CO;31-12-2025;23;89;2965;31-12-2025 22:00;PE-SANGABRIEL;808524.6845;0;0;1;0;0;0;0;1;0
2512;CO;31-12-2025;23;90;2966;31-12-2025 22:15;PE-SANGABRIEL;813529.9603;0;0;1;0;0;0;0;1;0
2512;CO;31-12-2025;23;91;2967;31-12-2025 22:30;PE-SANGABRIEL;590924.9922;0;0;1;0;0;0;0;1;0
2512;CO;31-12-2025;23;92;2968;31-12-2025 22:45;PE-SANGABRIEL;587743.2039;0;0;1;0;0;0;0;1;0
2512;CO;31-12-2025;24;93;2969;31-12-2025 23:00;PE-SANGABRIEL;552639.4453;0.171242686;0;0.828757314;0;0;0;0.171242686;0.828757314;0
2512;CO;31-12-2025;24;94;2970;31-12-2025 23:15;PE-SANGABRIEL;553339.9166;0.171242686;0;0.828757314;0;0;0;0.171242686;0.828757314;0
2512;CO;31-12-2025;24;95;2971;31-12-2025 23:30;PE-SANGABRIEL;487434.7141;0.171242686;0;0.828757314;0;0;0;0.171242686;0.828757314;0
2512;CO;31-12-2025;24;96;2972;31-12-2025 23:45;PE-SANGABRIEL;453112.6464;0.171242686;0;0.828757314;0;0;0;0.171242686;0.828757314;0
2512;CO;01-12-2025;2;5;5;01-12-2025 1:00;PE-TOLPANSUR;0;1;0;0;0;0;0;1;0;0
2512;CO;01-12-2025;2;6;6;01-12-2025 1:15;PE-TOLPANSUR;0;1;0;0;0;0;0;1;0;0
2512;CO;01-12-2025;2;7;7;01-12-2025 1:30;PE-TOLPANSUR;0;1;0;0;0;0;0;1;0;0
2512;CO;01-12-2025;2;8;8;01-12-2025 1:45;PE-TOLPANSUR;0;1;0;0;0;0;0;1;0;0
2512;CO;01-12-2025;3;9;9;01-12-2025 2:00;PE-TOLPANSUR;0;1;0;0;0;0;0;1;0;0
2512;CO;01-12-2025;3;10;10;01-12-2025 2:15;PE-TOLPANSUR;0;1;0;0;0;0;0;1;0;0
2512;CO;01-12-2025;3;11;11;01-12-2025 2:30;PE-TOLPANSUR;0;1;0;0;0;0;0;1;0;0
2512;CO;01-12-2025;3;12;12;01-12-2025 2:45;PE-TOLPANSUR;0;1;0;0;0;0;0;1;0;0
2512;CO;01-12-2025;20;78;78;01-12-2025 19:15;PE-TOLPANSUR;108338.1592;0.313801624;0;0.686198376;0;0;0;0.313801624;0.686198376;0
2512;CO;01-12-2025;20;79;79;01-12-2025 19:30;PE-TOLPANSUR;114724.5674;0.313801624;0;0.686198376;0;0;0;0.313801624;0.686198376;0
2512;CO;01-12-2025;20;80;80;01-12-2025 19:45;PE-TOLPANSUR;22639.96792;0.313801624;0;0.686198376;0;0;0;0.313801624;0.686198376;0
2512;CO;01-12-2025;21;81;81;01-12-2025 20:00;PE-TOLPANSUR;0;1;0;0;0;0;0;1;0;0
2512;CO;01-12-2025;21;82;82;01-12-2025 20:15;PE-TOLPANSUR;0;1;0;0;0;0;0;1;0;0
2512;CO;01-12-2025;21;83;83;01-12-2025 20:30;PE-TOLPANSUR;0;1;0;0;0;0;0;1;0;0
2512;CO;01-12-2025;21;84;84;01-12-2025 20:45;PE-TOLPANSUR;0;1;0;0;0;0;0;1;0;0
2512;CO;01-12-2025;22;85;85;01-12-2025 21:00;PE-TOLPANSUR;0;1;0;0;0;0;0;1;0;0
2512;CO;01-12-2025;22;86;86;01-12-2025 21:15;PE-TOLPANSUR;0;1;0;0;0;0;0;1;0;0
2512;CO;01-12-2025;22;87;87;01-12-2025 21:30;PE-TOLPANSUR;0;1;0;0;0;0;0;1;0;0
2512;CO;01-12-2025;22;88;88;01-12-2025 21:45;PE-TOLPANSUR;0;1;0;0;0;0;0;1;0;0
2512;CO;01-12-2025;23;89;89;01-12-2025 22:00;PE-TOLPANSUR;0;1;0;0;0;0;0;1;0;0
2512;CO;01-12-2025;23;90;90;01-12-2025 22:15;PE-TOLPANSUR;0;1;0;0;0;0;0;1;0;0
2512;CO;01-12-2025;23;91;91;01-12-2025 22:30;PE-TOLPANSUR;0;1;0;0;0;0;0;1;0;0
2512;CO;01-12-2025;23;92;92;01-12-2025 22:45;PE-TOLPANSUR;0;1;0;0;0;0;0;1;0;0
2512;CO;01-12-2025;24;93;93;01-12-2025 23:00;PE-TOLPANSUR;164199.7201;0;0;1;0;0;0;0;1;0
2512;CO;01-12-2025;24;94;94;01-12-2025 23:15;PE-TOLPANSUR;169084.1453;0;0;1;0;0;0;0;1;0
2512;CO;01-12-2025;24;95;95;01-12-2025 23:30;PE-TOLPANSUR;171688.7903;0;0;1;0;0;0;0;1;0
2512;CO;01-12-2025;24;96;96;01-12-2025 23:45;PE-TOLPANSUR;186110.005;0;0;1;0;0;0;0;1;0
2512;CO;02-12-2025;20;79;175;02-12-2025 19:30;PE-TOLPANSUR;0;1;0;0;0;0;0;1;0;0
2512;CO;02-12-2025;20;80;176;02-12-2025 19:45;PE-TOLPANSUR;0;1;0;0;0;0;0;1;0;0
2512;CO;03-12-2025;8;29;221;03-12-2025 7:00;PE-TOLPANSUR;0;0;0;0;0;0;0;0;0;0
2512;CO;03-12-2025;8;30;222;03-12-2025 7:15;PE-TOLPANSUR;0;0;0;0;0;0;0;0;0;0
2512;CO;03-12-2025;20;78;270;03-12-2025 19:15;PE-TOLPANSUR;44621.55158;0.073613805;0;0;0.926386195;0;0;0.073613805;0.926386195;0
2512;CO;03-12-2025;20;79;271;03-12-2025 19:30;PE-TOLPANSUR;166121.9684;0.073613805;0;0;0.926386195;0;0;0.073613805;0.926386195;0
2512;CO;03-12-2025;20;80;272;03-12-2025 19:45;PE-TOLPANSUR;267152.0659;0.073613805;0;0;0.926386195;0;0;0.073613805;0.926386195;0
2512;CO;03-12-2025;21;81;273;03-12-2025 20:00;PE-TOLPANSUR;294992.5946;0;0;0;1;0;0;0;1;0
2512;CO;03-12-2025;21;82;274;03-12-2025 20:15;PE-TOLPANSUR;253190.652;0;0;0;1;0;0;0;1;0
2512;CO;03-12-2025;21;83;275;03-12-2025 20:30;PE-TOLPANSUR;280716.7795;0;0;0;1;0;0;0;1;0
2512;CO;03-12-2025;21;84;276;03-12-2025 20:45;PE-TOLPANSUR;451146.8478;0;0;0;1;0;0;0;1;0
2512;CO;04-12-2025;2;5;293;04-12-2025 1:00;PE-TOLPANSUR;595623.6311;0;0;1;0;0;0;0;1;0
2512;CO;04-12-2025;2;6;294;04-12-2025 1:15;PE-TOLPANSUR;630902.2704;0;0;1;0;0;0;0;1;0
2512;CO;04-12-2025;2;7;295;04-12-2025 1:30;PE-TOLPANSUR;632665.4056;0;0;1;0;0;0;0;1;0
2512;CO;04-12-2025;2;8;296;04-12-2025 1:45;PE-TOLPANSUR;569958.4802;0;0;1;0;0;0;0;1;0
2512;CO;04-12-2025;3;9;297;04-12-2025 2:00;PE-TOLPANSUR;592625.5766;0.161723369;0;0.838276631;0;0;0;0.161723369;0.838276631;0
2512;CO;04-12-2025;3;10;298;04-12-2025 2:15;PE-TOLPANSUR;586813.8912;0.161723369;0;0.838276631;0;0;0;0.161723369;0.838276631;0
2512;CO;04-12-2025;3;11;299;04-12-2025 2:30;PE-TOLPANSUR;542351.4347;0.161723369;0;0.838276631;0;0;0;0.161723369;0.838276631;0
2512;CO;04-12-2025;3;12;300;04-12-2025 2:45;PE-TOLPANSUR;595841.7972;0.161723369;0;0.838276631;0;0;0;0.161723369;0.838276631;0
2512;CO;04-12-2025;4;13;301;04-12-2025 3:00;PE-TOLPANSUR;405338.4627;0.294264339;0;0.705735661;0;0;0;0.294264339;0.705735661;0
2512;CO;04-12-2025;4;14;302;04-12-2025 3:15;PE-TOLPANSUR;317087.0954;0.294264339;0;0.705735661;0;0;0;0.294264339;0.705735661;0
2512;CO;04-12-2025;4;15;303;04-12-2025 3:30;PE-TOLPANSUR;351499.1368;0.294264339;0;0.705735661;0;0;0;0.294264339;0.705735661;0
2512;CO;04-12-2025;4;16;304;04-12-2025 3:45;PE-TOLPANSUR;310486.6792;0.294264339;0;0.705735661;0;0;0;0.294264339;0.705735661;0
2512;CO;04-12-2025;5;17;305;04-12-2025 4:00;PE-TOLPANSUR;329681.5255;0.101361174;0;0.898638826;0;0;0;0.101361174;0.898638826;0
2512;CO;04-12-2025;5;18;306;04-12-2025 4:15;PE-TOLPANSUR;330084.9387;0.101361174;0;0.898638826;0;0;0;0.101361174;0.898638826;0
2512;CO;04-12-2025;5;19;307;04-12-2025 4:30;PE-TOLPANSUR;304696.3356;0.101361174;0;0.898638826;0;0;0;0.101361174;0.898638826;0
2512;CO;04-12-2025;5;20;308;04-12-2025 4:45;PE-TOLPANSUR;307206.2944;0.101361174;0;0.898638826;0;0;0;0.101361174;0.898638826;0
2512;CO;04-12-2025;6;21;309;04-12-2025 5:00;PE-TOLPANSUR;0;1;0;0;0;0;0;1;0;0
2512;CO;04-12-2025;6;22;310;04-12-2025 5:15;PE-TOLPANSUR;0;1;0;0;0;0;0;1;0;0
2512;CO;04-12-2025;6;23;311;04-12-2025 5:30;PE-TOLPANSUR;0;1;0;0;0;0;0;1;0;0
2512;CO;04-12-2025;6;24;312;04-12-2025 5:45;PE-TOLPANSUR;0;1;0;0;0;0;0;1;0;0
2512;CO;04-12-2025;7;25;313;04-12-2025 6:00;PE-TOLPANSUR;0;0;0;0;0;0;0;0;0;0
2512;CO;04-12-2025;7;26;314;04-12-2025 6:15;PE-TOLPANSUR;0;0;0;0;0;0;0;0;0;0
2512;CO;04-12-2025;7;27;315;04-12-2025 6:30;PE-TOLPANSUR;0;0;0;0;0;0;0;0;0;0
2512;CO;04-12-2025;7;28;316;04-12-2025 6:45;PE-TOLPANSUR;0;0;0;0;0;0;0;0;0;0
2512;CO;04-12-2025;8;29;317;04-12-2025 7:00;PE-TOLPANSUR;0;0;0;0;0;0;0;0;0;0
2512;CO;04-12-2025;8;30;318;04-12-2025 7:15;PE-TOLPANSUR;0;0;0;0;0;0;0;0;0;0
2512;CO;04-12-2025;10;38;326;04-12-2025 9:15;PE-TOLPANSUR;31580.59005;0.40900268;0;0;0.59099732;0;0;0.40900268;0.59099732;0
2512;CO;04-12-2025;10;39;327;04-12-2025 9:30;PE-TOLPANSUR;49627.18388;0.40900268;0;0;0.59099732;0;0;0.40900268;0.59099732;0
2512;CO;04-12-2025;10;40;328;04-12-2025 9:45;PE-TOLPANSUR;53485.73668;0.40900268;0;0;0.59099732;0;0;0.40900268;0.59099732;0
2512;CO;04-12-2025;11;41;329;04-12-2025 10:00;PE-TOLPANSUR;0;0.50076049;0.49923951;0;0;0;0;1;0;0
2512;CO;04-12-2025;11;42;330;04-12-2025 10:15;PE-TOLPANSUR;0;0.50076049;0.49923951;0;0;0;0;1;0;0
2512;CO;04-12-2025;11;43;331;04-12-2025 10:30;PE-TOLPANSUR;0;0.50076049;0.49923951;0;0;0;0;1;0;0
2512;CO;04-12-2025;11;44;332;04-12-2025 10:45;PE-TOLPANSUR;0;0.50076049;0.49923951;0;0;0;0;1;0;0
2512;CO;04-12-2025;12;45;333;04-12-2025 11:00;PE-TOLPANSUR;0;1;0;0;0;0;0;1;0;0
2512;CO;04-12-2025;12;46;334;04-12-2025 11:15;PE-TOLPANSUR;0;1;0;0;0;0;0;1;0;0
2512;CO;04-12-2025;12;47;335;04-12-2025 11:30;PE-TOLPANSUR;0;1;0;0;0;0;0;1;0;0
2512;CO;04-12-2025;12;48;336;04-12-2025 11:45;PE-TOLPANSUR;0;1;0;0;0;0;0;1;0;0
2512;CO;04-12-2025;13;49;337;04-12-2025 12:00;PE-TOLPANSUR;0;1;0;0;0;0;0;1;0;0
2512;CO;04-12-2025;13;50;338;04-12-2025 12:15;PE-TOLPANSUR;0;1;0;0;0;0;0;1;0;0
2512;CO;04-12-2025;13;51;339;04-12-2025 12:30;PE-TOLPANSUR;0;1;0;0;0;0;0;1;0;0
2512;CO;04-12-2025;13;52;340;04-12-2025 12:45;PE-TOLPANSUR;0;1;0;0;0;0;0;1;0;0
2512;CO;04-12-2025;14;53;341;04-12-2025 13:00;PE-TOLPANSUR;0;1;0;0;0;0;0;1;0;0
2512;CO;04-12-2025;14;54;342;04-12-2025 13:15;PE-TOLPANSUR;0;1;0;0;0;0;0;1;0;0
2512;CO;04-12-2025;14;55;343;04-12-2025 13:30;PE-TOLPANSUR;0;1;0;0;0;0;0;1;0;0
2512;CO;04-12-2025;15;57;345;04-12-2025 14:00;PE-TOLPANSUR;0;1;0;0;0;0;0;1;0;0
2512;CO;04-12-2025;15;58;346;04-12-2025 14:15;PE-TOLPANSUR;0;1;0;0;0;0;0;1;0;0
2512;CO;04-12-2025;15;59;347;04-12-2025 14:30;PE-TOLPANSUR;0;1;0;0;0;0;0;1;0;0
2512;CO;04-12-2025;15;60;348;04-12-2025 14:45;PE-TOLPANSUR;0;1;0;0;0;0;0;1;0;0
2512;CO;04-12-2025;16;61;349;04-12-2025 15:00;PE-TOLPANSUR;0;1;0;0;0;0;0;1;0;0
2512;CO;04-12-2025;16;62;350;04-12-2025 15:15;PE-TOLPANSUR;0;1;0;0;0;0;0;1;0;0
2512;CO;04-12-2025;16;63;351;04-12-2025 15:30;PE-TOLPANSUR;0;1;0;0;0;0;0;1;0;0
2512;CO;04-12-2025;16;64;352;04-12-2025 15:45;PE-TOLPANSUR;0;1;0;0;0;0;0;1;0;0
2512;CO;04-12-2025;17;65;353;04-12-2025 16:00;PE-TOLPANSUR;0;1;0;0;0;0;0;1;0;0
2512;CO;04-12-2025;17;66;354;04-12-2025 16:15;PE-TOLPANSUR;0;1;0;0;0;0;0;1;0;0
2512;CO;04-12-2025;17;67;355;04-12-2025 16:30;PE-TOLPANSUR;0;1;0;0;0;0;0;1;0;0
2512;CO;04-12-2025;17;68;356;04-12-2025 16:45;PE-TOLPANSUR;0;1;0;0;0;0;0;1;0;0
2512;CO;04-12-2025;18;69;357;04-12-2025 17:00;PE-TOLPANSUR;0;1;0;0;0;0;0;1;0;0
2512;CO;04-12-2025;18;70;358;04-12-2025 17:15;PE-TOLPANSUR;0;1;0;0;0;0;0;1;0;0
2512;CO;04-12-2025;18;71;359;04-12-2025 17:30;PE-TOLPANSUR;0;1;0;0;0;0;0;1;0;0
2512;CO;04-12-2025;18;72;360;04-12-2025 17:45;PE-TOLPANSUR;0;1;0;0;0;0;0;1;0;0
2512;CO;04-12-2025;19;73;361;04-12-2025 18:00;PE-TOLPANSUR;0;0.625107145;0;0;0.374892855;0;0;0.625107145;0.374892855;0
2512;CO;04-12-2025;19;74;362;04-12-2025 18:15;PE-TOLPANSUR;0;0.625107145;0;0;0.374892855;0;0;0.625107145;0.374892855;0
2512;CO;04-12-2025;19;75;363;04-12-2025 18:30;PE-TOLPANSUR;0;0.625107145;0;0;0.374892855;0;0;0.625107145;0.374892855;0
2512;CO;04-12-2025;19;76;364;04-12-2025 18:45;PE-TOLPANSUR;0;0.625107145;0;0;0.374892855;0;0;0.625107145;0.374892855;0
2512;CO;05-12-2025;4;13;397;05-12-2025 3:00;PE-TOLPANSUR;389211.3832;0.284050844;0;0.715949156;0;0;0;0.284050844;0.715949156;0
2512;CO;05-12-2025;4;14;398;05-12-2025 3:15;PE-TOLPANSUR;389721.5456;0.284050844;0;0.715949156;0;0;0;0.284050844;0.715949156;0
2512;CO;05-12-2025;4;15;399;05-12-2025 3:30;PE-TOLPANSUR;393335.1958;0.284050844;0;0.715949156;0;0;0;0.284050844;0.715949156;0
2512;CO;05-12-2025;4;16;400;05-12-2025 3:45;PE-TOLPANSUR;393207.6552;0.284050844;0;0.715949156;0;0;0;0.284050844;0.715949156;0
2512;CO;05-12-2025;5;17;401;05-12-2025 4:00;PE-TOLPANSUR;0;1;0;0;0;0;0;1;0;0
2512;CO;05-12-2025;5;18;402;05-12-2025 4:15;PE-TOLPANSUR;0;1;0;0;0;0;0;1;0;0
2512;CO;05-12-2025;5;19;403;05-12-2025 4:30;PE-TOLPANSUR;0;1;0;0;0;0;0;1;0;0
2512;CO;05-12-2025;5;20;404;05-12-2025 4:45;PE-TOLPANSUR;0;1;0;0;0;0;0;1;0;0
2512;CO;05-12-2025;6;21;405;05-12-2025 5:00;PE-TOLPANSUR;0;1;0;0;0;0;0;1;0;0
2512;CO;05-12-2025;6;22;406;05-12-2025 5:15;PE-TOLPANSUR;0;1;0;0;0;0;0;1;0;0
2512;CO;05-12-2025;6;23;407;05-12-2025 5:30;PE-TOLPANSUR;0;1;0;0;0;0;0;1;0;0
2512;CO;05-12-2025;6;24;408;05-12-2025 5:45;PE-TOLPANSUR;0;1;0;0;0;0;0;1;0;0
2512;CO;05-12-2025;7;25;409;05-12-2025 6:00;PE-TOLPANSUR;0;1;0;0;0;0;0;1;0;0
2512;CO;05-12-2025;7;26;410;05-12-2025 6:15;PE-TOLPANSUR;0;1;0;0;0;0;0;1;0;0
2512;CO;05-12-2025;7;27;411;05-12-2025 6:30;PE-TOLPANSUR;0;1;0;0;0;0;0;1;0;0
2512;CO;05-12-2025;7;28;412;05-12-2025 6:45;PE-TOLPANSUR;0;1;0;0;0;0;0;1;0;0
2512;CO;05-12-2025;8;29;413;05-12-2025 7:00;PE-TOLPANSUR;77539.58378;0.362637363;0;0;0.637362637;0;0;0.362637363;0.637362637;0
2512;CO;05-12-2025;8;30;414;05-12-2025 7:15;PE-TOLPANSUR;26106.64397;0.362637363;0;0;0.637362637;0;0;0.362637363;0.637362637;0
2512;CO;05-12-2025;17;66;450;05-12-2025 16:15;PE-TOLPANSUR;0;1;0;0;0;0;0;1;0;0
2512;CO;05-12-2025;17;67;451;05-12-2025 16:30;PE-TOLPANSUR;0;1;0;0;0;0;0;1;0;0
2512;CO;05-12-2025;17;68;452;05-12-2025 16:45;PE-TOLPANSUR;0;1;0;0;0;0;0;1;0;0
2512;CO;05-12-2025;18;69;453;05-12-2025 17:00;PE-TOLPANSUR;0;1;0;0;0;0;0;1;0;0
2512;CO;05-12-2025;18;70;454;05-12-2025 17:15;PE-TOLPANSUR;0;1;0;0;0;0;0;1;0;0
2512;CO;05-12-2025;18;71;455;05-12-2025 17:30;PE-TOLPANSUR;0;1;0;0;0;0;0;1;0;0
2512;CO;05-12-2025;18;72;456;05-12-2025 17:45;PE-TOLPANSUR;0;1;0;0;0;0;0;1;0;0
2512;CO;05-12-2025;19;73;457;05-12-2025 18:00;PE-TOLPANSUR;68206.10461;0;0;0;1;0;0;0;1;0
2512;CO;05-12-2025;19;74;458;05-12-2025 18:15;PE-TOLPANSUR;13702.75683;0;0;0;1;0;0;0;1;0
2512;CO;05-12-2025;24;93;477;05-12-2025 23:00;PE-TOLPANSUR;376859.8127;0;0;1;0;0;0;0;1;0
2512;CO;05-12-2025;24;94;478;05-12-2025 23:15;PE-TOLPANSUR;380161.9797;0;0;1;0;0;0;0;1;0
2512;CO;05-12-2025;24;95;479;05-12-2025 23:30;PE-TOLPANSUR;268662.799;0;0;1;0;0;0;0;1;0
2512;CO;05-12-2025;24;96;480;05-12-2025 23:45;PE-TOLPANSUR;255104.7595;0;0;1;0;0;0;0;1;0
2512;CO;06-12-2025;1;1;481;06-12-2025 0:00;PE-TOLPANSUR;358742.1535;0.231246297;0;0.768753703;0;0;0;0.231246297;0.768753703;0
2512;CO;06-12-2025;1;2;482;06-12-2025 0:15;PE-TOLPANSUR;356649.6685;0.231246297;0;0.768753703;0;0;0;0.231246297;0.768753703;0
2512;CO;06-12-2025;1;3;483;06-12-2025 0:30;PE-TOLPANSUR;377084.4713;0.231246297;0;0.768753703;0;0;0;0.231246297;0.768753703;0
2512;CO;06-12-2025;1;4;484;06-12-2025 0:45;PE-TOLPANSUR;378843.149;0.231246297;0;0.768753703;0;0;0;0.231246297;0.768753703;0
2512;CO;06-12-2025;2;5;485;06-12-2025 1:00;PE-TOLPANSUR;438536.6208;0.402090289;0;0.597909711;0;0;0;0.402090289;0.597909711;0
2512;CO;06-12-2025;2;6;486;06-12-2025 1:15;PE-TOLPANSUR;440746.4561;0.402090289;0;0.597909711;0;0;0;0.402090289;0.597909711;0
2512;CO;06-12-2025;2;7;487;06-12-2025 1:30;PE-TOLPANSUR;428953.7662;0.402090289;0;0.597909711;0;0;0;0.402090289;0.597909711;0
2512;CO;06-12-2025;2;8;488;06-12-2025 1:45;PE-TOLPANSUR;429688.2979;0.402090289;0;0.597909711;0;0;0;0.402090289;0.597909711;0
2512;CO;06-12-2025;3;9;489;06-12-2025 2:00;PE-TOLPANSUR;414770.7386;0.319620795;0;0.680379205;0;0;0;0.319620795;0.680379205;0
2512;CO;06-12-2025;3;10;490;06-12-2025 2:15;PE-TOLPANSUR;412200.3762;0.319620795;0;0.680379205;0;0;0;0.319620795;0.680379205;0
2512;CO;06-12-2025;3;11;491;06-12-2025 2:30;PE-TOLPANSUR;412820.7897;0.319620795;0;0.680379205;0;0;0;0.319620795;0.680379205;0
2512;CO;06-12-2025;3;12;492;06-12-2025 2:45;PE-TOLPANSUR;409895.7749;0.319620795;0;0.680379205;0;0;0;0.319620795;0.680379205;0
2512;CO;06-12-2025;4;13;493;06-12-2025 3:00;PE-TOLPANSUR;399139.5968;0.2709761;0;0.7290239;0;0;0;0.2709761;0.7290239;0
2512;CO;06-12-2025;4;14;494;06-12-2025 3:15;PE-TOLPANSUR;404240.2057;0.2709761;0;0.7290239;0;0;0;0.2709761;0.7290239;0
2512;CO;06-12-2025;4;15;495;06-12-2025 3:30;PE-TOLPANSUR;408756.4821;0.2709761;0;0.7290239;0;0;0;0.2709761;0.7290239;0
2512;CO;06-12-2025;4;16;496;06-12-2025 3:45;PE-TOLPANSUR;408667.7983;0.2709761;0;0.7290239;0;0;0;0.2709761;0.7290239;0
2512;CO;06-12-2025;5;17;497;06-12-2025 4:00;PE-TOLPANSUR;367064.5031;0.442353783;0;0.557646217;0;0;0;0.442353783;0.557646217;0
2512;CO;06-12-2025;5;18;498;06-12-2025 4:15;PE-TOLPANSUR;368306.7594;0.442353783;0;0.557646217;0;0;0;0.442353783;0.557646217;0
2512;CO;06-12-2025;5;19;499;06-12-2025 4:30;PE-TOLPANSUR;367344.9883;0.442353783;0;0.557646217;0;0;0;0.442353783;0.557646217;0
2512;CO;06-12-2025;5;20;500;06-12-2025 4:45;PE-TOLPANSUR;367024.423;0.442353783;0;0.557646217;0;0;0;0.442353783;0.557646217;0
2512;CO;06-12-2025;6;21;501;06-12-2025 5:00;PE-TOLPANSUR;306337.043;0.255752942;0;0.744247058;0;0;0;0.255752942;0.744247058;0
2512;CO;06-12-2025;6;22;502;06-12-2025 5:15;PE-TOLPANSUR;291858.6211;0.255752942;0;0.744247058;0;0;0;0.255752942;0.744247058;0
2512;CO;06-12-2025;6;23;503;06-12-2025 5:30;PE-TOLPANSUR;297142.7422;0.255752942;0;0.744247058;0;0;0;0.255752942;0.744247058;0
2512;CO;06-12-2025;6;24;504;06-12-2025 5:45;PE-TOLPANSUR;306960.996;0.255752942;0;0.744247058;0;0;0;0.255752942;0.744247058;0
2512;CO;06-12-2025;7;25;505;06-12-2025 6:00;PE-TOLPANSUR;221381.7345;0.520152957;0;0.479847043;0;0;0;0.520152957;0.479847043;0
2512;CO;06-12-2025;7;26;506;06-12-2025 6:15;PE-TOLPANSUR;207894.6218;0.520152957;0;0.479847043;0;0;0;0.520152957;0.479847043;0
2512;CO;06-12-2025;7;27;507;06-12-2025 6:30;PE-TOLPANSUR;204422.2194;0.520152957;0;0.479847043;0;0;0;0.520152957;0.479847043;0
2512;CO;06-12-2025;7;28;508;06-12-2025 6:45;PE-TOLPANSUR;204534.3545;0.520152957;0;0.479847043;0;0;0;0.520152957;0.479847043;0
2512;CO;06-12-2025;8;29;509;06-12-2025 7:00;PE-TOLPANSUR;157959.8875;0.442583103;0;0.557416897;0;0;0;0.442583103;0.557416897;0
2512;CO;06-12-2025;12;47;527;06-12-2025 11:30;PE-TOLPANSUR;175268.5004;0.15576635;0;0;0;0.84423365;0;0.15576635;0;0.84423365
2512;CO;06-12-2025;12;48;528;06-12-2025 11:45;PE-TOLPANSUR;786342.1798;0.15576635;0;0;0;0.84423365;0;0.15576635;0;0.84423365
2512;CO;06-12-2025;13;49;529;06-12-2025 12:00;PE-TOLPANSUR;0;1;0;0;0;0;0;1;0;0
2512;CO;06-12-2025;13;50;530;06-12-2025 12:15;PE-TOLPANSUR;0;1;0;0;0;0;0;1;0;0
2512;CO;06-12-2025;13;51;531;06-12-2025 12:30;PE-TOLPANSUR;0;1;0;0;0;0;0;1;0;0
2512;CO;06-12-2025;13;52;532;06-12-2025 12:45;PE-TOLPANSUR;0;1;0;0;0;0;0;1;0;0
2512;CO;06-12-2025;14;53;533;06-12-2025 13:00;PE-TOLPANSUR;0;1;0;0;0;0;0;1;0;0
2512;CO;06-12-2025;14;54;534;06-12-2025 13:15;PE-TOLPANSUR;0;1;0;0;0;0;0;1;0;0
2512;CO;06-12-2025;14;55;535;06-12-2025 13:30;PE-TOLPANSUR;0;1;0;0;0;0;0;1;0;0
2512;CO;06-12-2025;14;56;536;06-12-2025 13:45;PE-TOLPANSUR;0;1;0;0;0;0;0;1;0;0
2512;CO;06-12-2025;15;57;537;06-12-2025 14:00;PE-TOLPANSUR;0;1;0;0;0;0;0;1;0;0
2512;CO;06-12-2025;15;58;538;06-12-2025 14:15;PE-TOLPANSUR;0;1;0;0;0;0;0;1;0;0
2512;CO;06-12-2025;15;60;540;06-12-2025 14:45;PE-TOLPANSUR;0;1;0;0;0;0;0;1;0;0
2512;CO;06-12-2025;16;61;541;06-12-2025 15:00;PE-TOLPANSUR;0;1;0;0;0;0;0;1;0;0
2512;CO;06-12-2025;16;62;542;06-12-2025 15:15;PE-TOLPANSUR;0;1;0;0;0;0;0;1;0;0
2512;CO;06-12-2025;16;63;543;06-12-2025 15:30;PE-TOLPANSUR;0;1;0;0;0;0;0;1;0;0
2512;CO;06-12-2025;16;64;544;06-12-2025 15:45;PE-TOLPANSUR;0;1;0;0;0;0;0;1;0;0
2512;CO;06-12-2025;17;65;545;06-12-2025 16:00;PE-TOLPANSUR;0;1;0;0;0;0;0;1;0;0
2512;CO;06-12-2025;17;66;546;06-12-2025 16:15;PE-TOLPANSUR;0;1;0;0;0;0;0;1;0;0
2512;CO;06-12-2025;17;67;547;06-12-2025 16:30;PE-TOLPANSUR;0;1;0;0;0;0;0;1;0;0
2512;CO;06-12-2025;17;68;548;06-12-2025 16:45;PE-TOLPANSUR;0;1;0;0;0;0;0;1;0;0
2512;CO;06-12-2025;18;69;549;06-12-2025 17:00;PE-TOLPANSUR;0;1;0;0;0;0;0;1;0;0
2512;CO;06-12-2025;18;70;550;06-12-2025 17:15;PE-TOLPANSUR;0;1;0;0;0;0;0;1;0;0
2512;CO;06-12-2025;18;71;551;06-12-2025 17:30;PE-TOLPANSUR;0;1;0;0;0;0;0;1;0;0
2512;CO;06-12-2025;18;72;552;06-12-2025 17:45;PE-TOLPANSUR;0;1;0;0;0;0;0;1;0;0
2512;CO;06-12-2025;19;73;553;06-12-2025 18:00;PE-TOLPANSUR;0;1;0;0;0;0;0;1;0;0
2512;CO;06-12-2025;19;74;554;06-12-2025 18:15;PE-TOLPANSUR;0;1;0;0;0;0;0;1;0;0
2512;CO;06-12-2025;19;75;555;06-12-2025 18:30;PE-TOLPANSUR;0;1;0;0;0;0;0;1;0;0
2512;CO;06-12-2025;19;76;556;06-12-2025 18:45;PE-TOLPANSUR;0;1;0;0;0;0;0;1;0;0
2512;CO;07-12-2025;8;29;605;07-12-2025 7:00;PE-TOLPANSUR;4335.167864;0;0;0;1;0;0;0;1;0
2512;CO;07-12-2025;9;35;611;07-12-2025 8:30;PE-TOLPANSUR;0;1;0;0;0;0;0;1;0;0
2512;CO;07-12-2025;9;36;612;07-12-2025 8:45;PE-TOLPANSUR;0;1;0;0;0;0;0;1;0;0
2512;CO;07-12-2025;10;37;613;07-12-2025 9:00;PE-TOLPANSUR;0;0.817326918;0;0;0.182673082;0;0;0.817326918;0.182673082;0
2512;CO;07-12-2025;10;38;614;07-12-2025 9:15;PE-TOLPANSUR;0;0.817326918;0;0;0.182673082;0;0;0.817326918;0.182673082;0
2512;CO;07-12-2025;10;39;615;07-12-2025 9:30;PE-TOLPANSUR;0;0.817326918;0;0;0.182673082;0;0;0.817326918;0.182673082;0
2512;CO;07-12-2025;10;40;616;07-12-2025 9:45;PE-TOLPANSUR;0;0.817326918;0;0;0.182673082;0;0;0.817326918;0.182673082;0
2512;CO;07-12-2025;11;41;617;07-12-2025 10:00;PE-TOLPANSUR;0;1;0;0;0;0;0;1;0;0
2512;CO;07-12-2025;11;42;618;07-12-2025 10:15;PE-TOLPANSUR;0;1;0;0;0;0;0;1;0;0
2512;CO;07-12-2025;11;43;619;07-12-2025 10:30;PE-TOLPANSUR;0;1;0;0;0;0;0;1;0;0
2512;CO;07-12-2025;11;44;620;07-12-2025 10:45;PE-TOLPANSUR;0;1;0;0;0;0;0;1;0;0
2512;CO;07-12-2025;12;45;621;07-12-2025 11:00;PE-TOLPANSUR;0;1;0;0;0;0;0;1;0;0
2512;CO;07-12-2025;20;80;656;07-12-2025 19:45;PE-TOLPANSUR;37368.37159;0;0;0;1;0;0;0;1;0
2512;CO;07-12-2025;22;85;661;07-12-2025 21:00;PE-TOLPANSUR;0;1;0;0;0;0;0;1;0;0
2512;CO;07-12-2025;22;86;662;07-12-2025 21:15;PE-TOLPANSUR;0;1;0;0;0;0;0;1;0;0
2512;CO;07-12-2025;22;87;663;07-12-2025 21:30;PE-TOLPANSUR;0;1;0;0;0;0;0;1;0;0
2512;CO;07-12-2025;22;88;664;07-12-2025 21:45;PE-TOLPANSUR;0;1;0;0;0;0;0;1;0;0
2512;CO;09-12-2025;9;33;801;09-12-2025 8:00;PE-TOLPANSUR;0;1;0;0;0;0;0;1;0;0
2512;CO;09-12-2025;9;34;802;09-12-2025 8:15;PE-TOLPANSUR;0;1;0;0;0;0;0;1;0;0
2512;CO;09-12-2025;9;35;803;09-12-2025 8:30;PE-TOLPANSUR;0;1;0;0;0;0;0;1;0;0
2512;CO;09-12-2025;9;36;804;09-12-2025 8:45;PE-TOLPANSUR;0;1;0;0;0;0;0;1;0;0
2512;CO;09-12-2025;10;37;805;09-12-2025 9:00;PE-TOLPANSUR;0;0;0;0;0;0;0;0;0;0
2512;CO;09-12-2025;10;38;806;09-12-2025 9:15;PE-TOLPANSUR;0;0;0;0;0;0;0;0;0;0
2512;CO;09-12-2025;10;39;807;09-12-2025 9:30;PE-TOLPANSUR;0;0;0;0;0;0;0;0;0;0
2512;CO;09-12-2025;10;40;808;09-12-2025 9:45;PE-TOLPANSUR;0;0;0;0;0;0;0;0;0;0
2512;CO;09-12-2025;21;81;849;09-12-2025 20:00;PE-TOLPANSUR;0;0;0;0;1;0;0;0;1;0
2512;CO;09-12-2025;21;82;850;09-12-2025 20:15;PE-TOLPANSUR;0;0;0;0;1;0;0;0;1;0
2512;CO;09-12-2025;21;83;851;09-12-2025 20:30;PE-TOLPANSUR;0;0;0;0;1;0;0;0;1;0
2512;CO;09-12-2025;21;84;852;09-12-2025 20:45;PE-TOLPANSUR;0;0;0;0;1;0;0;0;1;0
2512;CO;11-12-2025;11;41;1001;11-12-2025 10:00;PE-TOLPANSUR;0;1;0;0;0;0;0;1;0;0
2512;CO;11-12-2025;11;42;1002;11-12-2025 10:15;PE-TOLPANSUR;0;1;0;0;0;0;0;1;0;0
2512;CO;11-12-2025;11;43;1003;11-12-2025 10:30;PE-TOLPANSUR;0;1;0;0;0;0;0;1;0;0
2512;CO;11-12-2025;11;44;1004;11-12-2025 10:45;PE-TOLPANSUR;0;1;0;0;0;0;0;1;0;0
2512;CO;11-12-2025;12;45;1005;11-12-2025 11:00;PE-TOLPANSUR;0;1;0;0;0;0;0;1;0;0
2512;CO;11-12-2025;12;46;1006;11-12-2025 11:15;PE-TOLPANSUR;0;1;0;0;0;0;0;1;0;0
2512;CO;11-12-2025;12;47;1007;11-12-2025 11:30;PE-TOLPANSUR;0;1;0;0;0;0;0;1;0;0
2512;CO;11-12-2025;12;48;1008;11-12-2025 11:45;PE-TOLPANSUR;0;1;0;0;0;0;0;1;0;0
2512;CO;11-12-2025;19;73;1033;11-12-2025 18:00;PE-TOLPANSUR;0;0.36647919;0;0;0.63352081;0;0;0.36647919;0.63352081;0
2512;CO;11-12-2025;19;74;1034;11-12-2025 18:15;PE-TOLPANSUR;0;0.36647919;0;0;0.63352081;0;0;0.36647919;0.63352081;0
2512;CO;11-12-2025;19;75;1035;11-12-2025 18:30;PE-TOLPANSUR;0;0.36647919;0;0;0.63352081;0;0;0.36647919;0.63352081;0
2512;CO;11-12-2025;19;76;1036;11-12-2025 18:45;PE-TOLPANSUR;0;0.36647919;0;0;0.63352081;0;0;0.36647919;0.63352081;0
2512;CO;12-12-2025;2;5;1061;12-12-2025 1:00;PE-TOLPANSUR;0;0;0;0;0;0;0;0;0;0
2512;CO;12-12-2025;2;6;1062;12-12-2025 1:15;PE-TOLPANSUR;0;0;0;0;0;0;0;0;0;0
2512;CO;12-12-2025;2;7;1063;12-12-2025 1:30;PE-TOLPANSUR;0;0;0;0;0;0;0;0;0;0
2512;CO;12-12-2025;2;8;1064;12-12-2025 1:45;PE-TOLPANSUR;0;0;0;0;0;0;0;0;0;0
2512;CO;13-12-2025;20;79;1231;13-12-2025 19:30;PE-TOLPANSUR;0;0;0;0;0;0;0;0;0;0
2512;CO;13-12-2025;20;80;1232;13-12-2025 19:45;PE-TOLPANSUR;0;0;0;0;0;0;0;0;0;0
2512;CO;14-12-2025;1;1;1249;14-12-2025 0:00;PE-TOLPANSUR;197382.1492;0;0;0;0;0;1;0;0;1
2512;CO;14-12-2025;1;2;1250;14-12-2025 0:15;PE-TOLPANSUR;258033.7137;0;0;0;0;0;1;0;0;1
2512;CO;14-12-2025;1;3;1251;14-12-2025 0:30;PE-TOLPANSUR;244798.6128;0;0;0;0;0;1;0;0;1
2512;CO;14-12-2025;1;4;1252;14-12-2025 0:45;PE-TOLPANSUR;195592.4363;0;0;0;0;0;1;0;0;1
2512;CO;14-12-2025;6;21;1269;14-12-2025 5:00;PE-TOLPANSUR;0;1;0;0;0;0;0;1;0;0
2512;CO;14-12-2025;6;22;1270;14-12-2025 5:15;PE-TOLPANSUR;0;1;0;0;0;0;0;1;0;0
2512;CO;14-12-2025;6;23;1271;14-12-2025 5:30;PE-TOLPANSUR;0;1;0;0;0;0;0;1;0;0
2512;CO;14-12-2025;6;24;1272;14-12-2025 5:45;PE-TOLPANSUR;0;1;0;0;0;0;0;1;0;0
2512;CO;14-12-2025;8;29;1277;14-12-2025 7:00;PE-TOLPANSUR;0;0;0;0;0;0;0;0;0;0
2512;CO;15-12-2025;20;78;1422;15-12-2025 19:15;PE-TOLPANSUR;8202.105204;0;0;0;1;0;0;0;1;0
2512;CO;15-12-2025;20;79;1423;15-12-2025 19:30;PE-TOLPANSUR;61206.42145;0;0;0;1;0;0;0;1;0
2512;CO;15-12-2025;20;80;1424;15-12-2025 19:45;PE-TOLPANSUR;61385.85108;0;0;0;1;0;0;0;1;0
2512;CO;16-12-2025;4;13;1453;16-12-2025 3:00;PE-TOLPANSUR;416931.1477;0;0;1;0;0;0;0;1;0
2512;CO;16-12-2025;4;14;1454;16-12-2025 3:15;PE-TOLPANSUR;441681.1727;0;0;1;0;0;0;0;1;0
2512;CO;16-12-2025;4;15;1455;16-12-2025 3:30;PE-TOLPANSUR;498181.4572;0;0;1;0;0;0;0;1;0
2512;CO;16-12-2025;4;16;1456;16-12-2025 3:45;PE-TOLPANSUR;553176.2633;0;0;1;0;0;0;0;1;0
2512;CO;16-12-2025;5;17;1457;16-12-2025 4:00;PE-TOLPANSUR;598109.4862;0.42327251;0;0.57672749;0;0;0;0.42327251;0.57672749;0
2512;CO;16-12-2025;5;18;1458;16-12-2025 4:15;PE-TOLPANSUR;602200.136;0.42327251;0;0.57672749;0;0;0;0.42327251;0.57672749;0
2512;CO;16-12-2025;5;19;1459;16-12-2025 4:30;PE-TOLPANSUR;602577.748;0.42327251;0;0.57672749;0;0;0;0.42327251;0.57672749;0
2512;CO;16-12-2025;5;20;1460;16-12-2025 4:45;PE-TOLPANSUR;736302.6257;0.42327251;0;0.57672749;0;0;0;0.42327251;0.57672749;0
2512;CO;16-12-2025;6;21;1461;16-12-2025 5:00;PE-TOLPANSUR;823564.0893;0.421068293;0;0.578931707;0;0;0;0.421068293;0.578931707;0
2512;CO;16-12-2025;6;22;1462;16-12-2025 5:15;PE-TOLPANSUR;822368.5025;0.421068293;0;0.578931707;0;0;0;0.421068293;0.578931707;0
2512;CO;16-12-2025;6;23;1463;16-12-2025 5:30;PE-TOLPANSUR;821429.1318;0.421068293;0;0.578931707;0;0;0;0.421068293;0.578931707;0
2512;CO;16-12-2025;6;24;1464;16-12-2025 5:45;PE-TOLPANSUR;819721.2014;0.421068293;0;0.578931707;0;0;0;0.421068293;0.578931707;0
2512;CO;16-12-2025;20;78;1518;16-12-2025 19:15;PE-TOLPANSUR;48674.73606;0;0;0;1;0;0;0;1;0
2512;CO;16-12-2025;20;79;1519;16-12-2025 19:30;PE-TOLPANSUR;80049.10514;0;0;0;1;0;0;0;1;0
2512;CO;16-12-2025;20;80;1520;16-12-2025 19:45;PE-TOLPANSUR;80523.31643;0;0;0;1;0;0;0;1;0
2512;CO;16-12-2025;21;81;1521;16-12-2025 20:00;PE-TOLPANSUR;8975.197619;0;0;0;1;0;0;0;1;0
2512;CO;16-12-2025;21;82;1522;16-12-2025 20:15;PE-TOLPANSUR;9824.835119;0;0;0;1;0;0;0;1;0
2512;CO;16-12-2025;21;83;1523;16-12-2025 20:30;PE-TOLPANSUR;9801.845077;0;0;0;1;0;0;0;1;0
2512;CO;16-12-2025;21;84;1524;16-12-2025 20:45;PE-TOLPANSUR;9822.744533;0;0;0;1;0;0;0;1;0
2512;CO;17-12-2025;1;1;1537;17-12-2025 0:00;PE-TOLPANSUR;555975.9505;0;0;1;0;0;0;0;1;0
2512;CO;17-12-2025;1;2;1538;17-12-2025 0:15;PE-TOLPANSUR;555499.9119;0;0;1;0;0;0;0;1;0
2512;CO;17-12-2025;1;3;1539;17-12-2025 0:30;PE-TOLPANSUR;397866.7284;0;0;1;0;0;0;0;1;0
2512;CO;17-12-2025;1;4;1540;17-12-2025 0:45;PE-TOLPANSUR;294264.5027;0;0;1;0;0;0;0;1;0
2512;CO;17-12-2025;2;5;1541;17-12-2025 1:00;PE-TOLPANSUR;494139.7693;0;0;1;0;0;0;0;1;0
2512;CO;17-12-2025;2;6;1542;17-12-2025 1:15;PE-TOLPANSUR;567109.9489;0;0;1;0;0;0;0;1;0
2512;CO;17-12-2025;2;7;1543;17-12-2025 1:30;PE-TOLPANSUR;566629.7924;0;0;1;0;0;0;0;1;0
2512;CO;17-12-2025;2;8;1544;17-12-2025 1:45;PE-TOLPANSUR;566689.8359;0;0;1;0;0;0;0;1;0
2512;CO;17-12-2025;3;9;1545;17-12-2025 2:00;PE-TOLPANSUR;565669.3838;0;0;1;0;0;0;0;1;0
2512;CO;17-12-2025;3;10;1546;17-12-2025 2:15;PE-TOLPANSUR;566449.7577;0;0;1;0;0;0;0;1;0
2512;CO;17-12-2025;3;11;1547;17-12-2025 2:30;PE-TOLPANSUR;527486.7006;0;0;1;0;0;0;0;1;0
2512;CO;17-12-2025;3;12;1548;17-12-2025 2:45;PE-TOLPANSUR;447512.3085;0;0;1;0;0;0;0;1;0
2512;CO;17-12-2025;4;13;1549;17-12-2025 3:00;PE-TOLPANSUR;457683.2169;0;0;1;0;0;0;0;1;0
2512;CO;17-12-2025;4;14;1550;17-12-2025 3:15;PE-TOLPANSUR;558766.5844;0;0;1;0;0;0;0;1;0
2512;CO;17-12-2025;4;15;1551;17-12-2025 3:30;PE-TOLPANSUR;564048.784;0;0;1;0;0;0;0;1;0
2512;CO;17-12-2025;4;16;1552;17-12-2025 3:45;PE-TOLPANSUR;566989.9577;0;0;1;0;0;0;0;1;0
2512;CO;17-12-2025;5;17;1553;17-12-2025 4:00;PE-TOLPANSUR;566569.7489;0;0;1;0;0;0;0;1;0
2512;CO;17-12-2025;5;18;1554;17-12-2025 4:15;PE-TOLPANSUR;512486.0735;0;0;1;0;0;0;0;1;0
2512;CO;17-12-2025;5;19;1555;17-12-2025 4:30;PE-TOLPANSUR;453523.6487;0;0;1;0;0;0;0;1;0
2512;CO;17-12-2025;5;20;1556;17-12-2025 4:45;PE-TOLPANSUR;452330.9187;0;0;1;0;0;0;0;1;0
2512;CO;17-12-2025;6;21;1557;17-12-2025 5:00;PE-TOLPANSUR;0;0;0;0;0;0;0;0;0;0
2512;CO;17-12-2025;6;22;1558;17-12-2025 5:15;PE-TOLPANSUR;0;0;0;0;0;0;0;0;0;0
2512;CO;17-12-2025;6;23;1559;17-12-2025 5:30;PE-TOLPANSUR;0;0;0;0;0;0;0;0;0;0
2512;CO;17-12-2025;6;24;1560;17-12-2025 5:45;PE-TOLPANSUR;0;0;0;0;0;0;0;0;0;0
2512;CO;17-12-2025;8;29;1565;17-12-2025 7:00;PE-TOLPANSUR;0;0;0;0;0;0;0;0;0;0
2512;CO;17-12-2025;8;30;1566;17-12-2025 7:15;PE-TOLPANSUR;0;0;0;0;0;0;0;0;0;0
2512;CO;17-12-2025;8;31;1567;17-12-2025 7:30;PE-TOLPANSUR;0;0;0;0;0;0;0;0;0;0
2512;CO;17-12-2025;8;32;1568;17-12-2025 7:45;PE-TOLPANSUR;0;0;0;0;0;0;0;0;0;0
2512;CO;17-12-2025;20;78;1614;17-12-2025 19:15;PE-TOLPANSUR;68850.27349;0;0;0;1;0;0;0;1;0
2512;CO;17-12-2025;20;79;1615;17-12-2025 19:30;PE-TOLPANSUR;83539.16382;0;0;0;1;0;0;0;1;0
2512;CO;17-12-2025;20;80;1616;17-12-2025 19:45;PE-TOLPANSUR;84081.23189;0;0;0;1;0;0;0;1;0
2512;CO;18-12-2025;8;29;1661;18-12-2025 7:00;PE-TOLPANSUR;0;0;0;0;0;0;0;0;0;0
2512;CO;18-12-2025;8;30;1662;18-12-2025 7:15;PE-TOLPANSUR;0;0;0;0;0;0;0;0;0;0
2512;CO;18-12-2025;8;31;1663;18-12-2025 7:30;PE-TOLPANSUR;0;0;0;0;0;0;0;0;0;0
2512;CO;18-12-2025;8;32;1664;18-12-2025 7:45;PE-TOLPANSUR;0;0;0;0;0;0;0;0;0;0
2512;CO;18-12-2025;18;69;1701;18-12-2025 17:00;PE-TOLPANSUR;0;1;0;0;0;0;0;1;0;0
2512;CO;18-12-2025;18;70;1702;18-12-2025 17:15;PE-TOLPANSUR;0;1;0;0;0;0;0;1;0;0
2512;CO;18-12-2025;18;71;1703;18-12-2025 17:30;PE-TOLPANSUR;0;1;0;0;0;0;0;1;0;0
2512;CO;18-12-2025;18;72;1704;18-12-2025 17:45;PE-TOLPANSUR;0;1;0;0;0;0;0;1;0;0
2512;CO;18-12-2025;19;73;1705;18-12-2025 18:00;PE-TOLPANSUR;129285.1345;0;0;1;0;0;0;0;1;0
2512;CO;18-12-2025;19;74;1706;18-12-2025 18:15;PE-TOLPANSUR;113711.9872;0;0;1;0;0;0;0;1;0
2512;CO;18-12-2025;19;75;1707;18-12-2025 18:30;PE-TOLPANSUR;100536.6501;0;0;1;0;0;0;0;1;0
2512;CO;18-12-2025;19;76;1708;18-12-2025 18:45;PE-TOLPANSUR;100546.5869;0;0;1;0;0;0;0;1;0
2512;CO;19-12-2025;6;21;1749;19-12-2025 5:00;PE-TOLPANSUR;0;0;0;0;0;0;0;0;0;0
2512;CO;19-12-2025;6;22;1750;19-12-2025 5:15;PE-TOLPANSUR;0;0;0;0;0;0;0;0;0;0
2512;CO;19-12-2025;6;23;1751;19-12-2025 5:30;PE-TOLPANSUR;0;0;0;0;0;0;0;0;0;0
2512;CO;19-12-2025;6;24;1752;19-12-2025 5:45;PE-TOLPANSUR;0;0;0;0;0;0;0;0;0;0
2512;CO;19-12-2025;7;25;1753;19-12-2025 6:00;PE-TOLPANSUR;0;0;0;0;0;0;0;0;0;0
2512;CO;19-12-2025;7;26;1754;19-12-2025 6:15;PE-TOLPANSUR;0;0;0;0;0;0;0;0;0;0
2512;CO;19-12-2025;7;27;1755;19-12-2025 6:30;PE-TOLPANSUR;0;0;0;0;0;0;0;0;0;0
2512;CO;19-12-2025;7;28;1756;19-12-2025 6:45;PE-TOLPANSUR;0;0;0;0;0;0;0;0;0;0
2512;CO;19-12-2025;8;29;1757;19-12-2025 7:00;PE-TOLPANSUR;0;0;0;0;0;0;0;0;0;0
2512;CO;19-12-2025;8;30;1758;19-12-2025 7:15;PE-TOLPANSUR;0;0;0;0;0;0;0;0;0;0
2512;CO;19-12-2025;8;31;1759;19-12-2025 7:30;PE-TOLPANSUR;0;0;0;0;0;0;0;0;0;0
2512;CO;19-12-2025;8;32;1760;19-12-2025 7:45;PE-TOLPANSUR;0;0;0;0;0;0;0;0;0;0
2512;CO;19-12-2025;20;78;1806;19-12-2025 19:15;PE-TOLPANSUR;72555.25432;0;0;0;1;0;0;0;1;0
2512;CO;19-12-2025;20;79;1807;19-12-2025 19:30;PE-TOLPANSUR;81022.82043;0;0;0;1;0;0;0;1;0
2512;CO;19-12-2025;20;80;1808;19-12-2025 19:45;PE-TOLPANSUR;79415.75433;0;0;0;1;0;0;0;1;0
2512;CO;19-12-2025;21;81;1809;19-12-2025 20:00;PE-TOLPANSUR;65260.98577;0;0;0;1;0;0;0;1;0
2512;CO;19-12-2025;21;82;1810;19-12-2025 20:15;PE-TOLPANSUR;66831.06172;0;0;0;1;0;0;0;1;0
2512;CO;19-12-2025;21;83;1811;19-12-2025 20:30;PE-TOLPANSUR;73890.36804;0;0;0;1;0;0;0;1;0
2512;CO;19-12-2025;21;84;1812;19-12-2025 20:45;PE-TOLPANSUR;73971.6199;0;0;0;1;0;0;0;1;0
2512;CO;20-12-2025;10;40;1864;20-12-2025 9:45;PE-TOLPANSUR;0;1;0;0;0;0;0;1;0;0
2512;CO;20-12-2025;11;41;1865;20-12-2025 10:00;PE-TOLPANSUR;0;1;0;0;0;0;0;1;0;0
2512;CO;20-12-2025;20;80;1904;20-12-2025 19:45;PE-TOLPANSUR;0;0;0;0;0;0;0;0;0;0
2512;CO;20-12-2025;21;81;1905;20-12-2025 20:00;PE-TOLPANSUR;0;0;0;0;0;0;0;0;0;0
2512;CO;20-12-2025;21;82;1906;20-12-2025 20:15;PE-TOLPANSUR;0;0;0;0;0;0;0;0;0;0
2512;CO;20-12-2025;21;83;1907;20-12-2025 20:30;PE-TOLPANSUR;0;0;0;0;0;0;0;0;0;0
2512;CO;20-12-2025;21;84;1908;20-12-2025 20:45;PE-TOLPANSUR;0;0;0;0;0;0;0;0;0;0
2512;CO;22-12-2025;2;5;2021;22-12-2025 1:00;PE-TOLPANSUR;0;0;0;0;0;0;0;0;0;0
2512;CO;22-12-2025;2;6;2022;22-12-2025 1:15;PE-TOLPANSUR;0;0;0;0;0;0;0;0;0;0
2512;CO;22-12-2025;2;7;2023;22-12-2025 1:30;PE-TOLPANSUR;0;0;0;0;0;0;0;0;0;0
2512;CO;22-12-2025;2;8;2024;22-12-2025 1:45;PE-TOLPANSUR;0;0;0;0;0;0;0;0;0;0
2512;CO;22-12-2025;3;9;2025;22-12-2025 2:00;PE-TOLPANSUR;0;0;0;0;0;0;0;0;0;0
2512;CO;22-12-2025;3;10;2026;22-12-2025 2:15;PE-TOLPANSUR;0;0;0;0;0;0;0;0;0;0
2512;CO;22-12-2025;3;11;2027;22-12-2025 2:30;PE-TOLPANSUR;0;0;0;0;0;0;0;0;0;0
2512;CO;22-12-2025;3;12;2028;22-12-2025 2:45;PE-TOLPANSUR;0;0;0;0;0;0;0;0;0;0
2512;CO;22-12-2025;7;25;2041;22-12-2025 6:00;PE-TOLPANSUR;67464.82625;0;0;0;1;0;0;0;1;0
2512;CO;22-12-2025;7;26;2042;22-12-2025 6:15;PE-TOLPANSUR;76419.51513;0;0;0;1;0;0;0;1;0
2512;CO;22-12-2025;7;27;2043;22-12-2025 6:30;PE-TOLPANSUR;62691.788;0;0;0;1;0;0;0;1;0
2512;CO;22-12-2025;7;28;2044;22-12-2025 6:45;PE-TOLPANSUR;55974.88369;0;0;0;1;0;0;0;1;0
2512;CO;22-12-2025;8;29;2045;22-12-2025 7:00;PE-TOLPANSUR;46512.25278;0;0;0;1;0;0;0;1;0
2512;CO;22-12-2025;8;30;2046;22-12-2025 7:15;PE-TOLPANSUR;37340.22035;0;0;0;1;0;0;0;1;0
2512;CO;22-12-2025;8;31;2047;22-12-2025 7:30;PE-TOLPANSUR;7104.943182;0;0;0;1;0;0;0;1;0
2512;CO;22-12-2025;20;79;2095;22-12-2025 19:30;PE-TOLPANSUR;1554.706509;0;0;0;1;0;0;0;1;0
2512;CO;22-12-2025;20;80;2096;22-12-2025 19:45;PE-TOLPANSUR;23390.87568;0;0;0;1;0;0;0;1;0
2512;CO;22-12-2025;21;81;2097;22-12-2025 20:00;PE-TOLPANSUR;86119.07902;0;0;0;1;0;0;0;1;0
2512;CO;22-12-2025;21;82;2098;22-12-2025 20:15;PE-TOLPANSUR;87570.24222;0;0;0;1;0;0;0;1;0
2512;CO;22-12-2025;21;83;2099;22-12-2025 20:30;PE-TOLPANSUR;95303.60613;0;0;0;1;0;0;0;1;0
2512;CO;22-12-2025;21;84;2100;22-12-2025 20:45;PE-TOLPANSUR;96502.99777;0;0;0;1;0;0;0;1;0
2512;CO;23-12-2025;2;5;2117;23-12-2025 1:00;PE-TOLPANSUR;0;0;0;0;0;0;0;0;0;0
2512;CO;23-12-2025;2;6;2118;23-12-2025 1:15;PE-TOLPANSUR;0;0;0;0;0;0;0;0;0;0
2512;CO;23-12-2025;2;7;2119;23-12-2025 1:30;PE-TOLPANSUR;0;0;0;0;0;0;0;0;0;0
2512;CO;23-12-2025;2;8;2120;23-12-2025 1:45;PE-TOLPANSUR;0;0;0;0;0;0;0;0;0;0
2512;CO;23-12-2025;4;13;2125;23-12-2025 3:00;PE-TOLPANSUR;0;0;0;0;0;0;0;0;0;0
2512;CO;23-12-2025;4;14;2126;23-12-2025 3:15;PE-TOLPANSUR;0;0;0;0;0;0;0;0;0;0
2512;CO;23-12-2025;4;15;2127;23-12-2025 3:30;PE-TOLPANSUR;0;0;0;0;0;0;0;0;0;0
2512;CO;23-12-2025;4;16;2128;23-12-2025 3:45;PE-TOLPANSUR;0;0;0;0;0;0;0;0;0;0
2512;CO;23-12-2025;5;17;2129;23-12-2025 4:00;PE-TOLPANSUR;0;0;0;0;0;0;0;0;0;0
2512;CO;23-12-2025;5;18;2130;23-12-2025 4:15;PE-TOLPANSUR;0;0;0;0;0;0;0;0;0;0
2512;CO;23-12-2025;5;19;2131;23-12-2025 4:30;PE-TOLPANSUR;0;0;0;0;0;0;0;0;0;0
2512;CO;23-12-2025;5;20;2132;23-12-2025 4:45;PE-TOLPANSUR;0;0;0;0;0;0;0;0;0;0
2512;CO;23-12-2025;6;21;2133;23-12-2025 5:00;PE-TOLPANSUR;0;1;0;0;0;0;0;1;0;0
2512;CO;23-12-2025;6;22;2134;23-12-2025 5:15;PE-TOLPANSUR;0;1;0;0;0;0;0;1;0;0
2512;CO;23-12-2025;6;23;2135;23-12-2025 5:30;PE-TOLPANSUR;0;1;0;0;0;0;0;1;0;0
2512;CO;23-12-2025;6;24;2136;23-12-2025 5:45;PE-TOLPANSUR;0;1;0;0;0;0;0;1;0;0
2512;CO;23-12-2025;7;25;2137;23-12-2025 6:00;PE-TOLPANSUR;0;0;0;0;0;0;0;0;0;0
2512;CO;23-12-2025;7;26;2138;23-12-2025 6:15;PE-TOLPANSUR;0;0;0;0;0;0;0;0;0;0
2512;CO;23-12-2025;7;27;2139;23-12-2025 6:30;PE-TOLPANSUR;0;0;0;0;0;0;0;0;0;0
2512;CO;23-12-2025;7;28;2140;23-12-2025 6:45;PE-TOLPANSUR;0;0;0;0;0;0;0;0;0;0
2512;CO;23-12-2025;8;29;2141;23-12-2025 7:00;PE-TOLPANSUR;0;0;0;0;1;0;0;0;1;0
2512;CO;23-12-2025;8;30;2142;23-12-2025 7:15;PE-TOLPANSUR;0;0;0;0;1;0;0;0;1;0
2512;CO;23-12-2025;8;31;2143;23-12-2025 7:30;PE-TOLPANSUR;0;0;0;0;1;0;0;0;1;0
2512;CO;24-12-2025;7;25;2233;24-12-2025 6:00;PE-TOLPANSUR;0;0;0;0;0;0;0;0;0;0
2512;CO;24-12-2025;7;26;2234;24-12-2025 6:15;PE-TOLPANSUR;0;0;0;0;0;0;0;0;0;0
2512;CO;24-12-2025;7;27;2235;24-12-2025 6:30;PE-TOLPANSUR;0;0;0;0;0;0;0;0;0;0
2512;CO;24-12-2025;7;28;2236;24-12-2025 6:45;PE-TOLPANSUR;0;0;0;0;0;0;0;0;0;0
2512;CO;24-12-2025;8;29;2237;24-12-2025 7:00;PE-TOLPANSUR;0;0;0;0;0;0;0;0;0;0
2512;CO;24-12-2025;8;30;2238;24-12-2025 7:15;PE-TOLPANSUR;0;0;0;0;0;0;0;0;0;0
2512;CO;24-12-2025;8;31;2239;24-12-2025 7:30;PE-TOLPANSUR;0;0;0;0;0;0;0;0;0;0
2512;CO;24-12-2025;20;79;2287;24-12-2025 19:30;PE-TOLPANSUR;214857.3021;0.152292322;0;0.847707678;0;0;0;0.152292322;0.847707678;0
2512;CO;24-12-2025;20;80;2288;24-12-2025 19:45;PE-TOLPANSUR;458998.5845;0.152292322;0;0.847707678;0;0;0;0.152292322;0.847707678;0
2512;CO;24-12-2025;23;89;2297;24-12-2025 22:00;PE-TOLPANSUR;0;1;0;0;0;0;0;1;0;0
2512;CO;24-12-2025;23;90;2298;24-12-2025 22:15;PE-TOLPANSUR;0;1;0;0;0;0;0;1;0;0
2512;CO;24-12-2025;23;91;2299;24-12-2025 22:30;PE-TOLPANSUR;0;1;0;0;0;0;0;1;0;0
2512;CO;24-12-2025;23;92;2300;24-12-2025 22:45;PE-TOLPANSUR;0;1;0;0;0;0;0;1;0;0
2512;CO;25-12-2025;1;1;2301;25-12-2025 0:00;PE-TOLPANSUR;408905.2683;0.44149766;0;0.55850234;0;0;0;0.44149766;0.55850234;0
2512;CO;25-12-2025;1;2;2302;25-12-2025 0:15;PE-TOLPANSUR;411496.2826;0.44149766;0;0.55850234;0;0;0;0.44149766;0.55850234;0
2512;CO;25-12-2025;1;3;2303;25-12-2025 0:30;PE-TOLPANSUR;406922.2962;0.44149766;0;0.55850234;0;0;0;0.44149766;0.55850234;0
2512;CO;25-12-2025;1;4;2304;25-12-2025 0:45;PE-TOLPANSUR;366165.9443;0.44149766;0;0.55850234;0;0;0;0.44149766;0.55850234;0
2512;CO;25-12-2025;3;9;2309;25-12-2025 2:00;PE-TOLPANSUR;0;0.43338438;0;0.56661562;0;0;0;0.43338438;0.56661562;0
2512;CO;25-12-2025;3;10;2310;25-12-2025 2:15;PE-TOLPANSUR;0;0.43338438;0;0.56661562;0;0;0;0.43338438;0.56661562;0
2512;CO;25-12-2025;3;11;2311;25-12-2025 2:30;PE-TOLPANSUR;0;0.43338438;0;0.56661562;0;0;0;0.43338438;0.56661562;0
2512;CO;25-12-2025;3;12;2312;25-12-2025 2:45;PE-TOLPANSUR;0;0.43338438;0;0.56661562;0;0;0;0.43338438;0.56661562;0
2512;CO;25-12-2025;4;13;2313;25-12-2025 3:00;PE-TOLPANSUR;0;0.42556391;0;0.57443609;0;0;0;0.42556391;0.57443609;0
2512;CO;25-12-2025;4;14;2314;25-12-2025 3:15;PE-TOLPANSUR;0;0.42556391;0;0.57443609;0;0;0;0.42556391;0.57443609;0
2512;CO;25-12-2025;4;15;2315;25-12-2025 3:30;PE-TOLPANSUR;0;0.42556391;0;0.57443609;0;0;0;0.42556391;0.57443609;0
2512;CO;25-12-2025;4;16;2316;25-12-2025 3:45;PE-TOLPANSUR;0;0.42556391;0;0.57443609;0;0;0;0.42556391;0.57443609;0
2512;CO;25-12-2025;5;17;2317;25-12-2025 4:00;PE-TOLPANSUR;0;0.421758569;0;0.578241431;0;0;0;0.421758569;0.578241431;0
2512;CO;25-12-2025;5;18;2318;25-12-2025 4:15;PE-TOLPANSUR;0;0.421758569;0;0.578241431;0;0;0;0.421758569;0.578241431;0
2512;CO;25-12-2025;5;19;2319;25-12-2025 4:30;PE-TOLPANSUR;0;0.421758569;0;0.578241431;0;0;0;0.421758569;0.578241431;0
2512;CO;25-12-2025;5;20;2320;25-12-2025 4:45;PE-TOLPANSUR;0;0.421758569;0;0.578241431;0;0;0;0.421758569;0.578241431;0
2512;CO;25-12-2025;6;21;2321;25-12-2025 5:00;PE-TOLPANSUR;0;0.593745046;0;0.406254954;0;0;0;0.593745046;0.406254954;0
2512;CO;25-12-2025;6;22;2322;25-12-2025 5:15;PE-TOLPANSUR;0;0.593745046;0;0.406254954;0;0;0;0.593745046;0.406254954;0
2512;CO;25-12-2025;6;23;2323;25-12-2025 5:30;PE-TOLPANSUR;0;0.593745046;0;0.406254954;0;0;0;0.593745046;0.406254954;0
2512;CO;25-12-2025;6;24;2324;25-12-2025 5:45;PE-TOLPANSUR;0;0.593745046;0;0.406254954;0;0;0;0.593745046;0.406254954;0
2512;CO;25-12-2025;7;25;2325;25-12-2025 6:00;PE-TOLPANSUR;0;0.573222605;0;0.426777395;0;0;0;0.573222605;0.426777395;0
2512;CO;25-12-2025;7;26;2326;25-12-2025 6:15;PE-TOLPANSUR;0;0.573222605;0;0.426777395;0;0;0;0.573222605;0.426777395;0
2512;CO;25-12-2025;7;27;2327;25-12-2025 6:30;PE-TOLPANSUR;0;0.573222605;0;0.426777395;0;0;0;0.573222605;0.426777395;0
2512;CO;25-12-2025;7;28;2328;25-12-2025 6:45;PE-TOLPANSUR;0;0.573222605;0;0.426777395;0;0;0;0.573222605;0.426777395;0
2512;CO;25-12-2025;8;29;2329;25-12-2025 7:00;PE-TOLPANSUR;260405.7614;0;0;0.891523935;0.108476065;0;0;0;1;0
2512;CO;25-12-2025;8;30;2330;25-12-2025 7:15;PE-TOLPANSUR;231832.7821;0;0;0.891523935;0.108476065;0;0;0;1;0
2512;CO;25-12-2025;8;31;2331;25-12-2025 7:30;PE-TOLPANSUR;42910.98552;0;0;0.891523935;0.108476065;0;0;0;1;0
2512;CO;25-12-2025;20;80;2380;25-12-2025 19:45;PE-TOLPANSUR;0;1;0;0;0;0;0;1;0;0
2512;CO;25-12-2025;21;81;2381;25-12-2025 20:00;PE-TOLPANSUR;0;1;0;0;0;0;0;1;0;0
2512;CO;25-12-2025;21;82;2382;25-12-2025 20:15;PE-TOLPANSUR;0;1;0;0;0;0;0;1;0;0
2512;CO;25-12-2025;21;83;2383;25-12-2025 20:30;PE-TOLPANSUR;0;1;0;0;0;0;0;1;0;0
2512;CO;25-12-2025;21;84;2384;25-12-2025 20:45;PE-TOLPANSUR;0;1;0;0;0;0;0;1;0;0
2512;CO;25-12-2025;22;85;2385;25-12-2025 21:00;PE-TOLPANSUR;534573.7635;0;0;1;0;0;0;0;1;0
2512;CO;25-12-2025;22;86;2386;25-12-2025 21:15;PE-TOLPANSUR;551180.4926;0;0;1;0;0;0;0;1;0
2512;CO;25-12-2025;22;87;2387;25-12-2025 21:30;PE-TOLPANSUR;568237.0877;0;0;1;0;0;0;0;1;0
2512;CO;25-12-2025;22;88;2388;25-12-2025 21:45;PE-TOLPANSUR;569027.6573;0;0;1;0;0;0;0;1;0
2512;CO;25-12-2025;23;89;2389;25-12-2025 22:00;PE-TOLPANSUR;351817.6854;0;0;1;0;0;0;0;1;0
2512;CO;25-12-2025;23;90;2390;25-12-2025 22:15;PE-TOLPANSUR;351440.1986;0;0;1;0;0;0;0;1;0
2512;CO;25-12-2025;23;91;2391;25-12-2025 22:30;PE-TOLPANSUR;353025.6431;0;0;1;0;0;0;0;1;0
2512;CO;25-12-2025;23;92;2392;25-12-2025 22:45;PE-TOLPANSUR;352572.659;0;0;1;0;0;0;0;1;0
2512;CO;25-12-2025;24;93;2393;25-12-2025 23:00;PE-TOLPANSUR;183971.1455;0;0;1;0;0;0;0;1;0
2512;CO;25-12-2025;24;94;2394;25-12-2025 23:15;PE-TOLPANSUR;183674.7684;0;0;1;0;0;0;0;1;0
2512;CO;25-12-2025;24;95;2395;25-12-2025 23:30;PE-TOLPANSUR;171195.0503;0;0;1;0;0;0;0;1;0
2512;CO;25-12-2025;24;96;2396;25-12-2025 23:45;PE-TOLPANSUR;168374.9427;0;0;1;0;0;0;0;1;0
2512;CO;26-12-2025;1;1;2397;26-12-2025 0:00;PE-TOLPANSUR;579278.3282;0.407839746;0;0.592160254;0;0;0;0.407839746;0.592160254;0
2512;CO;26-12-2025;1;2;2398;26-12-2025 0:15;PE-TOLPANSUR;573343.9836;0.407839746;0;0.592160254;0;0;0;0.407839746;0.592160254;0
2512;CO;26-12-2025;1;3;2399;26-12-2025 0:30;PE-TOLPANSUR;475799.1026;0.407839746;0;0.592160254;0;0;0;0.407839746;0.592160254;0
2512;CO;26-12-2025;1;4;2400;26-12-2025 0:45;PE-TOLPANSUR;470872.997;0.407839746;0;0.592160254;0;0;0;0.407839746;0.592160254;0
2512;CO;26-12-2025;2;5;2401;26-12-2025 1:00;PE-TOLPANSUR;430776.5759;0.427880254;0;0.572119746;0;0;0;0.427880254;0.572119746;0
2512;CO;26-12-2025;2;6;2402;26-12-2025 1:15;PE-TOLPANSUR;431758.7475;0.427880254;0;0.572119746;0;0;0;0.427880254;0.572119746;0
2512;CO;26-12-2025;2;7;2403;26-12-2025 1:30;PE-TOLPANSUR;432460.2619;0.427880254;0;0.572119746;0;0;0;0.427880254;0.572119746;0
2512;CO;26-12-2025;2;8;2404;26-12-2025 1:45;PE-TOLPANSUR;432366.7095;0.427880254;0;0.572119746;0;0;0;0.427880254;0.572119746;0
2512;CO;26-12-2025;3;9;2405;26-12-2025 2:00;PE-TOLPANSUR;371276.2205;0.466611707;0;0.533388293;0;0;0;0.466611707;0.533388293;0
2512;CO;26-12-2025;3;10;2406;26-12-2025 2:15;PE-TOLPANSUR;347750.4029;0.466611707;0;0.533388293;0;0;0;0.466611707;0.533388293;0
2512;CO;26-12-2025;3;11;2407;26-12-2025 2:30;PE-TOLPANSUR;344384.0841;0.466611707;0;0.533388293;0;0;0;0.466611707;0.533388293;0
2512;CO;26-12-2025;3;12;2408;26-12-2025 2:45;PE-TOLPANSUR;376035.251;0.466611707;0;0.533388293;0;0;0;0.466611707;0.533388293;0
2512;CO;26-12-2025;5;17;2413;26-12-2025 4:00;PE-TOLPANSUR;0;0.495221914;0;0.504778086;0;0;0;0.495221914;0.504778086;0
2512;CO;26-12-2025;5;18;2414;26-12-2025 4:15;PE-TOLPANSUR;0;0.495221914;0;0.504778086;0;0;0;0.495221914;0.504778086;0
2512;CO;26-12-2025;5;19;2415;26-12-2025 4:30;PE-TOLPANSUR;0;0.495221914;0;0.504778086;0;0;0;0.495221914;0.504778086;0
2512;CO;26-12-2025;5;20;2416;26-12-2025 4:45;PE-TOLPANSUR;0;0.495221914;0;0.504778086;0;0;0;0.495221914;0.504778086;0
2512;CO;27-12-2025;3;9;2501;27-12-2025 2:00;PE-TOLPANSUR;0;1;0;0;0;0;0;1;0;0
2512;CO;27-12-2025;3;10;2502;27-12-2025 2:15;PE-TOLPANSUR;0;1;0;0;0;0;0;1;0;0
2512;CO;27-12-2025;3;11;2503;27-12-2025 2:30;PE-TOLPANSUR;0;1;0;0;0;0;0;1;0;0
2512;CO;27-12-2025;3;12;2504;27-12-2025 2:45;PE-TOLPANSUR;0;1;0;0;0;0;0;1;0;0
2512;CO;27-12-2025;6;21;2513;27-12-2025 5:00;PE-TOLPANSUR;0;1;0;0;0;0;0;1;0;0
2512;CO;27-12-2025;6;22;2514;27-12-2025 5:15;PE-TOLPANSUR;0;1;0;0;0;0;0;1;0;0
2512;CO;27-12-2025;6;23;2515;27-12-2025 5:30;PE-TOLPANSUR;0;1;0;0;0;0;0;1;0;0
2512;CO;27-12-2025;6;24;2516;27-12-2025 5:45;PE-TOLPANSUR;0;1;0;0;0;0;0;1;0;0
2512;CO;27-12-2025;7;25;2517;27-12-2025 6:00;PE-TOLPANSUR;0;1;0;0;0;0;0;1;0;0
2512;CO;27-12-2025;7;26;2518;27-12-2025 6:15;PE-TOLPANSUR;0;1;0;0;0;0;0;1;0;0
2512;CO;27-12-2025;7;27;2519;27-12-2025 6:30;PE-TOLPANSUR;0;1;0;0;0;0;0;1;0;0
2512;CO;27-12-2025;7;28;2520;27-12-2025 6:45;PE-TOLPANSUR;0;1;0;0;0;0;0;1;0;0
2512;CO;27-12-2025;8;29;2521;27-12-2025 7:00;PE-TOLPANSUR;0;0;0;0;0;0;0;0;0;0
2512;CO;27-12-2025;8;30;2522;27-12-2025 7:15;PE-TOLPANSUR;0;0;0;0;0;0;0;0;0;0
2512;CO;27-12-2025;8;31;2523;27-12-2025 7:30;PE-TOLPANSUR;0;0;0;0;0;0;0;0;0;0
2512;CO;27-12-2025;20;80;2572;27-12-2025 19:45;PE-TOLPANSUR;0;1;0;0;0;0;0;1;0;0
2512;CO;27-12-2025;22;85;2577;27-12-2025 21:00;PE-TOLPANSUR;0;1;0;0;0;0;0;1;0;0
2512;CO;27-12-2025;22;86;2578;27-12-2025 21:15;PE-TOLPANSUR;0;1;0;0;0;0;0;1;0;0
2512;CO;27-12-2025;22;87;2579;27-12-2025 21:30;PE-TOLPANSUR;0;1;0;0;0;0;0;1;0;0
2512;CO;27-12-2025;22;88;2580;27-12-2025 21:45;PE-TOLPANSUR;0;1;0;0;0;0;0;1;0;0
2512;CO;27-12-2025;23;89;2581;27-12-2025 22:00;PE-TOLPANSUR;0;1;0;0;0;0;0;1;0;0
2512;CO;27-12-2025;23;90;2582;27-12-2025 22:15;PE-TOLPANSUR;0;1;0;0;0;0;0;1;0;0
2512;CO;27-12-2025;23;91;2583;27-12-2025 22:30;PE-TOLPANSUR;0;1;0;0;0;0;0;1;0;0
2512;CO;27-12-2025;23;92;2584;27-12-2025 22:45;PE-TOLPANSUR;0;1;0;0;0;0;0;1;0;0
2512;CO;27-12-2025;24;93;2585;27-12-2025 23:00;PE-TOLPANSUR;0;1;0;0;0;0;0;1;0;0
2512;CO;27-12-2025;24;94;2586;27-12-2025 23:15;PE-TOLPANSUR;0;1;0;0;0;0;0;1;0;0
2512;CO;27-12-2025;24;95;2587;27-12-2025 23:30;PE-TOLPANSUR;0;1;0;0;0;0;0;1;0;0
2512;CO;27-12-2025;24;96;2588;27-12-2025 23:45;PE-TOLPANSUR;0;1;0;0;0;0;0;1;0;0
2512;CO;28-12-2025;1;1;2589;28-12-2025 0:00;PE-TOLPANSUR;0;1;0;0;0;0;0;1;0;0
2512;CO;28-12-2025;1;2;2590;28-12-2025 0:15;PE-TOLPANSUR;0;1;0;0;0;0;0;1;0;0
2512;CO;28-12-2025;1;3;2591;28-12-2025 0:30;PE-TOLPANSUR;0;1;0;0;0;0;0;1;0;0
2512;CO;28-12-2025;1;4;2592;28-12-2025 0:45;PE-TOLPANSUR;0;1;0;0;0;0;0;1;0;0
2512;CO;28-12-2025;2;5;2593;28-12-2025 1:00;PE-TOLPANSUR;158290.8366;0.663384904;0;0.336615096;0;0;0;0.663384904;0.336615096;0
2512;CO;28-12-2025;2;6;2594;28-12-2025 1:15;PE-TOLPANSUR;147210.8426;0.663384904;0;0.336615096;0;0;0;0.663384904;0.336615096;0
2512;CO;28-12-2025;2;7;2595;28-12-2025 1:30;PE-TOLPANSUR;146050.6562;0.663384904;0;0.336615096;0;0;0;0.663384904;0.336615096;0
2512;CO;28-12-2025;2;8;2596;28-12-2025 1:45;PE-TOLPANSUR;145971.2809;0.663384904;0;0.336615096;0;0;0;0.663384904;0.336615096;0
2512;CO;28-12-2025;3;9;2597;28-12-2025 2:00;PE-TOLPANSUR;0;1;0;0;0;0;0;1;0;0
2512;CO;28-12-2025;3;10;2598;28-12-2025 2:15;PE-TOLPANSUR;0;1;0;0;0;0;0;1;0;0
2512;CO;28-12-2025;3;11;2599;28-12-2025 2:30;PE-TOLPANSUR;0;1;0;0;0;0;0;1;0;0
2512;CO;28-12-2025;3;12;2600;28-12-2025 2:45;PE-TOLPANSUR;0;1;0;0;0;0;0;1;0;0
2512;CO;28-12-2025;4;13;2601;28-12-2025 3:00;PE-TOLPANSUR;0;1;0;0;0;0;0;1;0;0
2512;CO;28-12-2025;4;14;2602;28-12-2025 3:15;PE-TOLPANSUR;0;1;0;0;0;0;0;1;0;0
2512;CO;28-12-2025;4;15;2603;28-12-2025 3:30;PE-TOLPANSUR;0;1;0;0;0;0;0;1;0;0
2512;CO;28-12-2025;4;16;2604;28-12-2025 3:45;PE-TOLPANSUR;0;1;0;0;0;0;0;1;0;0
2512;CO;28-12-2025;5;17;2605;28-12-2025 4:00;PE-TOLPANSUR;0;1;0;0;0;0;0;1;0;0
2512;CO;28-12-2025;5;18;2606;28-12-2025 4:15;PE-TOLPANSUR;0;1;0;0;0;0;0;1;0;0
2512;CO;28-12-2025;5;19;2607;28-12-2025 4:30;PE-TOLPANSUR;0;1;0;0;0;0;0;1;0;0
2512;CO;28-12-2025;5;20;2608;28-12-2025 4:45;PE-TOLPANSUR;0;1;0;0;0;0;0;1;0;0
2512;CO;28-12-2025;6;21;2609;28-12-2025 5:00;PE-TOLPANSUR;0;1;0;0;0;0;0;1;0;0
2512;CO;28-12-2025;6;22;2610;28-12-2025 5:15;PE-TOLPANSUR;0;1;0;0;0;0;0;1;0;0
2512;CO;28-12-2025;6;23;2611;28-12-2025 5:30;PE-TOLPANSUR;0;1;0;0;0;0;0;1;0;0
2512;CO;28-12-2025;6;24;2612;28-12-2025 5:45;PE-TOLPANSUR;0;1;0;0;0;0;0;1;0;0
2512;CO;28-12-2025;7;25;2613;28-12-2025 6:00;PE-TOLPANSUR;8559.147313;0.973460121;0;0.026539879;0;0;0;0.973460121;0.026539879;0
2512;CO;28-12-2025;7;26;2614;28-12-2025 6:15;PE-TOLPANSUR;8582.138466;0.973460121;0;0.026539879;0;0;0;0.973460121;0.026539879;0
2512;CO;28-12-2025;7;27;2615;28-12-2025 6:30;PE-TOLPANSUR;8573.860254;0.973460121;0;0.026539879;0;0;0;0.973460121;0.026539879;0
2512;CO;28-12-2025;7;28;2616;28-12-2025 6:45;PE-TOLPANSUR;7909.098198;0.973460121;0;0.026539879;0;0;0;0.973460121;0.026539879;0
2512;CO;28-12-2025;8;29;2617;28-12-2025 7:00;PE-TOLPANSUR;120340.453;0.644392495;0;0.355607505;0;0;0;0.644392495;0.355607505;0
2512;CO;28-12-2025;8;30;2618;28-12-2025 7:15;PE-TOLPANSUR;76119.95265;0.644392495;0;0.355607505;0;0;0;0.644392495;0.355607505;0
2512;CO;28-12-2025;20;80;2668;28-12-2025 19:45;PE-TOLPANSUR;0;1;0;0;0;0;0;1;0;0
2512;CO;28-12-2025;23;89;2677;28-12-2025 22:00;PE-TOLPANSUR;0;1;0;0;0;0;0;1;0;0
2512;CO;28-12-2025;23;90;2678;28-12-2025 22:15;PE-TOLPANSUR;0;1;0;0;0;0;0;1;0;0
2512;CO;28-12-2025;23;91;2679;28-12-2025 22:30;PE-TOLPANSUR;0;1;0;0;0;0;0;1;0;0
2512;CO;28-12-2025;23;92;2680;28-12-2025 22:45;PE-TOLPANSUR;0;1;0;0;0;0;0;1;0;0
2512;CO;28-12-2025;24;93;2681;28-12-2025 23:00;PE-TOLPANSUR;0;1;0;0;0;0;0;1;0;0
2512;CO;28-12-2025;24;94;2682;28-12-2025 23:15;PE-TOLPANSUR;0;1;0;0;0;0;0;1;0;0
2512;CO;28-12-2025;24;95;2683;28-12-2025 23:30;PE-TOLPANSUR;0;1;0;0;0;0;0;1;0;0
2512;CO;28-12-2025;24;96;2684;28-12-2025 23:45;PE-TOLPANSUR;0;1;0;0;0;0;0;1;0;0
2512;CO;29-12-2025;1;1;2685;29-12-2025 0:00;PE-TOLPANSUR;0;1;0;0;0;0;0;1;0;0
2512;CO;29-12-2025;1;2;2686;29-12-2025 0:15;PE-TOLPANSUR;0;1;0;0;0;0;0;1;0;0
2512;CO;29-12-2025;1;3;2687;29-12-2025 0:30;PE-TOLPANSUR;0;1;0;0;0;0;0;1;0;0
2512;CO;29-12-2025;1;4;2688;29-12-2025 0:45;PE-TOLPANSUR;0;1;0;0;0;0;0;1;0;0
2512;CO;29-12-2025;2;5;2689;29-12-2025 1:00;PE-TOLPANSUR;0;1;0;0;0;0;0;1;0;0
2512;CO;29-12-2025;2;6;2690;29-12-2025 1:15;PE-TOLPANSUR;0;1;0;0;0;0;0;1;0;0
2512;CO;29-12-2025;2;7;2691;29-12-2025 1:30;PE-TOLPANSUR;0;1;0;0;0;0;0;1;0;0
2512;CO;29-12-2025;2;8;2692;29-12-2025 1:45;PE-TOLPANSUR;0;1;0;0;0;0;0;1;0;0
2512;CO;29-12-2025;3;9;2693;29-12-2025 2:00;PE-TOLPANSUR;0;1;0;0;0;0;0;1;0;0
2512;CO;29-12-2025;3;10;2694;29-12-2025 2:15;PE-TOLPANSUR;0;1;0;0;0;0;0;1;0;0
2512;CO;29-12-2025;3;11;2695;29-12-2025 2:30;PE-TOLPANSUR;0;1;0;0;0;0;0;1;0;0
2512;CO;29-12-2025;3;12;2696;29-12-2025 2:45;PE-TOLPANSUR;0;1;0;0;0;0;0;1;0;0
2512;CO;29-12-2025;4;13;2697;29-12-2025 3:00;PE-TOLPANSUR;0;1;0;0;0;0;0;1;0;0
2512;CO;29-12-2025;4;14;2698;29-12-2025 3:15;PE-TOLPANSUR;0;1;0;0;0;0;0;1;0;0
2512;CO;29-12-2025;4;15;2699;29-12-2025 3:30;PE-TOLPANSUR;0;1;0;0;0;0;0;1;0;0
2512;CO;29-12-2025;4;16;2700;29-12-2025 3:45;PE-TOLPANSUR;0;1;0;0;0;0;0;1;0;0
2512;CO;29-12-2025;5;17;2701;29-12-2025 4:00;PE-TOLPANSUR;0;1;0;0;0;0;0;1;0;0
2512;CO;29-12-2025;5;18;2702;29-12-2025 4:15;PE-TOLPANSUR;0;1;0;0;0;0;0;1;0;0
2512;CO;29-12-2025;5;19;2703;29-12-2025 4:30;PE-TOLPANSUR;0;1;0;0;0;0;0;1;0;0
2512;CO;29-12-2025;5;20;2704;29-12-2025 4:45;PE-TOLPANSUR;0;1;0;0;0;0;0;1;0;0
2512;CO;29-12-2025;6;21;2705;29-12-2025 5:00;PE-TOLPANSUR;0;1;0;0;0;0;0;1;0;0
2512;CO;29-12-2025;6;22;2706;29-12-2025 5:15;PE-TOLPANSUR;0;1;0;0;0;0;0;1;0;0
2512;CO;29-12-2025;6;23;2707;29-12-2025 5:30;PE-TOLPANSUR;0;1;0;0;0;0;0;1;0;0
2512;CO;29-12-2025;6;24;2708;29-12-2025 5:45;PE-TOLPANSUR;0;1;0;0;0;0;0;1;0;0
2512;CO;29-12-2025;7;25;2709;29-12-2025 6:00;PE-TOLPANSUR;0;1;0;0;0;0;0;1;0;0
2512;CO;29-12-2025;7;26;2710;29-12-2025 6:15;PE-TOLPANSUR;0;1;0;0;0;0;0;1;0;0
2512;CO;29-12-2025;7;27;2711;29-12-2025 6:30;PE-TOLPANSUR;0;1;0;0;0;0;0;1;0;0
2512;CO;29-12-2025;7;28;2712;29-12-2025 6:45;PE-TOLPANSUR;0;1;0;0;0;0;0;1;0;0
2512;CO;29-12-2025;8;29;2713;29-12-2025 7:00;PE-TOLPANSUR;76478.94603;0.676481551;0;0;0.323518449;0;0;0.676481551;0.323518449;0
2512;CO;29-12-2025;8;30;2714;29-12-2025 7:15;PE-TOLPANSUR;76536.04422;0.676481551;0;0;0.323518449;0;0;0.676481551;0.323518449;0
2512;CO;29-12-2025;8;31;2715;29-12-2025 7:30;PE-TOLPANSUR;33495.62296;0.676481551;0;0;0.323518449;0;0;0.676481551;0.323518449;0
2512;CO;29-12-2025;23;89;2773;29-12-2025 22:00;PE-TOLPANSUR;0;1;0;0;0;0;0;1;0;0
2512;CO;29-12-2025;23;90;2774;29-12-2025 22:15;PE-TOLPANSUR;0;1;0;0;0;0;0;1;0;0
2512;CO;29-12-2025;23;91;2775;29-12-2025 22:30;PE-TOLPANSUR;0;1;0;0;0;0;0;1;0;0
2512;CO;29-12-2025;23;92;2776;29-12-2025 22:45;PE-TOLPANSUR;0;1;0;0;0;0;0;1;0;0
2512;CO;29-12-2025;24;93;2777;29-12-2025 23:00;PE-TOLPANSUR;0;1;0;0;0;0;0;1;0;0
2512;CO;29-12-2025;24;94;2778;29-12-2025 23:15;PE-TOLPANSUR;0;1;0;0;0;0;0;1;0;0
2512;CO;29-12-2025;24;95;2779;29-12-2025 23:30;PE-TOLPANSUR;0;1;0;0;0;0;0;1;0;0
2512;CO;29-12-2025;24;96;2780;29-12-2025 23:45;PE-TOLPANSUR;0;1;0;0;0;0;0;1;0;0
2512;CO;30-12-2025;1;1;2781;30-12-2025 0:00;PE-TOLPANSUR;0;1;0;0;0;0;0;1;0;0
2512;CO;30-12-2025;1;2;2782;30-12-2025 0:15;PE-TOLPANSUR;0;1;0;0;0;0;0;1;0;0
2512;CO;30-12-2025;1;3;2783;30-12-2025 0:30;PE-TOLPANSUR;0;1;0;0;0;0;0;1;0;0
2512;CO;30-12-2025;1;4;2784;30-12-2025 0:45;PE-TOLPANSUR;0;1;0;0;0;0;0;1;0;0
2512;CO;30-12-2025;2;5;2785;30-12-2025 1:00;PE-TOLPANSUR;228403.3805;0.570564516;0;0.429435484;0;0;0;0.570564516;0.429435484;0
2512;CO;30-12-2025;2;6;2786;30-12-2025 1:15;PE-TOLPANSUR;216832.7627;0.570564516;0;0.429435484;0;0;0;0.570564516;0.429435484;0
2512;CO;30-12-2025;2;7;2787;30-12-2025 1:30;PE-TOLPANSUR;214446.3889;0.570564516;0;0.429435484;0;0;0;0.570564516;0.429435484;0
2512;CO;30-12-2025;2;8;2788;30-12-2025 1:45;PE-TOLPANSUR;227817.9618;0.570564516;0;0.429435484;0;0;0;0.570564516;0.429435484;0
2512;CO;30-12-2025;3;9;2789;30-12-2025 2:00;PE-TOLPANSUR;0;1;0;0;0;0;0;1;0;0
2512;CO;30-12-2025;3;10;2790;30-12-2025 2:15;PE-TOLPANSUR;0;1;0;0;0;0;0;1;0;0
2512;CO;30-12-2025;3;11;2791;30-12-2025 2:30;PE-TOLPANSUR;0;1;0;0;0;0;0;1;0;0
2512;CO;30-12-2025;3;12;2792;30-12-2025 2:45;PE-TOLPANSUR;0;1;0;0;0;0;0;1;0;0
2512;CO;30-12-2025;4;13;2793;30-12-2025 3:00;PE-TOLPANSUR;0;1;0;0;0;0;0;1;0;0
2512;CO;30-12-2025;4;14;2794;30-12-2025 3:15;PE-TOLPANSUR;0;1;0;0;0;0;0;1;0;0
2512;CO;30-12-2025;4;15;2795;30-12-2025 3:30;PE-TOLPANSUR;0;1;0;0;0;0;0;1;0;0
2512;CO;30-12-2025;4;16;2796;30-12-2025 3:45;PE-TOLPANSUR;0;1;0;0;0;0;0;1;0;0
2512;CO;30-12-2025;5;17;2797;30-12-2025 4:00;PE-TOLPANSUR;0;1;0;0;0;0;0;1;0;0
2512;CO;30-12-2025;5;18;2798;30-12-2025 4:15;PE-TOLPANSUR;0;1;0;0;0;0;0;1;0;0
2512;CO;30-12-2025;5;19;2799;30-12-2025 4:30;PE-TOLPANSUR;0;1;0;0;0;0;0;1;0;0
2512;CO;30-12-2025;5;20;2800;30-12-2025 4:45;PE-TOLPANSUR;0;1;0;0;0;0;0;1;0;0
2512;CO;30-12-2025;6;21;2801;30-12-2025 5:00;PE-TOLPANSUR;237757.9145;0.544230769;0;0.455769231;0;0;0;0.544230769;0.455769231;0
2512;CO;30-12-2025;6;22;2802;30-12-2025 5:15;PE-TOLPANSUR;238115.2257;0.544230769;0;0.455769231;0;0;0;0.544230769;0.455769231;0
2512;CO;30-12-2025;6;23;2803;30-12-2025 5:30;PE-TOLPANSUR;237706.8931;0.544230769;0;0.455769231;0;0;0;0.544230769;0.455769231;0
2512;CO;30-12-2025;6;24;2804;30-12-2025 5:45;PE-TOLPANSUR;306668.055;0.544230769;0;0.455769231;0;0;0;0.544230769;0.455769231;0
2512;CO;30-12-2025;7;25;2805;30-12-2025 6:00;PE-TOLPANSUR;0;1;0;0;0;0;0;1;0;0
2512;CO;30-12-2025;7;26;2806;30-12-2025 6:15;PE-TOLPANSUR;0;1;0;0;0;0;0;1;0;0
2512;CO;30-12-2025;7;27;2807;30-12-2025 6:30;PE-TOLPANSUR;0;1;0;0;0;0;0;1;0;0
2512;CO;30-12-2025;7;28;2808;30-12-2025 6:45;PE-TOLPANSUR;0;1;0;0;0;0;0;1;0;0
2512;CO;30-12-2025;8;29;2809;30-12-2025 7:00;PE-TOLPANSUR;0;0;0;0;0;0;0;0;0;0
2512;CO;30-12-2025;8;30;2810;30-12-2025 7:15;PE-TOLPANSUR;0;0;0;0;0;0;0;0;0;0
2512;CO;30-12-2025;8;31;2811;30-12-2025 7:30;PE-TOLPANSUR;0;0;0;0;0;0;0;0;0;0
2512;CO;30-12-2025;8;32;2812;30-12-2025 7:45;PE-TOLPANSUR;0;0;0;0;0;0;0;0;0;0
2512;CO;30-12-2025;20;80;2860;30-12-2025 19:45;PE-TOLPANSUR;0;1;0;0;0;0;0;1;0;0
2512;CO;30-12-2025;22;85;2865;30-12-2025 21:00;PE-TOLPANSUR;0;1;0;0;0;0;0;1;0;0
2512;CO;30-12-2025;22;86;2866;30-12-2025 21:15;PE-TOLPANSUR;0;1;0;0;0;0;0;1;0;0
2512;CO;30-12-2025;22;87;2867;30-12-2025 21:30;PE-TOLPANSUR;0;1;0;0;0;0;0;1;0;0
2512;CO;30-12-2025;22;88;2868;30-12-2025 21:45;PE-TOLPANSUR;0;1;0;0;0;0;0;1;0;0
2512;CO;30-12-2025;24;93;2873;30-12-2025 23:00;PE-TOLPANSUR;0;1;0;0;0;0;0;1;0;0
2512;CO;30-12-2025;24;94;2874;30-12-2025 23:15;PE-TOLPANSUR;0;1;0;0;0;0;0;1;0;0
2512;CO;30-12-2025;24;95;2875;30-12-2025 23:30;PE-TOLPANSUR;0;1;0;0;0;0;0;1;0;0
2512;CO;30-12-2025;24;96;2876;30-12-2025 23:45;PE-TOLPANSUR;0;1;0;0;0;0;0;1;0;0
2512;CO;31-12-2025;1;1;2877;31-12-2025 0:00;PE-TOLPANSUR;0;1;0;0;0;0;0;1;0;0
2512;CO;31-12-2025;1;2;2878;31-12-2025 0:15;PE-TOLPANSUR;0;1;0;0;0;0;0;1;0;0
2512;CO;31-12-2025;1;3;2879;31-12-2025 0:30;PE-TOLPANSUR;0;1;0;0;0;0;0;1;0;0
2512;CO;31-12-2025;1;4;2880;31-12-2025 0:45;PE-TOLPANSUR;0;1;0;0;0;0;0;1;0;0
2512;CO;31-12-2025;2;5;2881;31-12-2025 1:00;PE-TOLPANSUR;453092.6937;0.416421424;0;0.583578576;0;0;0;0.416421424;0.583578576;0
2512;CO;31-12-2025;2;6;2882;31-12-2025 1:15;PE-TOLPANSUR;453624.2748;0.416421424;0;0.583578576;0;0;0;0.416421424;0.583578576;0
2512;CO;31-12-2025;2;7;2883;31-12-2025 1:30;PE-TOLPANSUR;452851.1152;0.416421424;0;0.583578576;0;0;0;0.416421424;0.583578576;0
2512;CO;31-12-2025;2;8;2884;31-12-2025 1:45;PE-TOLPANSUR;453334.3626;0.416421424;0;0.583578576;0;0;0;0.416421424;0.583578576;0
2512;CO;31-12-2025;3;9;2885;31-12-2025 2:00;PE-TOLPANSUR;470686.8858;0.420130641;0;0.579869359;0;0;0;0.420130641;0.579869359;0
2512;CO;31-12-2025;3;10;2886;31-12-2025 2:15;PE-TOLPANSUR;522783.9162;0.420130641;0;0.579869359;0;0;0;0.420130641;0.579869359;0
2512;CO;31-12-2025;3;11;2887;31-12-2025 2:30;PE-TOLPANSUR;524280.5937;0.420130641;0;0.579869359;0;0;0;0.420130641;0.579869359;0
2512;CO;31-12-2025;3;12;2888;31-12-2025 2:45;PE-TOLPANSUR;525167.5137;0.420130641;0;0.579869359;0;0;0;0.420130641;0.579869359;0
2512;CO;31-12-2025;4;13;2889;31-12-2025 3:00;PE-TOLPANSUR;532497.924;0.418329638;0;0.581670362;0;0;0;0.418329638;0.581670362;0
2512;CO;31-12-2025;4;14;2890;31-12-2025 3:15;PE-TOLPANSUR;530357.1156;0.418329638;0;0.581670362;0;0;0;0.418329638;0.581670362;0
2512;CO;31-12-2025;4;15;2891;31-12-2025 3:30;PE-TOLPANSUR;531033.1603;0.418329638;0;0.581670362;0;0;0;0.418329638;0.581670362;0
2512;CO;31-12-2025;4;16;2892;31-12-2025 3:45;PE-TOLPANSUR;528385.3632;0.418329638;0;0.581670362;0;0;0;0.418329638;0.581670362;0
2512;CO;31-12-2025;5;17;2893;31-12-2025 4:00;PE-TOLPANSUR;537255.8956;0.415626377;0;0.584373623;0;0;0;0.415626377;0.584373623;0
2512;CO;31-12-2025;5;18;2894;31-12-2025 4:15;PE-TOLPANSUR;532470.6669;0.415626377;0;0.584373623;0;0;0;0.415626377;0.584373623;0
2512;CO;31-12-2025;5;19;2895;31-12-2025 4:30;PE-TOLPANSUR;532356.7329;0.415626377;0;0.584373623;0;0;0;0.415626377;0.584373623;0
2512;CO;31-12-2025;5;20;2896;31-12-2025 4:45;PE-TOLPANSUR;532299.7206;0.415626377;0;0.584373623;0;0;0;0.415626377;0.584373623;0
2512;CO;31-12-2025;6;21;2897;31-12-2025 5:00;PE-TOLPANSUR;204971.1422;0.648245005;0;0.351754995;0;0;0;0.648245005;0.351754995;0
2512;CO;31-12-2025;6;22;2898;31-12-2025 5:15;PE-TOLPANSUR;205806.5924;0.648245005;0;0.351754995;0;0;0;0.648245005;0.351754995;0
2512;CO;31-12-2025;6;23;2899;31-12-2025 5:30;PE-TOLPANSUR;207213.6665;0.648245005;0;0.351754995;0;0;0;0.648245005;0.351754995;0
2512;CO;31-12-2025;6;24;2900;31-12-2025 5:45;PE-TOLPANSUR;207257.6376;0.648245005;0;0.351754995;0;0;0;0.648245005;0.351754995;0
2512;CO;31-12-2025;7;25;2901;31-12-2025 6:00;PE-TOLPANSUR;233424.7725;0.588028325;0;0.411971675;0;0;0;0.588028325;0.411971675;0
2512;CO;31-12-2025;7;26;2902;31-12-2025 6:15;PE-TOLPANSUR;206670.9736;0.588028325;0;0.411971675;0;0;0;0.588028325;0.411971675;0
2512;CO;31-12-2025;7;27;2903;31-12-2025 6:30;PE-TOLPANSUR;196661.4234;0.588028325;0;0.411971675;0;0;0;0.588028325;0.411971675;0
2512;CO;31-12-2025;7;28;2904;31-12-2025 6:45;PE-TOLPANSUR;196366.4523;0.588028325;0;0.411971675;0;0;0;0.588028325;0.411971675;0
2512;CO;31-12-2025;8;29;2905;31-12-2025 7:00;PE-TOLPANSUR;456488.0425;0;0;0.898269107;0.101730893;0;0;0;1;0
2512;CO;31-12-2025;8;30;2906;31-12-2025 7:15;PE-TOLPANSUR;426218.9771;0;0;0.898269107;0.101730893;0;0;0;1;0
2512;CO;31-12-2025;8;31;2907;31-12-2025 7:30;PE-TOLPANSUR;354604.1475;0;0;0.898269107;0.101730893;0;0;0;1;0
2512;CO;31-12-2025;8;32;2908;31-12-2025 7:45;PE-TOLPANSUR;214848.4198;0;0;0.898269107;0.101730893;0;0;0;1;0
2512;CO;31-12-2025;21;81;2957;31-12-2025 20:00;PE-TOLPANSUR;0;1;0;0;0;0;0;1;0;0
2512;CO;31-12-2025;21;82;2958;31-12-2025 20:15;PE-TOLPANSUR;0;1;0;0;0;0;0;1;0;0
2512;CO;31-12-2025;21;83;2959;31-12-2025 20:30;PE-TOLPANSUR;0;1;0;0;0;0;0;1;0;0
2512;CO;31-12-2025;21;84;2960;31-12-2025 20:45;PE-TOLPANSUR;0;1;0;0;0;0;0;1;0;0
2512;CO;31-12-2025;22;85;2961;31-12-2025 21:00;PE-TOLPANSUR;354947.5528;0.149957975;0;0.716651013;0.133391013;0;0;0.149957975;0.850042025;0
2512;CO;31-12-2025;22;86;2962;31-12-2025 21:15;PE-TOLPANSUR;356261.7211;0.149957975;0;0.716651013;0.133391013;0;0;0.149957975;0.850042025;0
2512;CO;31-12-2025;22;87;2963;31-12-2025 21:30;PE-TOLPANSUR;351155.1029;0.149957975;0;0.716651013;0.133391013;0;0;0.149957975;0.850042025;0
2512;CO;31-12-2025;22;88;2964;31-12-2025 21:45;PE-TOLPANSUR;459256.1368;0.149957975;0;0.716651013;0.133391013;0;0;0.149957975;0.850042025;0
2512;CO;31-12-2025;23;89;2965;31-12-2025 22:00;PE-TOLPANSUR;410674.6947;0.534567435;0;0.465432565;0;0;0;0.534567435;0.465432565;0
2512;CO;31-12-2025;23;90;2966;31-12-2025 22:15;PE-TOLPANSUR;413857.1913;0.534567435;0;0.465432565;0;0;0;0.534567435;0.465432565;0
2512;CO;31-12-2025;23;91;2967;31-12-2025 22:30;PE-TOLPANSUR;301294.8682;0.534567435;0;0.465432565;0;0;0;0.534567435;0.465432565;0
2512;CO;31-12-2025;23;92;2968;31-12-2025 22:45;PE-TOLPANSUR;300112.5735;0.534567435;0;0.465432565;0;0;0;0.534567435;0.465432565;0
2512;CO;31-12-2025;24;93;2969;31-12-2025 23:00;PE-TOLPANSUR;281743.7964;0.551083993;0;0.448916007;0;0;0;0.551083993;0.448916007;0
2512;CO;31-12-2025;24;94;2970;31-12-2025 23:15;PE-TOLPANSUR;281953.066;0.551083993;0;0.448916007;0;0;0;0.551083993;0.448916007;0
2512;CO;31-12-2025;24;95;2971;31-12-2025 23:30;PE-TOLPANSUR;248526.3753;0.551083993;0;0.448916007;0;0;0;0.551083993;0.448916007;0
2512;CO;31-12-2025;24;96;2972;31-12-2025 23:45;PE-TOLPANSUR;231021.8752;0.551083993;0;0.448916007;0;0;0;0.551083993;0.448916007;0
2512;CO;03-12-2025;1;4;196;03-12-2025 0:45;PEHUENCHE-1;6065.15521;0.104542022;0;0.884669328;0;0.01078865;0;0.104542022;0.884669328;0.01078865
2512;CO;03-12-2025;7;27;219;03-12-2025 6:30;PEHUENCHE-1;178110.5026;0;0;0.682912593;0;0.317087407;0;0;0.682912593;0.317087407
2512;CO;03-12-2025;7;28;220;03-12-2025 6:45;PEHUENCHE-1;179571.0083;0;0;0.682912593;0;0.317087407;0;0;0.682912593;0.317087407
2512;CO;03-12-2025;8;29;221;03-12-2025 7:00;PEHUENCHE-1;86655.64696;0;0;0;0;1;0;0;0;1
2512;CO;03-12-2025;20;79;271;03-12-2025 19:30;PEHUENCHE-1;178546.837;0.107877948;0;0.651873744;0;0.240248309;0;0.107877948;0.651873744;0.240248309
2512;CO;03-12-2025;20;80;272;03-12-2025 19:45;PEHUENCHE-1;1096444.289;0.107877948;0;0.651873744;0;0.240248309;0;0.107877948;0.651873744;0.240248309
2512;CO;03-12-2025;21;81;273;03-12-2025 20:00;PEHUENCHE-1;568878.5972;0;0;1;0;0;0;0;1;0
2512;CO;03-12-2025;21;82;274;03-12-2025 20:15;PEHUENCHE-1;371391.5563;0;0;1;0;0;0;0;1;0
2512;CO;03-12-2025;21;83;275;03-12-2025 20:30;PEHUENCHE-1;507606.6974;0;0;1;0;0;0;0;1;0
2512;CO;03-12-2025;21;84;276;03-12-2025 20:45;PEHUENCHE-1;1367949.218;0;0;1;0;0;0;0;1;0
2512;CO;03-12-2025;22;85;277;03-12-2025 21:00;PEHUENCHE-1;1141608.167;0;0;1;0;0;0;0;1;0
2512;CO;03-12-2025;22;86;278;03-12-2025 21:15;PEHUENCHE-1;1139077.643;0;0;1;0;0;0;0;1;0
2512;CO;03-12-2025;22;87;279;03-12-2025 21:30;PEHUENCHE-1;1130707.548;0;0;1;0;0;0;0;1;0
2512;CO;03-12-2025;22;88;280;03-12-2025 21:45;PEHUENCHE-1;1131291.548;0;0;1;0;0;0;0;1;0
2512;CO;03-12-2025;23;89;281;03-12-2025 22:00;PEHUENCHE-1;963874.0502;0;0;0.544425343;0.004612353;0.450962304;0;0;0.549037696;0.450962304
2512;CO;03-12-2025;23;90;282;03-12-2025 22:15;PEHUENCHE-1;973140.6575;0;0;0.544425343;0.004612353;0.450962304;0;0;0.549037696;0.450962304
2512;CO;03-12-2025;23;91;283;03-12-2025 22:30;PEHUENCHE-1;425253.8829;0;0;0.544425343;0.004612353;0.450962304;0;0;0.549037696;0.450962304
2512;CO;03-12-2025;23;92;284;03-12-2025 22:45;PEHUENCHE-1;244521.5982;0;0;0.544425343;0.004612353;0.450962304;0;0;0.549037696;0.450962304
2512;CO;03-12-2025;24;93;285;03-12-2025 23:00;PEHUENCHE-1;97453.08631;0;0;0.952481521;0;0.047518479;0;0;0.952481521;0.047518479
2512;CO;03-12-2025;24;94;286;03-12-2025 23:15;PEHUENCHE-1;97417.25208;0;0;0.952481521;0;0.047518479;0;0;0.952481521;0.047518479
2512;CO;03-12-2025;24;95;287;03-12-2025 23:30;PEHUENCHE-1;96235.69881;0;0;0.952481521;0;0.047518479;0;0;0.952481521;0.047518479
2512;CO;03-12-2025;24;96;288;03-12-2025 23:45;PEHUENCHE-1;95877.6494;0;0;0.952481521;0;0.047518479;0;0;0.952481521;0.047518479
2512;CO;04-12-2025;1;1;289;04-12-2025 0:00;PEHUENCHE-1;150422.2297;0.127684807;0;0.59691659;0;0.275398603;0;0.127684807;0.59691659;0.275398603
2512;CO;04-12-2025;1;2;290;04-12-2025 0:15;PEHUENCHE-1;104267.6423;0.127684807;0;0.59691659;0;0.275398603;0;0.127684807;0.59691659;0.275398603
2512;CO;04-12-2025;1;3;291;04-12-2025 0:30;PEHUENCHE-1;3438.190772;0.127684807;0;0.59691659;0;0.275398603;0;0.127684807;0.59691659;0.275398603
2512;CO;04-12-2025;1;4;292;04-12-2025 0:45;PEHUENCHE-1;7271.656757;0.127684807;0;0.59691659;0;0.275398603;0;0.127684807;0.59691659;0.275398603
2512;CO;04-12-2025;2;5;293;04-12-2025 1:00;PEHUENCHE-1;6409.091164;0;0;0.998496241;0;0.001503759;0;0;0.998496241;0.001503759
2512;CO;04-12-2025;2;6;294;04-12-2025 1:15;PEHUENCHE-1;148956.5642;0;0;0.998496241;0;0.001503759;0;0;0.998496241;0.001503759
2512;CO;04-12-2025;2;7;295;04-12-2025 1:30;PEHUENCHE-1;157500.3759;0;0;0.998496241;0;0.001503759;0;0;0.998496241;0.001503759
2512;CO;04-12-2025;2;8;296;04-12-2025 1:45;PEHUENCHE-1;58469.17431;0;0;0.998496241;0;0.001503759;0;0;0.998496241;0.001503759
2512;CO;04-12-2025;3;9;297;04-12-2025 2:00;PEHUENCHE-1;6797.932627;0;0;0.627218935;0;0.372781065;0;0;0.627218935;0.372781065
2512;CO;04-12-2025;3;10;298;04-12-2025 2:15;PEHUENCHE-1;6524.88;0;0;0.627218935;0;0.372781065;0;0;0.627218935;0.372781065
2512;CO;04-12-2025;3;11;299;04-12-2025 2:30;PEHUENCHE-1;8163.430346;0;0;0.627218935;0;0.372781065;0;0;0.627218935;0.372781065
2512;CO;04-12-2025;3;12;300;04-12-2025 2:45;PEHUENCHE-1;6183.446925;0;0;0.627218935;0;0.372781065;0;0;0.627218935;0.372781065
2512;CO;04-12-2025;4;13;301;04-12-2025 3:00;PEHUENCHE-1;7631.720647;0;0;0.733716475;0;0.266283525;0;0;0.733716475;0.266283525
2512;CO;04-12-2025;6;23;311;04-12-2025 5:30;PEHUENCHE-1;0;0;0;1;0;0;0;0;1;0
2512;CO;04-12-2025;6;24;312;04-12-2025 5:45;PEHUENCHE-1;0;0;0;1;0;0;0;0;1;0
2512;CO;04-12-2025;7;26;314;04-12-2025 6:15;PEHUENCHE-1;0;0;0;1;0;0;0;0;1;0
2512;CO;04-12-2025;7;27;315;04-12-2025 6:30;PEHUENCHE-1;0;0;0;1;0;0;0;0;1;0
2512;CO;04-12-2025;7;28;316;04-12-2025 6:45;PEHUENCHE-1;0;0;0;1;0;0;0;0;1;0
2512;CO;04-12-2025;8;29;317;04-12-2025 7:00;PEHUENCHE-1;0;0;0;0;0;1;0;0;0;1
2512;CO;04-12-2025;17;65;353;04-12-2025 16:00;PEHUENCHE-1;0;0.106197094;0;0;0;0.893802906;0;0.106197094;0;0.893802906
2512;CO;04-12-2025;17;66;354;04-12-2025 16:15;PEHUENCHE-1;0;0.106197094;0;0;0;0.893802906;0;0.106197094;0;0.893802906
2512;CO;04-12-2025;17;67;355;04-12-2025 16:30;PEHUENCHE-1;0;0.106197094;0;0;0;0.893802906;0;0.106197094;0;0.893802906
2512;CO;04-12-2025;17;68;356;04-12-2025 16:45;PEHUENCHE-1;0;0.106197094;0;0;0;0.893802906;0;0.106197094;0;0.893802906
2512;CO;04-12-2025;20;77;365;04-12-2025 19:00;PEHUENCHE-1;0;0.17508666;0;0.208960639;0.615952702;0;0;0.17508666;0.82491334;0
2512;CO;04-12-2025;20;78;366;04-12-2025 19:15;PEHUENCHE-1;0;0.17508666;0;0.208960639;0.615952702;0;0;0.17508666;0.82491334;0
2512;CO;04-12-2025;20;79;367;04-12-2025 19:30;PEHUENCHE-1;0;0.17508666;0;0.208960639;0.615952702;0;0;0.17508666;0.82491334;0
2512;CO;04-12-2025;20;80;368;04-12-2025 19:45;PEHUENCHE-1;0;0.17508666;0;0.208960639;0.615952702;0;0;0.17508666;0.82491334;0
2512;CO;04-12-2025;21;81;369;04-12-2025 20:00;PEHUENCHE-1;0;0;0;0;1;0;0;0;1;0
2512;CO;04-12-2025;21;82;370;04-12-2025 20:15;PEHUENCHE-1;0;0;0;0;1;0;0;0;1;0
2512;CO;04-12-2025;21;83;371;04-12-2025 20:30;PEHUENCHE-1;0;0;0;0;1;0;0;0;1;0
2512;CO;04-12-2025;21;84;372;04-12-2025 20:45;PEHUENCHE-1;0;0;0;0;1;0;0;0;1;0
2512;CO;04-12-2025;22;85;373;04-12-2025 21:00;PEHUENCHE-1;0;0;0;0;1;0;0;0;1;0
2512;CO;04-12-2025;22;86;374;04-12-2025 21:15;PEHUENCHE-1;0;0;0;0;1;0;0;0;1;0
2512;CO;04-12-2025;22;87;375;04-12-2025 21:30;PEHUENCHE-1;0;0;0;0;1;0;0;0;1;0
2512;CO;04-12-2025;22;88;376;04-12-2025 21:45;PEHUENCHE-1;0;0;0;0;1;0;0;0;1;0
2512;CO;04-12-2025;23;89;377;04-12-2025 22:00;PEHUENCHE-1;0;0;0;0;1;0;0;0;1;0
2512;CO;04-12-2025;23;90;378;04-12-2025 22:15;PEHUENCHE-1;0;0;0;0;1;0;0;0;1;0
2512;CO;04-12-2025;23;91;379;04-12-2025 22:30;PEHUENCHE-1;0;0;0;0;1;0;0;0;1;0
2512;CO;04-12-2025;23;92;380;04-12-2025 22:45;PEHUENCHE-1;0;0;0;0;1;0;0;0;1;0
2512;CO;04-12-2025;24;93;381;04-12-2025 23:00;PEHUENCHE-1;38930.21795;0;0;0.937852065;0.062147935;0;0;0;1;0
2512;CO;04-12-2025;24;94;382;04-12-2025 23:15;PEHUENCHE-1;38872.66553;0;0;0.937852065;0.062147935;0;0;0;1;0
2512;CO;04-12-2025;24;95;383;04-12-2025 23:30;PEHUENCHE-1;39179.64713;0;0;0.937852065;0.062147935;0;0;0;1;0
2512;CO;04-12-2025;24;96;384;04-12-2025 23:45;PEHUENCHE-1;38968.60391;0;0;0.937852065;0.062147935;0;0;0;1;0
2512;CO;05-12-2025;20;79;463;05-12-2025 19:30;PEHUENCHE-1;0;0;0;0.181974907;0.818025093;0;0;0;1;0
2512;CO;05-12-2025;21;81;465;05-12-2025 20:00;PEHUENCHE-1;0;0;0;0;1;0;0;0;1;0
2512;CO;05-12-2025;21;82;466;05-12-2025 20:15;PEHUENCHE-1;0;0;0;0;1;0;0;0;1;0
2512;CO;05-12-2025;21;83;467;05-12-2025 20:30;PEHUENCHE-1;0;0;0;0;1;0;0;0;1;0
2512;CO;05-12-2025;21;84;468;05-12-2025 20:45;PEHUENCHE-1;0;0;0;0;1;0;0;0;1;0
2512;CO;05-12-2025;22;85;469;05-12-2025 21:00;PEHUENCHE-1;0;0;0;0;1;0;0;0;1;0
2512;CO;05-12-2025;22;86;470;05-12-2025 21:15;PEHUENCHE-1;0;0;0;0;1;0;0;0;1;0
2512;CO;05-12-2025;22;87;471;05-12-2025 21:30;PEHUENCHE-1;0;0;0;0;1;0;0;0;1;0
2512;CO;05-12-2025;22;88;472;05-12-2025 21:45;PEHUENCHE-1;0;0;0;0;1;0;0;0;1;0
2512;CO;05-12-2025;23;89;473;05-12-2025 22:00;PEHUENCHE-1;0;0;0;0;1;0;0;0;1;0
2512;CO;05-12-2025;23;90;474;05-12-2025 22:15;PEHUENCHE-1;0;0;0;0;1;0;0;0;1;0
2512;CO;05-12-2025;23;91;475;05-12-2025 22:30;PEHUENCHE-1;0;0;0;0;1;0;0;0;1;0
2512;CO;05-12-2025;23;92;476;05-12-2025 22:45;PEHUENCHE-1;0;0;0;0;1;0;0;0;1;0
2512;CO;05-12-2025;24;93;477;05-12-2025 23:00;PEHUENCHE-1;0;0;0;0;0;0;0;0;0;0
2512;CO;05-12-2025;24;94;478;05-12-2025 23:15;PEHUENCHE-1;0;0;0;0;0;0;0;0;0;0
2512;CO;06-12-2025;1;1;481;06-12-2025 0:00;PEHUENCHE-1;0;1;0;0;0;0;0;1;0;0
2512;CO;06-12-2025;1;2;482;06-12-2025 0:15;PEHUENCHE-1;0;1;0;0;0;0;0;1;0;0
2512;CO;06-12-2025;1;3;483;06-12-2025 0:30;PEHUENCHE-1;0;1;0;0;0;0;0;1;0;0
2512;CO;06-12-2025;1;4;484;06-12-2025 0:45;PEHUENCHE-1;0;1;0;0;0;0;0;1;0;0
2512;CO;06-12-2025;2;5;485;06-12-2025 1:00;PEHUENCHE-1;0;0;0;0;0;0;0;0;0;0
2512;CO;06-12-2025;2;6;486;06-12-2025 1:15;PEHUENCHE-1;0;0;0;0;0;0;0;0;0;0
2512;CO;06-12-2025;2;7;487;06-12-2025 1:30;PEHUENCHE-1;0;0;0;0;0;0;0;0;0;0
2512;CO;06-12-2025;2;8;488;06-12-2025 1:45;PEHUENCHE-1;0;0;0;0;0;0;0;0;0;0
2512;CO;06-12-2025;3;9;489;06-12-2025 2:00;PEHUENCHE-1;0;0;0;0;0;0;0;0;0;0
2512;CO;06-12-2025;3;10;490;06-12-2025 2:15;PEHUENCHE-1;0;0;0;0;0;0;0;0;0;0
2512;CO;06-12-2025;3;11;491;06-12-2025 2:30;PEHUENCHE-1;0;0;0;0;0;0;0;0;0;0
2512;CO;06-12-2025;3;12;492;06-12-2025 2:45;PEHUENCHE-1;0;0;0;0;0;0;0;0;0;0
2512;CO;06-12-2025;4;13;493;06-12-2025 3:00;PEHUENCHE-1;0;0;0;0;0;0;0;0;0;0
2512;CO;06-12-2025;4;14;494;06-12-2025 3:15;PEHUENCHE-1;0;0;0;0;0;0;0;0;0;0
2512;CO;06-12-2025;4;15;495;06-12-2025 3:30;PEHUENCHE-1;0;0;0;0;0;0;0;0;0;0
2512;CO;06-12-2025;4;16;496;06-12-2025 3:45;PEHUENCHE-1;0;0;0;0;0;0;0;0;0;0
2512;CO;06-12-2025;5;17;497;06-12-2025 4:00;PEHUENCHE-1;3416.985754;0;0;0;1;0;0;0;1;0
2512;CO;06-12-2025;5;18;498;06-12-2025 4:15;PEHUENCHE-1;3421.120375;0;0;0;1;0;0;0;1;0
2512;CO;06-12-2025;5;19;499;06-12-2025 4:30;PEHUENCHE-1;3424.222069;0;0;0;1;0;0;0;1;0
2512;CO;06-12-2025;5;20;500;06-12-2025 4:45;PEHUENCHE-1;3414.401009;0;0;0;1;0;0;0;1;0
2512;CO;06-12-2025;6;21;501;06-12-2025 5:00;PEHUENCHE-1;176548.6872;0;0;0;1;0;0;0;1;0
2512;CO;06-12-2025;6;22;502;06-12-2025 5:15;PEHUENCHE-1;164636.7351;0;0;0;1;0;0;0;1;0
2512;CO;06-12-2025;6;23;503;06-12-2025 5:30;PEHUENCHE-1;169757.9881;0;0;0;1;0;0;0;1;0
2512;CO;07-12-2025;22;85;661;07-12-2025 21:00;PEHUENCHE-1;15598.27954;0;0;0.463523988;0.536476012;0;0;0;1;0
2512;CO;07-12-2025;22;86;662;07-12-2025 21:15;PEHUENCHE-1;15321.76569;0;0;0.463523988;0.536476012;0;0;0;1;0
2512;CO;07-12-2025;22;87;663;07-12-2025 21:30;PEHUENCHE-1;14966.35828;0;0;0.463523988;0.536476012;0;0;0;1;0
2512;CO;07-12-2025;22;88;664;07-12-2025 21:45;PEHUENCHE-1;13781.47957;0;0;0.463523988;0.536476012;0;0;0;1;0
2512;CO;07-12-2025;23;89;665;07-12-2025 22:00;PEHUENCHE-1;33519.53534;0;0;0.34371935;0.65628065;0;0;0;1;0
2512;CO;07-12-2025;23;90;666;07-12-2025 22:15;PEHUENCHE-1;19568.7036;0;0;0.34371935;0.65628065;0;0;0;1;0
2512;CO;07-12-2025;24;93;669;07-12-2025 23:00;PEHUENCHE-1;98407.15566;0;0;0.593717855;0.126821493;0.279460652;0;0;0.720539348;0.279460652
2512;CO;07-12-2025;24;94;670;07-12-2025 23:15;PEHUENCHE-1;100525.4085;0;0;0.593717855;0.126821493;0.279460652;0;0;0.720539348;0.279460652
2512;CO;07-12-2025;24;95;671;07-12-2025 23:30;PEHUENCHE-1;85640.01595;0;0;0.593717855;0.126821493;0.279460652;0;0;0.720539348;0.279460652
2512;CO;07-12-2025;24;96;672;07-12-2025 23:45;PEHUENCHE-1;73790.59831;0;0;0.593717855;0.126821493;0.279460652;0;0;0.720539348;0.279460652
2512;CO;08-12-2025;1;1;673;08-12-2025 0:00;PEHUENCHE-1;31893.85169;0.110502908;0;0;0;0.889497092;0;0.110502908;0;0.889497092
2512;CO;08-12-2025;1;2;674;08-12-2025 0:15;PEHUENCHE-1;28011.27403;0.110502908;0;0;0;0.889497092;0;0.110502908;0;0.889497092
2512;CO;08-12-2025;1;3;675;08-12-2025 0:30;PEHUENCHE-1;30050.96219;0.110502908;0;0;0;0.889497092;0;0.110502908;0;0.889497092
2512;CO;08-12-2025;1;4;676;08-12-2025 0:45;PEHUENCHE-1;26591.99703;0.110502908;0;0;0;0.889497092;0;0.110502908;0;0.889497092
2512;CO;08-12-2025;2;5;677;08-12-2025 1:00;PEHUENCHE-1;2118.80227;0;0;0;0;1;0;0;0;1
2512;CO;08-12-2025;2;6;678;08-12-2025 1:15;PEHUENCHE-1;2297.865391;0;0;0;0;1;0;0;0;1
2512;CO;08-12-2025;2;7;679;08-12-2025 1:30;PEHUENCHE-1;1201.864687;0;0;0;0;1;0;0;0;1
2512;CO;08-12-2025;7;25;697;08-12-2025 6:00;PEHUENCHE-1;1237.17397;0;0;0.303574917;0.696425083;0;0;0;1;0
2512;CO;08-12-2025;7;26;698;08-12-2025 6:15;PEHUENCHE-1;28291.37067;0;0;0.303574917;0.696425083;0;0;0;1;0
2512;CO;08-12-2025;7;27;699;08-12-2025 6:30;PEHUENCHE-1;27810.63799;0;0;0.303574917;0.696425083;0;0;0;1;0
2512;CO;08-12-2025;7;28;700;08-12-2025 6:45;PEHUENCHE-1;28772.10334;0;0;0.303574917;0.696425083;0;0;0;1;0
2512;CO;08-12-2025;20;80;752;08-12-2025 19:45;PEHUENCHE-1;15028.53984;0;0;1;0;0;0;0;1;0
2512;CO;08-12-2025;21;81;753;08-12-2025 20:00;PEHUENCHE-1;12489.60948;0;0;1;0;0;0;0;1;0
2512;CO;08-12-2025;21;82;754;08-12-2025 20:15;PEHUENCHE-1;39091.02758;0;0;1;0;0;0;0;1;0
2512;CO;08-12-2025;21;83;755;08-12-2025 20:30;PEHUENCHE-1;71973.89188;0;0;1;0;0;0;0;1;0
2512;CO;08-12-2025;21;84;756;08-12-2025 20:45;PEHUENCHE-1;76881.00936;0;0;1;0;0;0;0;1;0
2512;CO;08-12-2025;22;85;757;08-12-2025 21:00;PEHUENCHE-1;42544.00086;0;0;0.970329673;0.029670327;0;0;0;1;0
2512;CO;08-12-2025;22;86;758;08-12-2025 21:15;PEHUENCHE-1;42423.99318;0;0;0.970329673;0.029670327;0;0;0;1;0
2512;CO;08-12-2025;22;87;759;08-12-2025 21:30;PEHUENCHE-1;44104.53137;0;0;0.970329673;0.029670327;0;0;0;1;0
2512;CO;08-12-2025;22;88;760;08-12-2025 21:45;PEHUENCHE-1;44184.53649;0;0;0.970329673;0.029670327;0;0;0;1;0
2512;CO;08-12-2025;23;89;761;08-12-2025 22:00;PEHUENCHE-1;88071.32072;0;0;0.849664038;0.150335962;0;0;0;1;0
2512;CO;08-12-2025;23;90;762;08-12-2025 22:15;PEHUENCHE-1;140621.6607;0;0;0.849664038;0.150335962;0;0;0;1;0
2512;CO;08-12-2025;23;91;763;08-12-2025 22:30;PEHUENCHE-1;160979.2546;0;0;0.849664038;0.150335962;0;0;0;1;0
2512;CO;08-12-2025;23;92;764;08-12-2025 22:45;PEHUENCHE-1;160892.1998;0;0;0.849664038;0.150335962;0;0;0;1;0
2512;CO;08-12-2025;24;93;765;08-12-2025 23:00;PEHUENCHE-1;588624.8889;0;0;0.638148131;0;0.361851869;0;0;0.638148131;0.361851869
2512;CO;08-12-2025;24;94;766;08-12-2025 23:15;PEHUENCHE-1;597106.7492;0;0;0.638148131;0;0.361851869;0;0;0.638148131;0.361851869
2512;CO;08-12-2025;24;95;767;08-12-2025 23:30;PEHUENCHE-1;525133.77;0;0;0.638148131;0;0.361851869;0;0;0.638148131;0.361851869
2512;CO;08-12-2025;24;96;768;08-12-2025 23:45;PEHUENCHE-1;5898.334301;0;0;0.638148131;0;0.361851869;0;0;0.638148131;0.361851869
2512;CO;09-12-2025;1;1;769;09-12-2025 0:00;PEHUENCHE-1;19092.90297;0.104542022;0;0.701262272;0;0.194195706;0;0.104542022;0.701262272;0.194195706
2512;CO;09-12-2025;1;2;770;09-12-2025 0:15;PEHUENCHE-1;15799.83175;0.104542022;0;0.701262272;0;0.194195706;0;0.104542022;0.701262272;0.194195706
2512;CO;09-12-2025;1;3;771;09-12-2025 0:30;PEHUENCHE-1;406243.3878;0.104542022;0;0.701262272;0;0.194195706;0;0.104542022;0.701262272;0.194195706
2512;CO;09-12-2025;1;4;772;09-12-2025 0:45;PEHUENCHE-1;1309032.814;0.104542022;0;0.701262272;0;0.194195706;0;0.104542022;0.701262272;0.194195706
2512;CO;09-12-2025;2;5;773;09-12-2025 1:00;PEHUENCHE-1;1233080.148;0;0;1;0;0;0;0;1;0
2512;CO;09-12-2025;2;6;774;09-12-2025 1:15;PEHUENCHE-1;1230901.599;0;0;1;0;0;0;0;1;0
2512;CO;09-12-2025;2;7;775;09-12-2025 1:30;PEHUENCHE-1;878765.9486;0;0;1;0;0;0;0;1;0
2512;CO;09-12-2025;2;8;776;09-12-2025 1:45;PEHUENCHE-1;43827.68574;0;0;1;0;0;0;0;1;0
2512;CO;09-12-2025;3;9;777;09-12-2025 2:00;PEHUENCHE-1;0;0;0;0;0;0;0;0;0;0
2512;CO;09-12-2025;3;10;778;09-12-2025 2:15;PEHUENCHE-1;0;0;0;0;0;0;0;0;0;0
2512;CO;09-12-2025;3;11;779;09-12-2025 2:30;PEHUENCHE-1;0;0;0;0;0;0;0;0;0;0
2512;CO;09-12-2025;4;13;781;09-12-2025 3:00;PEHUENCHE-1;0;0;0;0;0;0;0;0;0;0
2512;CO;09-12-2025;4;14;782;09-12-2025 3:15;PEHUENCHE-1;0;0;0;0;0;0;0;0;0;0
2512;CO;09-12-2025;4;15;783;09-12-2025 3:30;PEHUENCHE-1;0;0;0;0;0;0;0;0;0;0
2512;CO;09-12-2025;4;16;784;09-12-2025 3:45;PEHUENCHE-1;0;0;0;0;0;0;0;0;0;0
2512;CO;09-12-2025;5;17;785;09-12-2025 4:00;PEHUENCHE-1;0;0;0;0;0;0;0;0;0;0
2512;CO;09-12-2025;5;18;786;09-12-2025 4:15;PEHUENCHE-1;0;0;0;0;0;0;0;0;0;0
2512;CO;09-12-2025;5;19;787;09-12-2025 4:30;PEHUENCHE-1;0;0;0;0;0;0;0;0;0;0
2512;CO;09-12-2025;5;20;788;09-12-2025 4:45;PEHUENCHE-1;0;0;0;0;0;0;0;0;0;0
2512;CO;09-12-2025;6;21;789;09-12-2025 5:00;PEHUENCHE-1;0;0;0;0;0;0;0;0;0;0
2512;CO;09-12-2025;6;22;790;09-12-2025 5:15;PEHUENCHE-1;0;0;0;0;0;0;0;0;0;0
2512;CO;09-12-2025;6;23;791;09-12-2025 5:30;PEHUENCHE-1;0;0;0;0;0;0;0;0;0;0
2512;CO;09-12-2025;6;24;792;09-12-2025 5:45;PEHUENCHE-1;0;0;0;0;0;0;0;0;0;0
2512;CO;09-12-2025;7;25;793;09-12-2025 6:00;PEHUENCHE-1;0;0;0;0;0;0;0;0;0;0
2512;CO;09-12-2025;7;26;794;09-12-2025 6:15;PEHUENCHE-1;0;0;0;0;0;0;0;0;0;0
2512;CO;09-12-2025;7;27;795;09-12-2025 6:30;PEHUENCHE-1;0;0;0;0;0;0;0;0;0;0
2512;CO;09-12-2025;7;28;796;09-12-2025 6:45;PEHUENCHE-1;0;0;0;0;0;0;0;0;0;0
2512;CO;09-12-2025;8;29;797;09-12-2025 7:00;PEHUENCHE-1;95380.86559;0;0;1;0;0;0;0;1;0
2512;CO;09-12-2025;9;33;801;09-12-2025 8:00;PEHUENCHE-1;1357.853111;0;0;1;0;0;0;0;1;0
2512;CO;09-12-2025;9;34;802;09-12-2025 8:15;PEHUENCHE-1;880.3003427;0;0;1;0;0;0;0;1;0
2512;CO;09-12-2025;9;35;803;09-12-2025 8:30;PEHUENCHE-1;9476.25018;0;0;1;0;0;0;0;1;0
2512;CO;09-12-2025;9;36;804;09-12-2025 8:45;PEHUENCHE-1;15047.69915;0;0;1;0;0;0;0;1;0
2512;CO;09-12-2025;20;80;848;09-12-2025 19:45;PEHUENCHE-1;188689.0093;0;0;1;0;0;0;0;1;0
2512;CO;09-12-2025;21;81;849;09-12-2025 20:00;PEHUENCHE-1;237769.242;0;0;0.501933154;0.498066846;0;0;0;1;0
2512;CO;09-12-2025;21;82;850;09-12-2025 20:15;PEHUENCHE-1;743697.0365;0;0;0.501933154;0.498066846;0;0;0;1;0
2512;CO;09-12-2025;21;83;851;09-12-2025 20:30;PEHUENCHE-1;1597286.487;0;0;0.501933154;0.498066846;0;0;0;1;0
2512;CO;09-12-2025;21;84;852;09-12-2025 20:45;PEHUENCHE-1;1731845.73;0;0;0.501933154;0.498066846;0;0;0;1;0
2512;CO;09-12-2025;22;85;853;09-12-2025 21:00;PEHUENCHE-1;932290.5851;0;0;0.130628622;0.869371378;0;0;0;1;0
2512;CO;09-12-2025;22;86;854;09-12-2025 21:15;PEHUENCHE-1;931083.5989;0;0;0.130628622;0.869371378;0;0;0;1;0
2512;CO;09-12-2025;22;87;855;09-12-2025 21:30;PEHUENCHE-1;923841.4247;0;0;0.130628622;0.869371378;0;0;0;1;0
2512;CO;09-12-2025;22;88;856;09-12-2025 21:45;PEHUENCHE-1;920047.9048;0;0;0.130628622;0.869371378;0;0;0;1;0
2512;CO;09-12-2025;23;89;857;09-12-2025 22:00;PEHUENCHE-1;1318966.042;0;0;0.98977035;0.01022965;0;0;0;1;0
2512;CO;09-12-2025;23;90;858;09-12-2025 22:15;PEHUENCHE-1;1566794.716;0;0;0.98977035;0.01022965;0;0;0;1;0
2512;CO;09-12-2025;23;91;859;09-12-2025 22:30;PEHUENCHE-1;1516117.616;0;0;0.98977035;0.01022965;0;0;0;1;0
2512;CO;09-12-2025;23;92;860;09-12-2025 22:45;PEHUENCHE-1;1407489.374;0;0;0.98977035;0.01022965;0;0;0;1;0
2512;CO;09-12-2025;24;93;861;09-12-2025 23:00;PEHUENCHE-1;1198290.42;0;0;0.879287467;0.008689424;0.112023109;0;0;0.887976891;0.112023109
2512;CO;09-12-2025;24;94;862;09-12-2025 23:15;PEHUENCHE-1;1173169.418;0;0;0.879287467;0.008689424;0.112023109;0;0;0.887976891;0.112023109
2512;CO;09-12-2025;24;95;863;09-12-2025 23:30;PEHUENCHE-1;1171425.334;0;0;0.879287467;0.008689424;0.112023109;0;0;0.887976891;0.112023109
2512;CO;09-12-2025;24;96;864;09-12-2025 23:45;PEHUENCHE-1;787275.27;0;0;0.879287467;0.008689424;0.112023109;0;0;0.887976891;0.112023109
2512;CO;10-12-2025;1;1;865;10-12-2025 0:00;PEHUENCHE-1;58931.2671;0.659632403;0;0.340367597;0;0;0;0.659632403;0.340367597;0
2512;CO;10-12-2025;1;2;866;10-12-2025 0:15;PEHUENCHE-1;62035.32258;0.659632403;0;0.340367597;0;0;0;0.659632403;0.340367597;0
2512;CO;10-12-2025;1;3;867;10-12-2025 0:30;PEHUENCHE-1;63776.86294;0.659632403;0;0.340367597;0;0;0;0.659632403;0.340367597;0
2512;CO;10-12-2025;1;4;868;10-12-2025 0:45;PEHUENCHE-1;124493.4678;0.659632403;0;0.340367597;0;0;0;0.659632403;0.340367597;0
2512;CO;10-12-2025;2;5;869;10-12-2025 1:00;PEHUENCHE-1;0;0;0;0;0;0;0;0;0;0
2512;CO;10-12-2025;2;6;870;10-12-2025 1:15;PEHUENCHE-1;0;0;0;0;0;0;0;0;0;0
2512;CO;10-12-2025;2;7;871;10-12-2025 1:30;PEHUENCHE-1;0;0;0;0;0;0;0;0;0;0
2512;CO;10-12-2025;2;8;872;10-12-2025 1:45;PEHUENCHE-1;0;0;0;0;0;0;0;0;0;0
2512;CO;10-12-2025;3;9;873;10-12-2025 2:00;PEHUENCHE-1;0;0;0;0;0;0;0;0;0;0
2512;CO;10-12-2025;3;10;874;10-12-2025 2:15;PEHUENCHE-1;0;0;0;0;0;0;0;0;0;0
2512;CO;10-12-2025;3;11;875;10-12-2025 2:30;PEHUENCHE-1;0;0;0;0;0;0;0;0;0;0
2512;CO;10-12-2025;3;12;876;10-12-2025 2:45;PEHUENCHE-1;0;0;0;0;0;0;0;0;0;0
2512;CO;10-12-2025;4;13;877;10-12-2025 3:00;PEHUENCHE-1;119530.5924;0;0;1;0;0;0;0;1;0
2512;CO;10-12-2025;4;14;878;10-12-2025 3:15;PEHUENCHE-1;119574.2014;0;0;1;0;0;0;0;1;0
2512;CO;10-12-2025;4;15;879;10-12-2025 3:30;PEHUENCHE-1;119050.894;0;0;1;0;0;0;0;1;0
2512;CO;10-12-2025;4;16;880;10-12-2025 3:45;PEHUENCHE-1;119181.7209;0;0;1;0;0;0;0;1;0
2512;CO;10-12-2025;5;17;881;10-12-2025 4:00;PEHUENCHE-1;99796.4518;0;0;0.443031536;0.556968464;0;0;0;1;0
2512;CO;10-12-2025;5;18;882;10-12-2025 4:15;PEHUENCHE-1;99641.19996;0;0;0.443031536;0.556968464;0;0;0;1;0
2512;CO;10-12-2025;5;19;883;10-12-2025 4:30;PEHUENCHE-1;100852.1643;0;0;0.443031536;0.556968464;0;0;0;1;0
2512;CO;10-12-2025;5;20;884;10-12-2025 4:45;PEHUENCHE-1;153455.8092;0;0;0.443031536;0.556968464;0;0;0;1;0
2512;CO;10-12-2025;22;86;950;10-12-2025 21:15;PEHUENCHE-1;385.6037497;0;0;0;1;0;0;0;1;0
2512;CO;10-12-2025;22;87;951;10-12-2025 21:30;PEHUENCHE-1;447.1260879;0;0;0;1;0;0;0;1;0
2512;CO;10-12-2025;22;88;952;10-12-2025 21:45;PEHUENCHE-1;477.9117679;0;0;0;1;0;0;0;1;0
2512;CO;10-12-2025;24;94;958;10-12-2025 23:15;PEHUENCHE-1;128015.5826;0;0;1;0;0;0;0;1;0
2512;CO;11-12-2025;9;35;995;11-12-2025 8:30;PEHUENCHE-1;693666.288;0;0;1;0;0;0;0;1;0
2512;CO;11-12-2025;9;36;996;11-12-2025 8:45;PEHUENCHE-1;1363308.368;0;0;1;0;0;0;0;1;0
2512;CO;12-12-2025;7;25;1081;12-12-2025 6:00;PEHUENCHE-1;2159.863766;0;0;0.5211904;0.4788096;0;0;0;1;0
2512;CO;12-12-2025;7;26;1082;12-12-2025 6:15;PEHUENCHE-1;1562.422271;0;0;0.5211904;0.4788096;0;0;0;1;0
2512;CO;12-12-2025;7;27;1083;12-12-2025 6:30;PEHUENCHE-1;17658.3707;0;0;0.5211904;0.4788096;0;0;0;1;0
2512;CO;12-12-2025;7;28;1084;12-12-2025 6:45;PEHUENCHE-1;17950.94704;0;0;0.5211904;0.4788096;0;0;0;1;0
2512;CO;12-12-2025;20;80;1136;12-12-2025 19:45;PEHUENCHE-1;3774.760074;0.225376696;0;0.774623304;0;0;0;0.225376696;0.774623304;0
2512;CO;12-12-2025;21;81;1137;12-12-2025 20:00;PEHUENCHE-1;13157.74009;0.27747039;0;0.105658305;0;0.616871306;0;0.27747039;0.105658305;0.616871306
2512;CO;12-12-2025;22;87;1143;12-12-2025 21:30;PEHUENCHE-1;12990.13599;0.568901704;0;0;0.389303983;0.041794314;0;0.568901704;0.389303983;0.041794314
2512;CO;12-12-2025;22;88;1144;12-12-2025 21:45;PEHUENCHE-1;8792.159085;0.568901704;0;0;0.389303983;0.041794314;0;0.568901704;0.389303983;0.041794314
2512;CO;12-12-2025;23;92;1148;12-12-2025 22:45;PEHUENCHE-1;5179.287202;0.653031033;0;0;0.331486961;0.015482006;0;0.653031033;0.331486961;0.015482006
2512;CO;12-12-2025;24;93;1149;12-12-2025 23:00;PEHUENCHE-1;8940.303392;0.501788807;0;0.18555943;0.312651763;0;0;0.501788807;0.498211193;0
2512;CO;12-12-2025;24;94;1150;12-12-2025 23:15;PEHUENCHE-1;3799.399388;0.501788807;0;0.18555943;0.312651763;0;0;0.501788807;0.498211193;0
2512;CO;12-12-2025;24;95;1151;12-12-2025 23:30;PEHUENCHE-1;399177.2783;0.501788807;0;0.18555943;0.312651763;0;0;0.501788807;0.498211193;0
2512;CO;12-12-2025;24;96;1152;12-12-2025 23:45;PEHUENCHE-1;995130.3793;0.501788807;0;0.18555943;0.312651763;0;0;0.501788807;0.498211193;0
2512;CO;15-12-2025;2;8;1352;15-12-2025 1:45;PEHUENCHE-1;29242.16285;0.31512501;0;0;0;0.68487499;0;0.31512501;0;0.68487499
2512;CO;15-12-2025;5;19;1363;15-12-2025 4:30;PEHUENCHE-1;36981.36038;0.310681969;0;0.683620378;0.005697653;0;0;0.310681969;0.689318031;0
2512;CO;15-12-2025;5;20;1364;15-12-2025 4:45;PEHUENCHE-1;43938.10234;0.310681969;0;0.683620378;0.005697653;0;0;0.310681969;0.689318031;0
2512;CO;15-12-2025;6;21;1365;15-12-2025 5:00;PEHUENCHE-1;28834.81026;0.718437084;0;0.06624186;0.215321056;0;0;0.718437084;0.281562916;0
2512;CO;15-12-2025;7;25;1369;15-12-2025 6:00;PEHUENCHE-1;48689.07808;0.526263824;0;0.066350568;0.407385609;0;0;0.526263824;0.473736176;0
2512;CO;15-12-2025;7;26;1370;15-12-2025 6:15;PEHUENCHE-1;347551.3249;0.526263824;0;0.066350568;0.407385609;0;0;0.526263824;0.473736176;0
2512;CO;15-12-2025;7;27;1371;15-12-2025 6:30;PEHUENCHE-1;734354.3728;0.526263824;0;0.066350568;0.407385609;0;0;0.526263824;0.473736176;0
2512;CO;15-12-2025;7;28;1372;15-12-2025 6:45;PEHUENCHE-1;270639.2439;0.526263824;0;0.066350568;0.407385609;0;0;0.526263824;0.473736176;0
2512;CO;15-12-2025;8;29;1373;15-12-2025 7:00;PEHUENCHE-1;203236.3606;0.142937115;0;0.567318719;0;0.289744166;0;0.142937115;0.567318719;0.289744166
2512;CO;15-12-2025;24;96;1440;15-12-2025 23:45;PEHUENCHE-1;10698.62716;0.08281139;0;0.292346576;0;0.624842033;0;0.08281139;0.292346576;0.624842033
2512;CO;16-12-2025;1;1;1441;16-12-2025 0:00;PEHUENCHE-1;1141530.387;0.40513263;0;0.587700293;0;0.007167077;0;0.40513263;0.587700293;0.007167077
2512;CO;16-12-2025;1;2;1442;16-12-2025 0:15;PEHUENCHE-1;348924.7991;0.40513263;0;0.587700293;0;0.007167077;0;0.40513263;0.587700293;0.007167077
2512;CO;16-12-2025;6;21;1461;16-12-2025 5:00;PEHUENCHE-1;54337.8566;0.383932972;0;0.616067028;0;0;0;0.383932972;0.616067028;0
2512;CO;16-12-2025;6;22;1462;16-12-2025 5:15;PEHUENCHE-1;55139.49526;0.383932972;0;0.616067028;0;0;0;0.383932972;0.616067028;0
2512;CO;16-12-2025;6;23;1463;16-12-2025 5:30;PEHUENCHE-1;50063.00599;0.383932972;0;0.616067028;0;0;0;0.383932972;0.616067028;0
2512;CO;16-12-2025;6;24;1464;16-12-2025 5:45;PEHUENCHE-1;47391.15492;0.383932972;0;0.616067028;0;0;0;0.383932972;0.616067028;0
2512;CO;16-12-2025;7;25;1465;16-12-2025 6:00;PEHUENCHE-1;57390.84608;0.416705553;0;0.583294447;0;0;0;0.416705553;0.583294447;0
2512;CO;16-12-2025;7;26;1466;16-12-2025 6:15;PEHUENCHE-1;54004.42357;0.416705553;0;0.583294447;0;0;0;0.416705553;0.583294447;0
2512;CO;16-12-2025;7;27;1467;16-12-2025 6:30;PEHUENCHE-1;25864.52281;0.416705553;0;0.583294447;0;0;0;0.416705553;0.583294447;0
2512;CO;16-12-2025;22;87;1527;16-12-2025 21:30;PEHUENCHE-1;1018.691615;0.298263039;0;0;0.701736961;0;0;0.298263039;0.701736961;0
2512;CO;16-12-2025;22;88;1528;16-12-2025 21:45;PEHUENCHE-1;254494.5794;0.298263039;0;0;0.701736961;0;0;0.298263039;0.701736961;0
2512;CO;16-12-2025;23;89;1529;16-12-2025 22:00;PEHUENCHE-1;568794.1554;0.923922784;0;0;0.076077216;0;0;0.923922784;0.076077216;0
2512;CO;16-12-2025;23;90;1530;16-12-2025 22:15;PEHUENCHE-1;572956.9226;0.923922784;0;0;0.076077216;0;0;0.923922784;0.076077216;0
2512;CO;16-12-2025;23;91;1531;16-12-2025 22:30;PEHUENCHE-1;568076.4491;0.923922784;0;0;0.076077216;0;0;0.923922784;0.076077216;0
2512;CO;16-12-2025;23;92;1532;16-12-2025 22:45;PEHUENCHE-1;568650.6843;0.923922784;0;0;0.076077216;0;0;0.923922784;0.076077216;0
2512;CO;16-12-2025;24;93;1533;16-12-2025 23:00;PEHUENCHE-1;487176.8328;0.659092493;0;0;0.340907507;0;0;0.659092493;0.340907507;0
2512;CO;16-12-2025;24;94;1534;16-12-2025 23:15;PEHUENCHE-1;489904.3005;0.659092493;0;0;0.340907507;0;0;0.659092493;0.340907507;0
2512;CO;16-12-2025;24;95;1535;16-12-2025 23:30;PEHUENCHE-1;4156.425806;0.659092493;0;0;0.340907507;0;0;0.659092493;0.340907507;0
2512;CO;16-12-2025;24;96;1536;16-12-2025 23:45;PEHUENCHE-1;238.9390383;0.659092493;0;0;0.340907507;0;0;0.659092493;0.340907507;0
2512;CO;25-12-2025;21;81;2381;25-12-2025 20:00;PEHUENCHE-1;10225.6032;0.535662152;0;0.116105241;0.348232607;0;0;0.535662152;0.464337848;0
2512;CO;25-12-2025;21;82;2382;25-12-2025 20:15;PEHUENCHE-1;30343.86861;0.535662152;0;0.116105241;0.348232607;0;0;0.535662152;0.464337848;0
2512;CO;25-12-2025;21;83;2383;25-12-2025 20:30;PEHUENCHE-1;27547.07898;0.535662152;0;0.116105241;0.348232607;0;0;0.535662152;0.464337848;0
2512;CO;25-12-2025;21;84;2384;25-12-2025 20:45;PEHUENCHE-1;48387.52065;0.535662152;0;0.116105241;0.348232607;0;0;0.535662152;0.464337848;0
2512;CO;25-12-2025;22;85;2385;25-12-2025 21:00;PEHUENCHE-1;33283.15713;0.677854123;0;0;0.322145877;0;0;0.677854123;0.322145877;0
2512;CO;25-12-2025;22;86;2386;25-12-2025 21:15;PEHUENCHE-1;33113.09853;0.677854123;0;0;0.322145877;0;0;0.677854123;0.322145877;0
2512;CO;25-12-2025;22;87;2387;25-12-2025 21:30;PEHUENCHE-1;46503.60479;0.677854123;0;0;0.322145877;0;0;0.677854123;0.322145877;0
2512;CO;25-12-2025;22;88;2388;25-12-2025 21:45;PEHUENCHE-1;49149.84273;0.677854123;0;0;0.322145877;0;0;0.677854123;0.322145877;0
2512;CO;25-12-2025;23;89;2389;25-12-2025 22:00;PEHUENCHE-1;43175.9466;0.713242961;0;0;0.286757039;0;0;0.713242961;0.286757039;0
2512;CO;25-12-2025;23;90;2390;25-12-2025 22:15;PEHUENCHE-1;44943.09389;0.713242961;0;0;0.286757039;0;0;0.713242961;0.286757039;0
2512;CO;25-12-2025;23;91;2391;25-12-2025 22:30;PEHUENCHE-1;50858.62879;0.713242961;0;0;0.286757039;0;0;0.713242961;0.286757039;0
2512;CO;25-12-2025;23;92;2392;25-12-2025 22:45;PEHUENCHE-1;50896.38296;0.713242961;0;0;0.286757039;0;0;0.713242961;0.286757039;0
2512;CO;25-12-2025;24;93;2393;25-12-2025 23:00;PEHUENCHE-1;6805.895664;0.949337573;0;0;0.050662427;0;0;0.949337573;0.050662427;0
2512;CO;25-12-2025;24;94;2394;25-12-2025 23:15;PEHUENCHE-1;6730.725601;0.949337573;0;0;0.050662427;0;0;0.949337573;0.050662427;0
2512;CO;25-12-2025;24;95;2395;25-12-2025 23:30;PEHUENCHE-1;3472.921932;0.949337573;0;0;0.050662427;0;0;0.949337573;0.050662427;0
2512;CO;25-12-2025;24;96;2396;25-12-2025 23:45;PEHUENCHE-1;2673.782478;0.949337573;0;0;0.050662427;0;0;0.949337573;0.050662427;0
2512;CO;26-12-2025;4;15;2411;26-12-2025 3:30;PEHUENCHE-1;22292.05642;0.787149304;0;0;0.212850696;0;0;0.787149304;0.212850696;0
2512;CO;26-12-2025;4;16;2412;26-12-2025 3:45;PEHUENCHE-1;34901.80739;0.787149304;0;0;0.212850696;0;0;0.787149304;0.212850696;0
2512;CO;26-12-2025;5;17;2413;26-12-2025 4:00;PEHUENCHE-1;119035.5438;0.529843404;0;0.153357957;0.11499337;0.201805268;0;0.529843404;0.268351328;0.201805268
2512;CO;26-12-2025;5;18;2414;26-12-2025 4:15;PEHUENCHE-1;487300.2084;0.529843404;0;0.153357957;0.11499337;0.201805268;0;0.529843404;0.268351328;0.201805268
2512;CO;26-12-2025;5;19;2415;26-12-2025 4:30;PEHUENCHE-1;1068574.034;0.529843404;0;0.153357957;0.11499337;0.201805268;0;0.529843404;0.268351328;0.201805268
2512;CO;26-12-2025;5;20;2416;26-12-2025 4:45;PEHUENCHE-1;868688.3648;0.529843404;0;0.153357957;0.11499337;0.201805268;0;0.529843404;0.268351328;0.201805268
2512;CO;26-12-2025;6;21;2417;26-12-2025 5:00;PEHUENCHE-1;1285836.377;0.430469378;0;0.239050974;0;0.330479649;0;0.430469378;0.239050974;0.330479649
2512;CO;26-12-2025;6;22;2418;26-12-2025 5:15;PEHUENCHE-1;1359714.292;0.430469378;0;0.239050974;0;0.330479649;0;0.430469378;0.239050974;0.330479649
2512;CO;26-12-2025;6;23;2419;26-12-2025 5:30;PEHUENCHE-1;1706979.961;0.430469378;0;0.239050974;0;0.330479649;0;0.430469378;0.239050974;0.330479649
2512;CO;26-12-2025;6;24;2420;26-12-2025 5:45;PEHUENCHE-1;1706382.684;0.430469378;0;0.239050974;0;0.330479649;0;0.430469378;0.239050974;0.330479649
2512;CO;03-12-2025;1;4;196;03-12-2025 0:45;PEHUENCHE-2;3753.656666;0.286604495;0;0.293093816;0;0.420301689;0;0.286604495;0.293093816;0.420301689
2512;CO;03-12-2025;7;27;219;03-12-2025 6:30;PEHUENCHE-2;207274.0506;0.366200392;0;0.068346471;0;0.565453137;0;0.366200392;0.068346471;0.565453137
2512;CO;03-12-2025;7;28;220;03-12-2025 6:45;PEHUENCHE-2;208973.6974;0.366200392;0;0.068346471;0;0.565453137;0;0.366200392;0.068346471;0.565453137
2512;CO;03-12-2025;8;29;221;03-12-2025 7:00;PEHUENCHE-2;213882.5387;0.13511511;0;0.159625625;0;0.705259265;0;0.13511511;0.159625625;0.705259265
2512;CO;03-12-2025;20;79;271;03-12-2025 19:30;PEHUENCHE-2;281412.5135;0.232446639;0;0.767553361;0;0;0;0.232446639;0.767553361;0
2512;CO;03-12-2025;20;80;272;03-12-2025 19:45;PEHUENCHE-2;1595773.118;0.232446639;0;0.767553361;0;0;0;0.232446639;0.767553361;0
2512;CO;03-12-2025;21;81;273;03-12-2025 20:00;PEHUENCHE-2;747514.681;0.238973345;0;0.761026655;0;0;0;0.238973345;0.761026655;0
2512;CO;03-12-2025;21;82;274;03-12-2025 20:15;PEHUENCHE-2;488013.8611;0.238973345;0;0.761026655;0;0;0;0.238973345;0.761026655;0
2512;CO;03-12-2025;21;83;275;03-12-2025 20:30;PEHUENCHE-2;667002.5211;0.238973345;0;0.761026655;0;0;0;0.238973345;0.761026655;0
2512;CO;03-12-2025;21;84;276;03-12-2025 20:45;PEHUENCHE-2;1797505.001;0.238973345;0;0.761026655;0;0;0;0.238973345;0.761026655;0
2512;CO;03-12-2025;22;85;277;03-12-2025 21:00;PEHUENCHE-2;1655999.306;0.381680312;0;0.570435938;0.04788375;0;0;0.381680312;0.618319688;0
2512;CO;03-12-2025;22;86;278;03-12-2025 21:15;PEHUENCHE-2;1331073.107;0.381680312;0;0.570435938;0.04788375;0;0;0.381680312;0.618319688;0
2512;CO;03-12-2025;22;87;279;03-12-2025 21:30;PEHUENCHE-2;1432495.908;0.381680312;0;0.570435938;0.04788375;0;0;0.381680312;0.618319688;0
2512;CO;03-12-2025;22;88;280;03-12-2025 21:45;PEHUENCHE-2;1701016.65;0.381680312;0;0.570435938;0.04788375;0;0;0.381680312;0.618319688;0
2512;CO;03-12-2025;23;89;281;03-12-2025 22:00;PEHUENCHE-2;1548455.235;0.634891986;0;0.349414732;0.015693282;0;0;0.634891986;0.365108014;0
2512;CO;03-12-2025;23;90;282;03-12-2025 22:15;PEHUENCHE-2;1563341.959;0.634891986;0;0.349414732;0.015693282;0;0;0.634891986;0.365108014;0
2512;CO;03-12-2025;23;91;283;03-12-2025 22:30;PEHUENCHE-2;683166.6451;0.634891986;0;0.349414732;0.015693282;0;0;0.634891986;0.365108014;0
2512;CO;03-12-2025;23;92;284;03-12-2025 22:45;PEHUENCHE-2;392821.8098;0.634891986;0;0.349414732;0.015693282;0;0;0.634891986;0.365108014;0
2512;CO;03-12-2025;24;93;285;03-12-2025 23:00;PEHUENCHE-2;379988.8272;0.694643795;0;0.228457918;0;0.076898287;0;0.694643795;0.228457918;0.076898287
2512;CO;03-12-2025;24;94;286;03-12-2025 23:15;PEHUENCHE-2;379849.1024;0.694643795;0;0.228457918;0;0.076898287;0;0.694643795;0.228457918;0.076898287
2512;CO;03-12-2025;24;95;287;03-12-2025 23:30;PEHUENCHE-2;375241.9929;0.694643795;0;0.228457918;0;0.076898287;0;0.694643795;0.228457918;0.076898287
2512;CO;03-12-2025;24;96;288;03-12-2025 23:45;PEHUENCHE-2;373845.8876;0.694643795;0;0.228457918;0;0.076898287;0;0.694643795;0.228457918;0.076898287
2512;CO;04-12-2025;1;1;289;04-12-2025 0:00;PEHUENCHE-2;174926.5109;0.629794166;0;0.370205834;0;0;0;0.629794166;0.370205834;0
2512;CO;04-12-2025;1;2;290;04-12-2025 0:15;PEHUENCHE-2;121253.1878;0.629794166;0;0.370205834;0;0;0;0.629794166;0.370205834;0
2512;CO;04-12-2025;1;3;291;04-12-2025 0:30;PEHUENCHE-2;3998.283474;0.629794166;0;0.370205834;0;0;0;0.629794166;0.370205834;0
2512;CO;04-12-2025;1;4;292;04-12-2025 0:45;PEHUENCHE-2;8456.233809;0.629794166;0;0.370205834;0;0;0;0.629794166;0.370205834;0
2512;CO;04-12-2025;2;5;293;04-12-2025 1:00;PEHUENCHE-2;5223.650242;0.736162362;0;0;0;0.263837638;0;0.736162362;0;0.263837638
2512;CO;04-12-2025;2;6;294;04-12-2025 1:15;PEHUENCHE-2;121405.1997;0.736162362;0;0;0;0.263837638;0;0.736162362;0;0.263837638
2512;CO;04-12-2025;2;7;295;04-12-2025 1:30;PEHUENCHE-2;128368.7274;0.736162362;0;0;0;0.263837638;0;0.736162362;0;0.263837638
2512;CO;04-12-2025;2;8;296;04-12-2025 1:45;PEHUENCHE-2;47654.57515;0.736162362;0;0;0;0.263837638;0;0.736162362;0;0.263837638
2512;CO;04-12-2025;3;9;297;04-12-2025 2:00;PEHUENCHE-2;15578.93081;0.328685773;0;0;0;0.671314227;0;0.328685773;0;0.671314227
2512;CO;04-12-2025;3;10;298;04-12-2025 2:15;PEHUENCHE-2;14953.17174;0.328685773;0;0;0;0.671314227;0;0.328685773;0;0.671314227
2512;CO;04-12-2025;3;11;299;04-12-2025 2:30;PEHUENCHE-2;18708.26374;0.328685773;0;0;0;0.671314227;0;0.328685773;0;0.671314227
2512;CO;04-12-2025;3;12;300;04-12-2025 2:45;PEHUENCHE-2;14170.70411;0.328685773;0;0;0;0.671314227;0;0.328685773;0;0.671314227
2512;CO;04-12-2025;4;13;301;04-12-2025 3:00;PEHUENCHE-2;20384.88141;0.404719214;0;0;0;0.595280786;0;0.404719214;0;0.595280786
2512;CO;04-12-2025;6;23;311;04-12-2025 5:30;PEHUENCHE-2;9826.764176;0.02673546;0;0.225140713;0;0.748123827;0;0.02673546;0.225140713;0.748123827
2512;CO;04-12-2025;6;24;312;04-12-2025 5:45;PEHUENCHE-2;9367.475654;0.02673546;0;0.225140713;0;0.748123827;0;0.02673546;0.225140713;0.748123827
2512;CO;04-12-2025;7;26;314;04-12-2025 6:15;PEHUENCHE-2;5334.558082;0.363057325;0;0.636942675;0;0;0;0.363057325;0.636942675;0
2512;CO;04-12-2025;7;27;315;04-12-2025 6:30;PEHUENCHE-2;3146.453096;0.363057325;0;0.636942675;0;0;0;0.363057325;0.636942675;0
2512;CO;04-12-2025;7;28;316;04-12-2025 6:45;PEHUENCHE-2;240685.5365;0.363057325;0;0.636942675;0;0;0;0.363057325;0.636942675;0
2512;CO;04-12-2025;8;29;317;04-12-2025 7:00;PEHUENCHE-2;80022.30455;0.718682213;0;0;0;0.281317787;0;0.718682213;0;0.281317787
2512;CO;04-12-2025;17;65;353;04-12-2025 16:00;PEHUENCHE-2;259681.4941;0.655793375;0;0;0;0.344206625;0;0.655793375;0;0.344206625
2512;CO;04-12-2025;17;66;354;04-12-2025 16:15;PEHUENCHE-2;918581.3448;0.655793375;0;0;0;0.344206625;0;0.655793375;0;0.344206625
2512;CO;04-12-2025;17;67;355;04-12-2025 16:30;PEHUENCHE-2;351894.9085;0.655793375;0;0;0;0.344206625;0;0.655793375;0;0.344206625
2512;CO;04-12-2025;17;68;356;04-12-2025 16:45;PEHUENCHE-2;308199.6213;0.655793375;0;0;0;0.344206625;0;0.655793375;0;0.344206625
2512;CO;04-12-2025;18;69;357;04-12-2025 17:00;PEHUENCHE-2;63747.87641;0;0;0;0;0;1;0;0;1
2512;CO;04-12-2025;18;70;358;04-12-2025 17:15;PEHUENCHE-2;326455.3699;0;0;0;0;0;1;0;0;1
2512;CO;04-12-2025;18;71;359;04-12-2025 17:30;PEHUENCHE-2;330806.4876;0;0;0;0;0;1;0;0;1
2512;CO;04-12-2025;18;72;360;04-12-2025 17:45;PEHUENCHE-2;156513.5812;0;0;0;0;0;1;0;0;1
2512;CO;04-12-2025;21;81;369;04-12-2025 20:00;PEHUENCHE-2;0;0;0;0;1;0;0;0;1;0
2512;CO;04-12-2025;21;82;370;04-12-2025 20:15;PEHUENCHE-2;0;0;0;0;1;0;0;0;1;0
2512;CO;04-12-2025;21;83;371;04-12-2025 20:30;PEHUENCHE-2;0;0;0;0;1;0;0;0;1;0
2512;CO;04-12-2025;21;84;372;04-12-2025 20:45;PEHUENCHE-2;0;0;0;0;1;0;0;0;1;0
2512;CO;04-12-2025;24;93;381;04-12-2025 23:00;PEHUENCHE-2;0;0.576614773;0;0.422309875;0.001075351;0;0;0.576614773;0.423385227;0
2512;CO;04-12-2025;24;94;382;04-12-2025 23:15;PEHUENCHE-2;0;0.576614773;0;0.422309875;0.001075351;0;0;0.576614773;0.423385227;0
2512;CO;04-12-2025;24;95;383;04-12-2025 23:30;PEHUENCHE-2;0;0.576614773;0;0.422309875;0.001075351;0;0;0.576614773;0.423385227;0
2512;CO;04-12-2025;24;96;384;04-12-2025 23:45;PEHUENCHE-2;0;0.576614773;0;0.422309875;0.001075351;0;0;0.576614773;0.423385227;0
2512;CO;05-12-2025;20;79;463;05-12-2025 19:30;PEHUENCHE-2;148560.9778;0.277217615;0;0.253039129;0.469743256;0;0;0.277217615;0.722782385;0
2512;CO;05-12-2025;21;81;465;05-12-2025 20:00;PEHUENCHE-2;715.4399355;0.631361867;0;0;0.368638133;0;0;0.631361867;0.368638133;0
2512;CO;05-12-2025;21;82;466;05-12-2025 20:15;PEHUENCHE-2;3146.39664;0.631361867;0;0;0.368638133;0;0;0.631361867;0.368638133;0
2512;CO;05-12-2025;21;83;467;05-12-2025 20:30;PEHUENCHE-2;2872.499473;0.631361867;0;0;0.368638133;0;0;0.631361867;0.368638133;0
2512;CO;05-12-2025;21;84;468;05-12-2025 20:45;PEHUENCHE-2;7322.389558;0.631361867;0;0;0.368638133;0;0;0.631361867;0.368638133;0
2512;CO;05-12-2025;22;85;469;05-12-2025 21:00;PEHUENCHE-2;41298.98166;0.199663016;0;0;0.800336984;0;0;0.199663016;0.800336984;0
2512;CO;05-12-2025;22;86;470;05-12-2025 21:15;PEHUENCHE-2;46091.96744;0.199663016;0;0;0.800336984;0;0;0.199663016;0.800336984;0
2512;CO;05-12-2025;22;87;471;05-12-2025 21:30;PEHUENCHE-2;46091.96744;0.199663016;0;0;0.800336984;0;0;0.199663016;0.800336984;0
2512;CO;05-12-2025;22;88;472;05-12-2025 21:45;PEHUENCHE-2;46140.31122;0.199663016;0;0;0.800336984;0;0;0.199663016;0.800336984;0
2512;CO;05-12-2025;23;89;473;05-12-2025 22:00;PEHUENCHE-2;9737.999342;0.211901534;0;0;0.788098466;0;0;0.211901534;0.788098466;0
2512;CO;05-12-2025;23;90;474;05-12-2025 22:15;PEHUENCHE-2;9660.183649;0.211901534;0;0;0.788098466;0;0;0.211901534;0.788098466;0
2512;CO;05-12-2025;23;91;475;05-12-2025 22:30;PEHUENCHE-2;9724.466178;0.211901534;0;0;0.788098466;0;0;0.211901534;0.788098466;0
2512;CO;05-12-2025;23;92;476;05-12-2025 22:45;PEHUENCHE-2;9758.299088;0.211901534;0;0;0.788098466;0;0;0.211901534;0.788098466;0
2512;CO;05-12-2025;24;93;477;05-12-2025 23:00;PEHUENCHE-2;0;1;0;0;0;0;0;1;0;0
2512;CO;05-12-2025;24;94;478;05-12-2025 23:15;PEHUENCHE-2;0;1;0;0;0;0;0;1;0;0
2512;CO;06-12-2025;1;1;481;06-12-2025 0:00;PEHUENCHE-2;0;1;0;0;0;0;0;1;0;0
2512;CO;06-12-2025;1;2;482;06-12-2025 0:15;PEHUENCHE-2;0;1;0;0;0;0;0;1;0;0
2512;CO;06-12-2025;1;3;483;06-12-2025 0:30;PEHUENCHE-2;0;1;0;0;0;0;0;1;0;0
2512;CO;06-12-2025;1;4;484;06-12-2025 0:45;PEHUENCHE-2;0;1;0;0;0;0;0;1;0;0
2512;CO;06-12-2025;2;5;485;06-12-2025 1:00;PEHUENCHE-2;0;0;1;0;0;0;0;1;0;0
2512;CO;06-12-2025;2;6;486;06-12-2025 1:15;PEHUENCHE-2;0;0;1;0;0;0;0;1;0;0
2512;CO;06-12-2025;2;7;487;06-12-2025 1:30;PEHUENCHE-2;0;0;1;0;0;0;0;1;0;0
2512;CO;06-12-2025;2;8;488;06-12-2025 1:45;PEHUENCHE-2;0;0;1;0;0;0;0;1;0;0
2512;CO;06-12-2025;3;9;489;06-12-2025 2:00;PEHUENCHE-2;8525.076392;0;1;0;0;0;0;1;0;0
2512;CO;06-12-2025;3;10;490;06-12-2025 2:15;PEHUENCHE-2;8492.04173;0;1;0;0;0;0;1;0;0
2512;CO;06-12-2025;3;11;491;06-12-2025 2:30;PEHUENCHE-2;8494.683959;0;1;0;0;0;0;1;0;0
2512;CO;06-12-2025;3;12;492;06-12-2025 2:45;PEHUENCHE-2;8407.474085;0;1;0;0;0;0;1;0;0
2512;CO;06-12-2025;4;13;493;06-12-2025 3:00;PEHUENCHE-2;7938.989352;0;1;0;0;0;0;1;0;0
2512;CO;06-12-2025;4;14;494;06-12-2025 3:15;PEHUENCHE-2;8081.487604;0;1;0;0;0;0;1;0;0
2512;CO;06-12-2025;4;15;495;06-12-2025 3:30;PEHUENCHE-2;8222.863155;0;1;0;0;0;0;1;0;0
2512;CO;06-12-2025;4;16;496;06-12-2025 3:45;PEHUENCHE-2;8220.30946;0;1;0;0;0;0;1;0;0
2512;CO;06-12-2025;5;17;497;06-12-2025 4:00;PEHUENCHE-2;169879.8525;0;0.98267139;0;0.01732861;0;0;0.98267139;0.01732861;0
2512;CO;06-12-2025;5;18;498;06-12-2025 4:15;PEHUENCHE-2;197426.1223;0;0.98267139;0;0.01732861;0;0;0.98267139;0.01732861;0
2512;CO;06-12-2025;5;19;499;06-12-2025 4:30;PEHUENCHE-2;197605.115;0;0.98267139;0;0.01732861;0;0;0.98267139;0.01732861;0
2512;CO;06-12-2025;5;20;500;06-12-2025 4:45;PEHUENCHE-2;197038.361;0;0.98267139;0;0.01732861;0;0;0.98267139;0.01732861;0
2512;CO;06-12-2025;6;21;501;06-12-2025 5:00;PEHUENCHE-2;283902.762;0;0.033716473;0;0.621863225;0;0.344420301;0.033716473;0.621863225;0.344420301
2512;CO;06-12-2025;6;22;502;06-12-2025 5:15;PEHUENCHE-2;264747.5014;0;0.033716473;0;0.621863225;0;0.344420301;0.033716473;0.621863225;0.344420301
2512;CO;06-12-2025;6;23;503;06-12-2025 5:30;PEHUENCHE-2;131828.3915;0;0.033716473;0;0.621863225;0;0.344420301;0.033716473;0.621863225;0.344420301
2512;CO;07-12-2025;22;85;661;07-12-2025 21:00;PEHUENCHE-2;48287.25173;0.445187166;0;0.554812834;0;0;0;0.445187166;0.554812834;0
2512;CO;07-12-2025;22;86;662;07-12-2025 21:15;PEHUENCHE-2;47431.25388;0.445187166;0;0.554812834;0;0;0;0.445187166;0.554812834;0
2512;CO;07-12-2025;22;87;663;07-12-2025 21:30;PEHUENCHE-2;46331.02696;0.445187166;0;0.554812834;0;0;0;0.445187166;0.554812834;0
2512;CO;07-12-2025;22;88;664;07-12-2025 21:45;PEHUENCHE-2;42663.02395;0.445187166;0;0.554812834;0;0;0;0.445187166;0.554812834;0
2512;CO;07-12-2025;23;89;665;07-12-2025 22:00;PEHUENCHE-2;147634.9841;0.49543162;0;0.451801394;0.052766986;0;0;0.49543162;0.50456838;0
2512;CO;07-12-2025;23;90;666;07-12-2025 22:15;PEHUENCHE-2;86189.29868;0.49543162;0;0.451801394;0.052766986;0;0;0.49543162;0.50456838;0
2512;CO;07-12-2025;24;93;669;07-12-2025 23:00;PEHUENCHE-2;331422.898;0.444135824;0;0.475661412;0.010936741;0.069266023;0;0.444135824;0.486598153;0.069266023
2512;CO;07-12-2025;24;94;670;07-12-2025 23:15;PEHUENCHE-2;375981.0553;0.444135824;0;0.475661412;0.010936741;0.069266023;0;0.444135824;0.486598153;0.069266023
2512;CO;07-12-2025;24;95;671;07-12-2025 23:30;PEHUENCHE-2;335295.8971;0.444135824;0;0.475661412;0.010936741;0.069266023;0;0.444135824;0.486598153;0.069266023
2512;CO;07-12-2025;24;96;672;07-12-2025 23:45;PEHUENCHE-2;283440.0299;0.444135824;0;0.475661412;0.010936741;0.069266023;0;0.444135824;0.486598153;0.069266023
2512;CO;08-12-2025;1;1;673;08-12-2025 0:00;PEHUENCHE-2;81090.0071;0.400976868;0;0;0;0.599023132;0;0.400976868;0;0.599023132
2512;CO;08-12-2025;1;2;674;08-12-2025 0:15;PEHUENCHE-2;74261.24178;0.400976868;0;0;0;0.599023132;0;0.400976868;0;0.599023132
2512;CO;08-12-2025;1;3;675;08-12-2025 0:30;PEHUENCHE-2;78043.51291;0.400976868;0;0;0;0.599023132;0;0.400976868;0;0.599023132
2512;CO;08-12-2025;1;4;676;08-12-2025 0:45;PEHUENCHE-2;71382.17542;0.400976868;0;0;0;0.599023132;0;0.400976868;0;0.599023132
2512;CO;08-12-2025;2;5;677;08-12-2025 1:00;PEHUENCHE-2;73436.71894;0.399811989;0;0.600188011;0;0;0;0.399811989;0.600188011;0
2512;CO;08-12-2025;2;6;678;08-12-2025 1:15;PEHUENCHE-2;81356.80798;0.399811989;0;0.600188011;0;0;0;0.399811989;0.600188011;0
2512;CO;08-12-2025;2;7;679;08-12-2025 1:30;PEHUENCHE-2;42161.54322;0.399811989;0;0.600188011;0;0;0;0.399811989;0.600188011;0
2512;CO;08-12-2025;7;25;697;08-12-2025 6:00;PEHUENCHE-2;2055.882323;0.575557611;0;0.394073575;0.030368815;0;0;0.575557611;0.424442389;0
2512;CO;08-12-2025;7;26;698;08-12-2025 6:15;PEHUENCHE-2;47013.3791;0.575557611;0;0.394073575;0.030368815;0;0;0.575557611;0.424442389;0
2512;CO;08-12-2025;7;27;699;08-12-2025 6:30;PEHUENCHE-2;46214.51829;0.575557611;0;0.394073575;0.030368815;0;0;0.575557611;0.424442389;0
2512;CO;08-12-2025;7;28;700;08-12-2025 6:45;PEHUENCHE-2;47812.23992;0.575557611;0;0.394073575;0.030368815;0;0;0.575557611;0.424442389;0
2512;CO;08-12-2025;20;80;752;08-12-2025 19:45;PEHUENCHE-2;24703.94463;0.217551599;0;0.524028153;0;0.258420248;0;0.217551599;0.524028153;0.258420248
2512;CO;08-12-2025;21;81;753;08-12-2025 20:00;PEHUENCHE-2;18117.12752;0.322305217;0.005672572;0.672022211;0;0;0;0.327977789;0.672022211;0
2512;CO;08-12-2025;21;82;754;08-12-2025 20:15;PEHUENCHE-2;56704.50565;0.322305217;0.005672572;0.672022211;0;0;0;0.327977789;0.672022211;0
2512;CO;08-12-2025;21;83;755;08-12-2025 20:30;PEHUENCHE-2;104403.5988;0.322305217;0.005672572;0.672022211;0;0;0;0.327977789;0.672022211;0
2512;CO;08-12-2025;21;84;756;08-12-2025 20:45;PEHUENCHE-2;111521.7455;0.322305217;0.005672572;0.672022211;0;0;0;0.327977789;0.672022211;0
2512;CO;08-12-2025;22;85;757;08-12-2025 21:00;PEHUENCHE-2;164500.6969;0.597067917;0.178447778;0.224484305;0;0;0;0.775515695;0.224484305;0
2512;CO;08-12-2025;22;86;758;08-12-2025 21:15;PEHUENCHE-2;164036.675;0.597067917;0.178447778;0.224484305;0;0;0;0.775515695;0.224484305;0
2512;CO;08-12-2025;22;87;759;08-12-2025 21:30;PEHUENCHE-2;170534.6465;0.597067917;0.178447778;0.224484305;0;0;0;0.775515695;0.224484305;0
2512;CO;08-12-2025;22;88;760;08-12-2025 21:45;PEHUENCHE-2;170843.9944;0.597067917;0.178447778;0.224484305;0;0;0;0.775515695;0.224484305;0
2512;CO;08-12-2025;23;89;761;08-12-2025 22:00;PEHUENCHE-2;188327.5076;0.409390171;0;0.590609829;0;0;0;0.409390171;0.590609829;0
2512;CO;08-12-2025;23;90;762;08-12-2025 22:15;PEHUENCHE-2;300698.6458;0.409390171;0;0.590609829;0;0;0;0.409390171;0.590609829;0
2512;CO;08-12-2025;23;91;763;08-12-2025 22:30;PEHUENCHE-2;344230.3527;0.409390171;0;0.590609829;0;0;0;0.409390171;0.590609829;0
2512;CO;08-12-2025;23;92;764;08-12-2025 22:45;PEHUENCHE-2;344044.1988;0.409390171;0;0.590609829;0;0;0;0.409390171;0.590609829;0
2512;CO;08-12-2025;24;93;765;08-12-2025 23:00;PEHUENCHE-2;530406.2512;0.464273554;0;0.535726446;0;0;0;0.464273554;0.535726446;0
2512;CO;08-12-2025;24;94;766;08-12-2025 23:15;PEHUENCHE-2;538049.2031;0.464273554;0;0.535726446;0;0;0;0.464273554;0.535726446;0
2512;CO;08-12-2025;24;95;767;08-12-2025 23:30;PEHUENCHE-2;473194.7961;0.464273554;0;0.535726446;0;0;0;0.464273554;0.535726446;0
2512;CO;08-12-2025;24;96;768;08-12-2025 23:45;PEHUENCHE-2;5314.952601;0.464273554;0;0.535726446;0;0;0;0.464273554;0.535726446;0
2512;CO;09-12-2025;1;1;769;09-12-2025 0:00;PEHUENCHE-2;28239.82971;0.323901625;0;0.676098375;0;0;0;0.323901625;0.676098375;0
2512;CO;09-12-2025;1;2;770;09-12-2025 0:15;PEHUENCHE-2;23369.13139;0.323901625;0;0.676098375;0;0;0;0.323901625;0.676098375;0
2512;CO;09-12-2025;1;3;771;09-12-2025 0:30;PEHUENCHE-2;600864.3165;0.323901625;0;0.676098375;0;0;0;0.323901625;0.676098375;0
2512;CO;09-12-2025;1;4;772;09-12-2025 0:45;PEHUENCHE-2;1936157.315;0.323901625;0;0.676098375;0;0;0;0.323901625;0.676098375;0
2512;CO;09-12-2025;2;5;773;09-12-2025 1:00;PEHUENCHE-2;2177176.898;0.397327912;0;0.508277665;0;0.094394423;0;0.397327912;0.508277665;0.094394423
2512;CO;09-12-2025;2;6;774;09-12-2025 1:15;PEHUENCHE-2;2173330.361;0.397327912;0;0.508277665;0;0.094394423;0;0.397327912;0.508277665;0.094394423
2512;CO;09-12-2025;2;7;775;09-12-2025 1:30;PEHUENCHE-2;1551585.211;0.397327912;0;0.508277665;0;0.094394423;0;0.397327912;0.508277665;0.094394423
2512;CO;09-12-2025;2;8;776;09-12-2025 1:45;PEHUENCHE-2;77383.96001;0.397327912;0;0.508277665;0;0.094394423;0;0.397327912;0.508277665;0.094394423
2512;CO;09-12-2025;3;9;777;09-12-2025 2:00;PEHUENCHE-2;720.071482;0.434856795;0.159818281;0;0;0.405324924;0;0.594675076;0;0.405324924
2512;CO;09-12-2025;3;10;778;09-12-2025 2:15;PEHUENCHE-2;1651.994347;0.434856795;0.159818281;0;0;0.405324924;0;0.594675076;0;0.405324924
2512;CO;09-12-2025;3;11;779;09-12-2025 2:30;PEHUENCHE-2;405.0029106;0.434856795;0.159818281;0;0;0.405324924;0;0.594675076;0;0.405324924
2512;CO;09-12-2025;4;13;781;09-12-2025 3:00;PEHUENCHE-2;75941.6021;0.336054964;0.080663673;0;0;0.583281364;0;0.416718636;0;0.583281364
2512;CO;09-12-2025;4;14;782;09-12-2025 3:15;PEHUENCHE-2;145570.9682;0.336054964;0.080663673;0;0;0.583281364;0;0.416718636;0;0.583281364
2512;CO;09-12-2025;4;15;783;09-12-2025 3:30;PEHUENCHE-2;143878.5495;0.336054964;0.080663673;0;0;0.583281364;0;0.416718636;0;0.583281364
2512;CO;09-12-2025;4;16;784;09-12-2025 3:45;PEHUENCHE-2;147784.2525;0.336054964;0.080663673;0;0;0.583281364;0;0.416718636;0;0.583281364
2512;CO;09-12-2025;5;17;785;09-12-2025 4:00;PEHUENCHE-2;40507.532;1;0;0;0;0;0;1;0;0
2512;CO;09-12-2025;5;18;786;09-12-2025 4:15;PEHUENCHE-2;39948.32425;1;0;0;0;0;0;1;0;0
2512;CO;09-12-2025;5;19;787;09-12-2025 4:30;PEHUENCHE-2;40249.418;1;0;0;0;0;0;1;0;0
2512;CO;09-12-2025;5;20;788;09-12-2025 4:45;PEHUENCHE-2;40722.60737;1;0;0;0;0;0;1;0;0
2512;CO;09-12-2025;6;21;789;09-12-2025 5:00;PEHUENCHE-2;0;0.9244419;0.0755581;0;0;0;0;1;0;0
2512;CO;09-12-2025;6;22;790;09-12-2025 5:15;PEHUENCHE-2;0;0.9244419;0.0755581;0;0;0;0;1;0;0
2512;CO;09-12-2025;6;23;791;09-12-2025 5:30;PEHUENCHE-2;0;0.9244419;0.0755581;0;0;0;0;1;0;0
2512;CO;09-12-2025;6;24;792;09-12-2025 5:45;PEHUENCHE-2;0;0.9244419;0.0755581;0;0;0;0;1;0;0
2512;CO;09-12-2025;7;25;793;09-12-2025 6:00;PEHUENCHE-2;547704.1683;0.55411536;0;0.44588464;0;0;0;0.55411536;0.44588464;0
2512;CO;09-12-2025;7;26;794;09-12-2025 6:15;PEHUENCHE-2;1154789.513;0.55411536;0;0.44588464;0;0;0;0.55411536;0.44588464;0
2512;CO;09-12-2025;7;27;795;09-12-2025 6:30;PEHUENCHE-2;1765787.939;0.55411536;0;0.44588464;0;0;0;0.55411536;0.44588464;0
2512;CO;09-12-2025;7;28;796;09-12-2025 6:45;PEHUENCHE-2;1245149.961;0.55411536;0;0.44588464;0;0;0;0.55411536;0.44588464;0
2512;CO;09-12-2025;8;29;797;09-12-2025 7:00;PEHUENCHE-2;1176965.781;0.190881977;0;0.809118023;0;0;0;0.190881977;0.809118023;0
2512;CO;09-12-2025;9;33;801;09-12-2025 8:00;PEHUENCHE-2;144.9329532;0;0;1;0;0;0;0;1;0
2512;CO;09-12-2025;9;34;802;09-12-2025 8:15;PEHUENCHE-2;93.96047868;0;0;1;0;0;0;0;1;0
2512;CO;09-12-2025;9;35;803;09-12-2025 8:30;PEHUENCHE-2;1011.465019;0;0;1;0;0;0;0;1;0
2512;CO;09-12-2025;9;36;804;09-12-2025 8:45;PEHUENCHE-2;1606.143888;0;0;1;0;0;0;0;1;0
2512;CO;09-12-2025;10;37;805;09-12-2025 9:00;PEHUENCHE-2;247.2778366;0;0;1;0;0;0;0;1;0
2512;CO;09-12-2025;10;38;806;09-12-2025 9:15;PEHUENCHE-2;8415.11361;0;0;1;0;0;0;0;1;0
2512;CO;09-12-2025;10;39;807;09-12-2025 9:30;PEHUENCHE-2;8415.11361;0;0;1;0;0;0;0;1;0
2512;CO;09-12-2025;20;80;848;09-12-2025 19:45;PEHUENCHE-2;249569.3235;0.123974141;0;0.876025859;0;0;0;0.123974141;0.876025859;0
2512;CO;09-12-2025;21;81;849;09-12-2025 20:00;PEHUENCHE-2;314512.5003;0.088158395;0;0.911841605;0;0;0;0.088158395;0.911841605;0
2512;CO;09-12-2025;21;82;850;09-12-2025 20:15;PEHUENCHE-2;983735.3751;0.088158395;0;0.911841605;0;0;0;0.088158395;0.911841605;0
2512;CO;09-12-2025;21;83;851;09-12-2025 20:30;PEHUENCHE-2;2112832.436;0.088158395;0;0.911841605;0;0;0;0.088158395;0.911841605;0
2512;CO;09-12-2025;21;84;852;09-12-2025 20:45;PEHUENCHE-2;2290822.506;0.088158395;0;0.911841605;0;0;0;0.088158395;0.911841605;0
2512;CO;09-12-2025;22;85;853;09-12-2025 21:00;PEHUENCHE-2;1697034.877;0.049832628;0;0.778290945;0.171876427;0;0;0.049832628;0.950167372;0
2512;CO;09-12-2025;22;86;854;09-12-2025 21:15;PEHUENCHE-2;1694837.818;0.049832628;0;0.778290945;0.171876427;0;0;0.049832628;0.950167372;0
2512;CO;09-12-2025;22;87;855;09-12-2025 21:30;PEHUENCHE-2;1681654.995;0.049832628;0;0.778290945;0.171876427;0;0;0.049832628;0.950167372;0
2512;CO;09-12-2025;22;88;856;09-12-2025 21:45;PEHUENCHE-2;1674749.706;0.049832628;0;0.778290945;0.171876427;0;0;0.049832628;0.950167372;0
2512;CO;09-12-2025;23;89;857;09-12-2025 22:00;PEHUENCHE-2;1808220.245;0.679559523;0;0.234361261;0.086079216;0;0;0.679559523;0.320440477;0
2512;CO;09-12-2025;23;90;858;09-12-2025 22:15;PEHUENCHE-2;2147977.913;0.679559523;0;0.234361261;0.086079216;0;0;0.679559523;0.320440477;0
2512;CO;09-12-2025;23;91;859;09-12-2025 22:30;PEHUENCHE-2;2078502.767;0.679559523;0;0.234361261;0.086079216;0;0;0.679559523;0.320440477;0
2512;CO;09-12-2025;23;92;860;09-12-2025 22:45;PEHUENCHE-2;1929580.217;0.679559523;0;0.234361261;0.086079216;0;0;0.679559523;0.320440477;0
2512;CO;09-12-2025;24;93;861;09-12-2025 23:00;PEHUENCHE-2;1948426.329;0.689076842;0;0.273953144;0.036970015;0;0;0.689076842;0.310923158;0
2512;CO;09-12-2025;24;94;862;09-12-2025 23:15;PEHUENCHE-2;1907579.452;0.689076842;0;0.273953144;0.036970015;0;0;0.689076842;0.310923158;0
2512;CO;09-12-2025;24;95;863;09-12-2025 23:30;PEHUENCHE-2;1904743.563;0.689076842;0;0.273953144;0.036970015;0;0;0.689076842;0.310923158;0
2512;CO;09-12-2025;24;96;864;09-12-2025 23:45;PEHUENCHE-2;1280113.601;0.689076842;0;0.273953144;0.036970015;0;0;0.689076842;0.310923158;0
2512;CO;10-12-2025;1;1;865;10-12-2025 0:00;PEHUENCHE-2;301967.5842;0.837532575;0;0.162467425;0;0;0;0.837532575;0.162467425;0
2512;CO;10-12-2025;1;2;866;10-12-2025 0:15;PEHUENCHE-2;317872.9632;0.837532575;0;0.162467425;0;0;0;0.837532575;0.162467425;0
2512;CO;10-12-2025;1;3;867;10-12-2025 0:30;PEHUENCHE-2;326796.7274;0.837532575;0;0.162467425;0;0;0;0.837532575;0.162467425;0
2512;CO;10-12-2025;1;4;868;10-12-2025 0:45;PEHUENCHE-2;637912.4968;0.837532575;0;0.162467425;0;0;0;0.837532575;0.162467425;0
2512;CO;10-12-2025;2;5;869;10-12-2025 1:00;PEHUENCHE-2;1914214.146;0.578125;0;0.421875;0;0;0;0.578125;0.421875;0
2512;CO;10-12-2025;2;6;870;10-12-2025 1:15;PEHUENCHE-2;1919565.66;0.578125;0;0.421875;0;0;0;0.578125;0.421875;0
2512;CO;10-12-2025;2;7;871;10-12-2025 1:30;PEHUENCHE-2;1919231.211;0.578125;0;0.421875;0;0;0;0.578125;0.421875;0
2512;CO;10-12-2025;2;8;872;10-12-2025 1:45;PEHUENCHE-2;1923579.211;0.578125;0;0.421875;0;0;0;0.578125;0.421875;0
2512;CO;10-12-2025;3;9;873;10-12-2025 2:00;PEHUENCHE-2;991811.3309;0.877780494;0;0.122219506;0;0;0;0.877780494;0.122219506;0
2512;CO;10-12-2025;3;10;874;10-12-2025 2:15;PEHUENCHE-2;653430.8685;0.877780494;0;0.122219506;0;0;0;0.877780494;0.122219506;0
2512;CO;10-12-2025;3;11;875;10-12-2025 2:30;PEHUENCHE-2;370654.9322;0.877780494;0;0.122219506;0;0;0;0.877780494;0.122219506;0
2512;CO;10-12-2025;3;12;876;10-12-2025 2:45;PEHUENCHE-2;774503.7163;0.877780494;0;0.122219506;0;0;0;0.877780494;0.122219506;0
2512;CO;10-12-2025;4;13;877;10-12-2025 3:00;PEHUENCHE-2;1144624.953;1;0;0;0;0;0;1;0;0
2512;CO;10-12-2025;4;14;878;10-12-2025 3:15;PEHUENCHE-2;1145042.553;1;0;0;0;0;0;1;0;0
2512;CO;10-12-2025;4;15;879;10-12-2025 3:30;PEHUENCHE-2;1140031.361;1;0;0;0;0;0;1;0;0
2512;CO;10-12-2025;4;16;880;10-12-2025 3:45;PEHUENCHE-2;1141284.159;1;0;0;0;0;0;1;0;0
2512;CO;10-12-2025;5;17;881;10-12-2025 4:00;PEHUENCHE-2;461064.4804;0.89236879;0;0;0.10763121;0;0;0.89236879;0.10763121;0
2512;CO;10-12-2025;5;18;882;10-12-2025 4:15;PEHUENCHE-2;460347.2093;0.89236879;0;0;0.10763121;0;0;0.89236879;0.10763121;0
2512;CO;10-12-2025;5;19;883;10-12-2025 4:30;PEHUENCHE-2;465941.9238;0.89236879;0;0;0.10763121;0;0;0.89236879;0.10763121;0
2512;CO;10-12-2025;5;20;884;10-12-2025 4:45;PEHUENCHE-2;708973.3317;0.89236879;0;0;0.10763121;0;0;0.89236879;0.10763121;0
2512;CO;10-12-2025;22;86;950;10-12-2025 21:15;PEHUENCHE-2;105.6650066;0;0;0;1;0;0;0;1;0
2512;CO;10-12-2025;22;87;951;10-12-2025 21:30;PEHUENCHE-2;122.5236556;0;0;0;1;0;0;0;1;0
2512;CO;10-12-2025;22;88;952;10-12-2025 21:45;PEHUENCHE-2;130.9596967;0;0;0;1;0;0;0;1;0
2512;CO;10-12-2025;24;94;958;10-12-2025 23:15;PEHUENCHE-2;189879.85;0.561579663;0;0.342894867;0;0;0.09552547;0.561579663;0.342894867;0.09552547
2512;CO;11-12-2025;9;35;995;11-12-2025 8:30;PEHUENCHE-2;115395.5902;0;0;0.267174039;0.732825961;0;0;0;1;0
2512;CO;11-12-2025;9;36;996;11-12-2025 8:45;PEHUENCHE-2;226794.6077;0;0;0.267174039;0.732825961;0;0;0;1;0
2512;CO;12-12-2025;7;25;1081;12-12-2025 6:00;PEHUENCHE-2;5302.072717;0.611952647;0;0.19255317;0.195494183;0;0;0.611952647;0.388047353;0
2512;CO;12-12-2025;7;26;1082;12-12-2025 6:15;PEHUENCHE-2;3835.462508;0.611952647;0;0.19255317;0.195494183;0;0;0.611952647;0.388047353;0
2512;CO;12-12-2025;7;27;1083;12-12-2025 6:30;PEHUENCHE-2;43348.08843;0.611952647;0;0.19255317;0.195494183;0;0;0.611952647;0.388047353;0
2512;CO;12-12-2025;7;28;1084;12-12-2025 6:45;PEHUENCHE-2;44066.31013;0.611952647;0;0.19255317;0.195494183;0;0;0.611952647;0.388047353;0
2512;CO;12-12-2025;21;81;1137;12-12-2025 20:00;PEHUENCHE-2;10270.40988;0.212016087;0;0;0.32129186;0.466692054;0;0.212016087;0.32129186;0.466692054
2512;CO;12-12-2025;22;87;1143;12-12-2025 21:30;PEHUENCHE-2;17394.2745;0.418150498;0;0.56373296;0.018116542;0;0;0.418150498;0.581849502;0
2512;CO;12-12-2025;22;88;1144;12-12-2025 21:45;PEHUENCHE-2;11773.02753;0.418150498;0;0.56373296;0.018116542;0;0;0.418150498;0.581849502;0
2512;CO;12-12-2025;23;92;1148;12-12-2025 22:45;PEHUENCHE-2;7301.078089;0.271449116;0;0;0.123512374;0.60503851;0;0.271449116;0.123512374;0.60503851
2512;CO;12-12-2025;24;93;1149;12-12-2025 23:00;PEHUENCHE-2;16811.53201;0.266849218;0;0;0;0.733150782;0;0.266849218;0;0.733150782
2512;CO;12-12-2025;24;94;1150;12-12-2025 23:15;PEHUENCHE-2;7144.469449;0.266849218;0;0;0;0.733150782;0;0.266849218;0;0.733150782
2512;CO;12-12-2025;24;95;1151;12-12-2025 23:30;PEHUENCHE-2;750621.2372;0.266849218;0;0;0;0.733150782;0;0.266849218;0;0.733150782
2512;CO;12-12-2025;24;96;1152;12-12-2025 23:45;PEHUENCHE-2;1871263.815;0.266849218;0;0;0;0.733150782;0;0.266849218;0;0.733150782
2512;CO;15-12-2025;2;8;1352;15-12-2025 1:45;PEHUENCHE-2;17067.54733;0.387991466;0;0;0;0.612008534;0;0.387991466;0;0.612008534
2512;CO;15-12-2025;5;19;1363;15-12-2025 4:30;PEHUENCHE-2;32118.63417;0.373729281;0;0;0.007970402;0.618300317;0;0.373729281;0.007970402;0.618300317
2512;CO;15-12-2025;5;20;1364;15-12-2025 4:45;PEHUENCHE-2;33617.49884;0.373729281;0;0;0.007970402;0.618300317;0;0.373729281;0.007970402;0.618300317
2512;CO;15-12-2025;6;21;1365;15-12-2025 5:00;PEHUENCHE-2;34888.08112;0.447942589;0;0.492736848;0.059320563;0;0;0.447942589;0.552057411;0
2512;CO;15-12-2025;7;25;1369;15-12-2025 6:00;PEHUENCHE-2;51039.14471;0.126826914;0;0.610393972;0.262779115;0;0;0.126826914;0.873173086;0
2512;CO;15-12-2025;7;26;1370;15-12-2025 6:15;PEHUENCHE-2;350543.9721;0.126826914;0;0.610393972;0.262779115;0;0;0.126826914;0.873173086;0
2512;CO;15-12-2025;7;27;1371;15-12-2025 6:30;PEHUENCHE-2;740677.6506;0.126826914;0;0.610393972;0.262779115;0;0;0.126826914;0.873173086;0
2512;CO;15-12-2025;7;28;1372;15-12-2025 6:45;PEHUENCHE-2;272969.6272;0.126826914;0;0.610393972;0.262779115;0;0;0.126826914;0.873173086;0
2512;CO;15-12-2025;8;29;1373;15-12-2025 7:00;PEHUENCHE-2;254605.2186;0;0;0;0;1;0;0;0;1
2512;CO;15-12-2025;24;96;1440;15-12-2025 23:45;PEHUENCHE-2;7781.208958;0.213067196;0;0.605692187;0;0.181240617;0;0.213067196;0.605692187;0.181240617
2512;CO;16-12-2025;1;1;1441;16-12-2025 0:00;PEHUENCHE-2;1141530.387;0.40513263;0;0.587700293;0;0.007167077;0;0.40513263;0.587700293;0.007167077
2512;CO;16-12-2025;1;2;1442;16-12-2025 0:15;PEHUENCHE-2;348924.7991;0.40513263;0;0.587700293;0;0.007167077;0;0.40513263;0.587700293;0.007167077
2512;CO;16-12-2025;6;21;1461;16-12-2025 5:00;PEHUENCHE-2;52606.04386;0.396572204;0;0.128457492;0;0.474970304;0;0.396572204;0.128457492;0.474970304
2512;CO;16-12-2025;6;22;1462;16-12-2025 5:15;PEHUENCHE-2;53382.13332;0.396572204;0;0.128457492;0;0.474970304;0;0.396572204;0.128457492;0.474970304
2512;CO;16-12-2025;6;23;1463;16-12-2025 5:30;PEHUENCHE-2;48467.43787;0.396572204;0;0.128457492;0;0.474970304;0;0.396572204;0.128457492;0.474970304
2512;CO;16-12-2025;6;24;1464;16-12-2025 5:45;PEHUENCHE-2;45880.74189;0.396572204;0;0.128457492;0;0.474970304;0;0.396572204;0.128457492;0.474970304
2512;CO;16-12-2025;7;25;1465;16-12-2025 6:00;PEHUENCHE-2;28445.47069;0.840734348;0;0.159265652;0;0;0;0.840734348;0.159265652;0
2512;CO;16-12-2025;7;26;1466;16-12-2025 6:15;PEHUENCHE-2;26767.0082;0.840734348;0;0.159265652;0;0;0;0.840734348;0.159265652;0
2512;CO;16-12-2025;7;27;1467;16-12-2025 6:30;PEHUENCHE-2;12819.61455;0.840734348;0;0.159265652;0;0;0;0.840734348;0.159265652;0
2512;CO;16-12-2025;22;87;1527;16-12-2025 21:30;PEHUENCHE-2;1636.796977;0.069263332;0;0.604819603;0.325917065;0;0;0.069263332;0.930736668;0
2512;CO;16-12-2025;22;88;1528;16-12-2025 21:45;PEHUENCHE-2;322034.7731;0.069263332;0;0.604819603;0.325917065;0;0;0.069263332;0.930736668;0
2512;CO;16-12-2025;23;89;1529;16-12-2025 22:00;PEHUENCHE-2;534787.2284;0.429273685;0;0.271716629;0.299009686;0;0;0.429273685;0.570726315;0
2512;CO;16-12-2025;23;90;1530;16-12-2025 22:15;PEHUENCHE-2;538701.113;0.429273685;0;0.271716629;0.299009686;0;0;0.429273685;0.570726315;0
2512;CO;16-12-2025;23;91;1531;16-12-2025 22:30;PEHUENCHE-2;534112.4321;0.429273685;0;0.271716629;0.299009686;0;0;0.429273685;0.570726315;0
2512;CO;16-12-2025;23;92;1532;16-12-2025 22:45;PEHUENCHE-2;534652.335;0.429273685;0;0.271716629;0.299009686;0;0;0.429273685;0.570726315;0
2512;CO;16-12-2025;24;93;1533;16-12-2025 23:00;PEHUENCHE-2;554154.6559;0.879135143;0;0.091931167;0.02893369;0;0;0.879135143;0.120864857;0
2512;CO;16-12-2025;24;94;1534;16-12-2025 23:15;PEHUENCHE-2;557257.1;0.879135143;0;0.091931167;0.02893369;0;0;0.879135143;0.120864857;0
2512;CO;16-12-2025;24;95;1535;16-12-2025 23:30;PEHUENCHE-2;4727.857642;0.879135143;0;0.091931167;0.02893369;0;0;0.879135143;0.120864857;0
2512;CO;16-12-2025;24;96;1536;16-12-2025 23:45;PEHUENCHE-2;271.7887462;0.879135143;0;0.091931167;0.02893369;0;0;0.879135143;0.120864857;0
2512;CO;25-12-2025;21;81;2381;25-12-2025 20:00;PEHUENCHE-2;7773.023361;0.58563662;0;0;0.41436338;0;0;0.58563662;0.41436338;0
2512;CO;25-12-2025;21;82;2382;25-12-2025 20:15;PEHUENCHE-2;17002.79973;0.58563662;0;0;0.41436338;0;0;0.58563662;0.41436338;0
2512;CO;25-12-2025;21;83;2383;25-12-2025 20:30;PEHUENCHE-2;15584.23959;0.58563662;0;0;0.41436338;0;0;0.58563662;0.41436338;0
2512;CO;25-12-2025;21;84;2384;25-12-2025 20:45;PEHUENCHE-2;27906.55841;0.58563662;0;0;0.41436338;0;0;0.58563662;0.41436338;0
2512;CO;25-12-2025;22;85;2385;25-12-2025 21:00;PEHUENCHE-2;30435.27655;0.513062228;0;0;0.486937772;0;0;0.513062228;0.486937772;0
2512;CO;25-12-2025;22;86;2386;25-12-2025 21:15;PEHUENCHE-2;30968.50758;0.513062228;0;0;0.486937772;0;0;0.513062228;0.486937772;0
2512;CO;25-12-2025;22;87;2387;25-12-2025 21:30;PEHUENCHE-2;42747.33715;0.513062228;0;0;0.486937772;0;0;0.513062228;0.486937772;0
2512;CO;25-12-2025;22;88;2388;25-12-2025 21:45;PEHUENCHE-2;44984.69517;0.513062228;0;0;0.486937772;0;0;0.513062228;0.486937772;0
2512;CO;25-12-2025;23;89;2389;25-12-2025 22:00;PEHUENCHE-2;40566.27692;0.725425153;0;0;0.274574847;0;0;0.725425153;0.274574847;0
2512;CO;25-12-2025;23;90;2390;25-12-2025 22:15;PEHUENCHE-2;42578.53557;0.725425153;0;0;0.274574847;0;0;0.725425153;0.274574847;0
2512;CO;25-12-2025;23;91;2391;25-12-2025 22:30;PEHUENCHE-2;45108.21316;0.725425153;0;0;0.274574847;0;0;0.725425153;0.274574847;0
2512;CO;25-12-2025;23;92;2392;25-12-2025 22:45;PEHUENCHE-2;45141.6986;0.725425153;0;0;0.274574847;0;0;0.725425153;0.274574847;0
2512;CO;25-12-2025;24;93;2393;25-12-2025 23:00;PEHUENCHE-2;0;1;0;0;0;0;0;1;0;0
2512;CO;25-12-2025;24;94;2394;25-12-2025 23:15;PEHUENCHE-2;0;1;0;0;0;0;0;1;0;0
2512;CO;25-12-2025;24;95;2395;25-12-2025 23:30;PEHUENCHE-2;0;1;0;0;0;0;0;1;0;0
2512;CO;25-12-2025;24;96;2396;25-12-2025 23:45;PEHUENCHE-2;0;1;0;0;0;0;0;1;0;0
2512;CO;26-12-2025;4;15;2411;26-12-2025 3:30;PEHUENCHE-2;1496.045151;0.978447454;0;0;0.021552546;0;0;0.978447454;0.021552546;0
2512;CO;26-12-2025;4;16;2412;26-12-2025 3:45;PEHUENCHE-2;2611.949368;0.978447454;0;0;0.021552546;0;0;0.978447454;0.021552546;0
2512;CO;26-12-2025;5;17;2413;26-12-2025 4:00;PEHUENCHE-2;171402.2411;0.417174921;0;0;0.011954135;0.570870944;0;0.417174921;0.011954135;0.570870944
2512;CO;26-12-2025;5;18;2414;26-12-2025 4:15;PEHUENCHE-2;886646.3467;0.417174921;0;0;0.011954135;0.570870944;0;0.417174921;0.011954135;0.570870944
2512;CO;26-12-2025;5;19;2415;26-12-2025 4:30;PEHUENCHE-2;1709270.548;0.417174921;0;0;0.011954135;0.570870944;0;0.417174921;0.011954135;0.570870944
2512;CO;26-12-2025;5;20;2416;26-12-2025 4:45;PEHUENCHE-2;1378966.313;0.417174921;0;0;0.011954135;0.570870944;0;0.417174921;0.011954135;0.570870944
2512;CO;26-12-2025;6;21;2417;26-12-2025 5:00;PEHUENCHE-2;1160573.186;0.511137415;0;0.294843191;0.194019393;0;0;0.511137415;0.488862585;0
2512;CO;26-12-2025;6;22;2418;26-12-2025 5:15;PEHUENCHE-2;957618.7909;0.511137415;0;0.294843191;0.194019393;0;0;0.511137415;0.488862585;0
2512;CO;26-12-2025;6;23;2419;26-12-2025 5:30;PEHUENCHE-2;1151937.003;0.511137415;0;0.294843191;0.194019393;0;0;0.511137415;0.488862585;0
2512;CO;26-12-2025;6;24;2420;26-12-2025 5:45;PEHUENCHE-2;1212816.483;0.511137415;0;0.294843191;0.194019393;0;0;0.511137415;0.488862585;0
2512;CO;03-12-2025;20;79;271;03-12-2025 19:30;RAPEL-1;353.6805383;0;0;0;0;1;0;0;0;1
2512;CO;03-12-2025;20;80;272;03-12-2025 19:45;RAPEL-1;91658.71937;0;0;0;0;1;0;0;0;1
2512;CO;07-12-2025;23;89;665;07-12-2025 22:00;RAPEL-1;0;0.848349365;0;0.151650635;0;0;0;0.848349365;0.151650635;0
2512;CO;08-12-2025;21;83;755;08-12-2025 20:30;RAPEL-1;0;0;0;0;0;0;0;0;0;0
2512;CO;08-12-2025;21;84;756;08-12-2025 20:45;RAPEL-1;0;0;0;0;0;0;0;0;0;0
2512;CO;15-12-2025;7;26;1370;15-12-2025 6:15;RAPEL-1;25825.16157;0.367171554;0;0.632828446;0;0;0;0.367171554;0.632828446;0
2512;CO;15-12-2025;7;27;1371;15-12-2025 6:30;RAPEL-1;63768.38489;0.367171554;0;0.632828446;0;0;0;0.367171554;0.632828446;0
2512;CO;15-12-2025;7;28;1372;15-12-2025 6:45;RAPEL-1;18021.29404;0.367171554;0;0.632828446;0;0;0;0.367171554;0.632828446;0
2512;CO;16-12-2025;22;88;1528;16-12-2025 21:45;RAPEL-1;4457.450106;0.367416582;0;0.632583418;0;0;0;0.367416582;0.632583418;0
2512;CO;16-12-2025;23;89;1529;16-12-2025 22:00;RAPEL-1;18455.07809;0;0;1;0;0;0;0;1;0
2512;CO;16-12-2025;23;90;1530;16-12-2025 22:15;RAPEL-1;18794.59376;0;0;1;0;0;0;0;1;0
2512;CO;16-12-2025;23;91;1531;16-12-2025 22:30;RAPEL-1;18629.19014;0;0;1;0;0;0;0;1;0
2512;CO;16-12-2025;23;92;1532;16-12-2025 22:45;RAPEL-1;18611.78036;0;0;1;0;0;0;0;1;0
2512;CO;07-12-2025;23;89;665;07-12-2025 22:00;RAPEL-2;0;1;0;0;0;0;0;1;0;0
2512;CO;16-12-2025;22;88;1528;16-12-2025 21:45;RAPEL-3;0;0;0;1;0;0;0;0;1;0
2512;CO;16-12-2025;23;89;1529;16-12-2025 22:00;RAPEL-3;85177.2835;0;0;1;0;0;0;0;1;0
2512;CO;16-12-2025;23;90;1530;16-12-2025 22:15;RAPEL-3;86744.27889;0;0;1;0;0;0;0;1;0
2512;CO;16-12-2025;23;91;1531;16-12-2025 22:30;RAPEL-3;85980.87758;0;0;1;0;0;0;0;1;0
2512;CO;16-12-2025;23;92;1532;16-12-2025 22:45;RAPEL-3;85900.52472;0;0;1;0;0;0;0;1;0
2512;CO;03-12-2025;20;79;271;03-12-2025 19:30;RAPEL-4;772.9084376;0.27664363;0;0.72335637;0;0;0;0.27664363;0.72335637;0
2512;CO;03-12-2025;20;80;272;03-12-2025 19:45;RAPEL-4;196813.3843;0.27664363;0;0.72335637;0;0;0;0.27664363;0.72335637;0
2512;CO;03-12-2025;21;81;273;03-12-2025 20:00;RAPEL-4;0;0.573170732;0.426829268;0;0;0;0;1;0;0
2512;CO;03-12-2025;21;82;274;03-12-2025 20:15;RAPEL-4;0;0.573170732;0.426829268;0;0;0;0;1;0;0
2512;CO;03-12-2025;21;83;275;03-12-2025 20:30;RAPEL-4;0;0.573170732;0.426829268;0;0;0;0;1;0;0
2512;CO;03-12-2025;21;84;276;03-12-2025 20:45;RAPEL-4;0;0.573170732;0.426829268;0;0;0;0;1;0;0
2512;CO;03-12-2025;22;85;277;03-12-2025 21:00;RAPEL-4;0;0.631067961;0.368932039;0;0;0;0;1;0;0
2512;CO;03-12-2025;22;86;278;03-12-2025 21:15;RAPEL-4;0;0.631067961;0.368932039;0;0;0;0;1;0;0
2512;CO;03-12-2025;22;87;279;03-12-2025 21:30;RAPEL-4;0;0.631067961;0.368932039;0;0;0;0;1;0;0
2512;CO;03-12-2025;22;88;280;03-12-2025 21:45;RAPEL-4;0;0.631067961;0.368932039;0;0;0;0;1;0;0
2512;CO;03-12-2025;23;89;281;03-12-2025 22:00;RAPEL-4;10941.8874;0.946784876;0;0;0.053215124;0;0;0.946784876;0.053215124;0
2512;CO;03-12-2025;23;90;282;03-12-2025 22:15;RAPEL-4;11026.21172;0.946784876;0;0;0.053215124;0;0;0.946784876;0.053215124;0
2512;CO;03-12-2025;23;91;283;03-12-2025 22:30;RAPEL-4;2314.02213;0.946784876;0;0;0.053215124;0;0;0.946784876;0.053215124;0
2512;CO;03-12-2025;24;94;286;03-12-2025 23:15;RAPEL-4;5275.612716;0.512820513;0.487179487;0;0;0;0;1;0;0
2512;CO;03-12-2025;24;95;287;03-12-2025 23:30;RAPEL-4;5346.163998;0.512820513;0.487179487;0;0;0;0;1;0;0
2512;CO;03-12-2025;24;96;288;03-12-2025 23:45;RAPEL-4;5038.451998;0.512820513;0.487179487;0;0;0;0;1;0;0
2512;CO;07-12-2025;23;89;665;07-12-2025 22:00;RAPEL-4;0;0;0;1;0;0;0;0;1;0
2512;CO;08-12-2025;21;83;755;08-12-2025 20:30;RAPEL-4;2811.127623;0.548962651;0.14482109;0.306216259;0;0;0;0.693783741;0.306216259;0
2512;CO;08-12-2025;21;84;756;08-12-2025 20:45;RAPEL-4;3328.128133;0.548962651;0.14482109;0.306216259;0;0;0;0.693783741;0.306216259;0
2512;CO;08-12-2025;22;85;757;08-12-2025 21:00;RAPEL-4;10301.35687;0;0;1;0;0;0;0;1;0
2512;CO;08-12-2025;22;86;758;08-12-2025 21:15;RAPEL-4;10540.76745;0;0;1;0;0;0;0;1;0
2512;CO;08-12-2025;22;87;759;08-12-2025 21:30;RAPEL-4;10890.66568;0;0;1;0;0;0;0;1;0
2512;CO;08-12-2025;22;88;760;08-12-2025 21:45;RAPEL-4;10927.48664;0;0;1;0;0;0;0;1;0
2512;CO;15-12-2025;7;26;1370;15-12-2025 6:15;RAPEL-4;73418.61553;0.419839056;0;0.580160944;0;0;0;0.419839056;0.580160944;0
2512;CO;15-12-2025;7;27;1371;15-12-2025 6:30;RAPEL-4;276614.8728;0.419839056;0;0.580160944;0;0;0;0.419839056;0.580160944;0
2512;CO;15-12-2025;7;28;1372;15-12-2025 6:45;RAPEL-4;78836.12927;0.419839056;0;0.580160944;0;0;0;0.419839056;0.580160944;0
2512;CO;16-12-2025;22;88;1528;16-12-2025 21:45;RAPEL-4;14187.51422;0.237589221;0;0.762410779;0;0;0;0.237589221;0.762410779;0
2512;CO;16-12-2025;23;89;1529;16-12-2025 22:00;RAPEL-4;109515.9761;0.593418182;0;0.406581818;0;0;0;0.593418182;0.406581818;0
2512;CO;16-12-2025;23;90;1530;16-12-2025 22:15;RAPEL-4;128886.4811;0.593418182;0;0.406581818;0;0;0;0.593418182;0.406581818;0
2512;CO;16-12-2025;23;91;1531;16-12-2025 22:30;RAPEL-4;132970.4936;0.593418182;0;0.406581818;0;0;0;0.593418182;0.406581818;0
2512;CO;16-12-2025;23;92;1532;16-12-2025 22:45;RAPEL-4;132846.2269;0.593418182;0;0.406581818;0;0;0;0.593418182;0.406581818;0
